transaction_id,timestamp,customer_id,amount,country,payment_type,device_type,previous_transactions,transaction_velocity,is_new_device,hour,fraud
TX-100000,2026-08-09 01:22:44.945403,CUST-10114,2.99,France,Carrier Billing,Android,4,2,0,1,0
TX-100001,2026-06-14 17:57:44.945403,CUST-10030,2.99,Spain,Carrier Billing,Web,19,1,0,17,0
TX-100002,2026-08-14 16:36:44.945403,CUST-10558,9.99,Spain,Credit Card,Web,8,1,0,16,0
TX-100003,2026-07-12 19:49:44.945403,CUST-10284,4.99,Spain,Credit Card,Android,2,7,0,19,0
TX-100004,2026-07-13 03:54:44.945403,CUST-10618,6.99,Pakistan,Mobile Wallet,iOS,17,2,1,3,0
TX-100005,2026-07-08 12:59:44.945403,CUST-10849,19.99,United Kingdom,Credit Card,Web,6,2,0,12,0
TX-100006,2026-08-21 05:19:44.945403,CUST-10296,2.99,Spain,Carrier Billing,iOS,8,8,1,5,1
TX-100007,2026-07-14 04:38:44.945403,CUST-10214,19.99,France,Mobile Wallet,Web,20,2,0,4,0
TX-100008,2026-07-04 03:19:44.945403,CUST-10167,9.99,Germany,Credit Card,Web,22,4,1,3,0
TX-100009,2026-08-21 11:43:44.945403,CUST-10057,4.99,Pakistan,Credit Card,iOS,8,2,0,11,0
TX-100010,2026-08-02 11:33:44.945403,CUST-10897,19.99,France,Carrier Billing,Web,15,7,1,11,1
TX-100011,2026-06-24 13:33:44.945403,CUST-10252,19.99,United Kingdom,Mobile Wallet,iOS,23,7,1,13,1
TX-100012,2026-06-24 10:43:44.945403,CUST-10521,9.99,Pakistan,Carrier Billing,Android,4,3,1,10,0
TX-100013,2026-07-16 21:04:44.945403,CUST-10390,14.99,Germany,Mobile Wallet,iOS,17,1,0,21,0
TX-100014,2026-07-30 17:33:44.945403,CUST-10768,6.99,France,Carrier Billing,iOS,13,3,1,17,1
TX-100015,2026-08-16 13:58:44.945403,CUST-10896,19.99,France,Mobile Wallet,Android,16,2,1,13,0
TX-100016,2026-07-28 01:32:44.945403,CUST-10623,4.99,Spain,Credit Card,Android,17,1,1,1,0
TX-100017,2026-06-22 00:54:44.945403,CUST-10951,6.99,France,Carrier Billing,Android,7,2,0,0,0
TX-100018,2026-08-25 03:09:44.945403,CUST-10070,14.99,Spain,Carrier Billing,Web,15,3,1,3,0
TX-100019,2026-08-06 01:39:44.945403,CUST-10433,4.99,United Kingdom,Mobile Wallet,Web,6,5,1,1,0
TX-100020,2026-08-10 00:12:44.945403,CUST-10382,9.99,United Kingdom,Credit Card,Android,7,4,0,0,0
TX-100021,2026-08-04 09:42:44.945403,CUST-10567,4.99,United Kingdom,Carrier Billing,Android,2,1,0,9,0
TX-100022,2026-06-14 17:09:44.945403,CUST-10880,6.99,Pakistan,Mobile Wallet,Android,8,8,0,17,0
TX-100023,2026-08-16 16:43:44.945403,CUST-10957,14.99,United Kingdom,Credit Card,Android,25,8,1,16,1
TX-100024,2026-06-20 16:16:44.945403,CUST-10674,9.99,France,Credit Card,iOS,14,1,0,16,0
TX-100025,2026-08-17 03:20:44.945403,CUST-10347,2.99,Spain,Carrier Billing,Android,17,8,0,3,1
TX-100026,2026-07-07 05:01:44.945403,CUST-10473,4.99,Pakistan,Credit Card,Web,3,1,0,5,0
TX-100027,2026-09-04 04:12:44.945403,CUST-10771,4.99,Spain,Credit Card,iOS,15,4,1,4,0
TX-100028,2026-06-26 20:11:44.945403,CUST-10388,2.99,Germany,Credit Card,iOS,9,7,1,20,0
TX-100029,2026-07-08 20:42:44.945403,CUST-10222,2.99,United Kingdom,Mobile Wallet,Web,1,6,0,20,0
TX-100030,2026-07-25 06:05:44.945403,CUST-10514,14.99,Spain,Carrier Billing,Web,2,3,0,6,0
TX-100031,2026-08-12 07:33:44.945403,CUST-10882,4.99,Germany,Carrier Billing,Web,7,1,0,7,0
TX-100032,2026-08-03 23:35:44.945403,CUST-10578,14.99,France,Credit Card,Android,21,6,0,23,0
TX-100033,2026-06-23 18:26:44.945403,CUST-10687,19.99,France,Credit Card,iOS,29,2,0,18,0
TX-100034,2026-08-02 02:24:44.945403,CUST-10102,2.99,United Kingdom,Carrier Billing,Web,8,3,1,2,0
TX-100035,2026-08-30 21:19:44.945403,CUST-10250,6.99,France,Carrier Billing,iOS,26,5,0,21,0
TX-100036,2026-08-01 08:04:44.945403,CUST-10306,19.99,Pakistan,Carrier Billing,iOS,3,2,0,8,0
TX-100037,2026-08-05 21:48:44.945403,CUST-10215,19.99,France,Carrier Billing,Web,20,5,1,21,0
TX-100038,2026-09-02 12:26:44.945403,CUST-10866,2.99,Pakistan,Mobile Wallet,iOS,26,5,0,12,1
TX-100039,2026-08-21 01:04:44.945403,CUST-10133,19.99,France,Carrier Billing,Web,14,7,0,1,1
TX-100040,2026-09-05 21:01:44.945403,CUST-10904,19.99,Spain,Mobile Wallet,Android,26,6,0,21,0
TX-100041,2026-06-15 15:54:44.945403,CUST-10315,6.99,Pakistan,Credit Card,Android,21,4,0,15,0
TX-100042,2026-08-01 19:37:44.945403,CUST-10905,9.99,United Kingdom,Mobile Wallet,Android,29,4,0,19,0
TX-100043,2026-08-24 15:41:44.945403,CUST-10181,9.99,Pakistan,Carrier Billing,Web,29,6,1,15,0
TX-100044,2026-08-29 12:06:44.945403,CUST-10752,4.99,France,Carrier Billing,Web,3,7,0,12,0
TX-100045,2026-07-02 02:26:44.945403,CUST-10204,9.99,France,Credit Card,Android,7,1,0,2,0
TX-100046,2026-07-07 05:09:44.945403,CUST-10885,2.99,France,Credit Card,Web,16,7,1,5,0
TX-100047,2026-06-22 08:30:44.945403,CUST-10898,6.99,Spain,Mobile Wallet,iOS,1,2,1,8,0
TX-100048,2026-08-22 10:30:44.945403,CUST-10321,9.99,United Kingdom,Mobile Wallet,Android,12,4,1,10,0
TX-100049,2026-07-21 13:06:44.945403,CUST-10001,14.99,United Kingdom,Mobile Wallet,Web,30,4,1,13,0
TX-100050,2026-09-06 05:22:44.945403,CUST-10680,6.99,United Kingdom,Credit Card,Web,27,2,1,5,0
TX-100051,2026-08-11 13:22:44.945403,CUST-10418,6.99,Germany,Mobile Wallet,iOS,17,3,0,13,0
TX-100052,2026-09-05 10:47:44.945403,CUST-10388,19.99,Spain,Mobile Wallet,Web,9,7,0,10,0
TX-100053,2026-06-30 23:41:44.945403,CUST-10440,14.99,United Kingdom,Mobile Wallet,iOS,14,8,1,23,1
TX-100054,2026-07-28 09:12:44.945403,CUST-10484,19.99,Spain,Mobile Wallet,Android,9,6,0,9,0
TX-100055,2026-08-19 05:25:44.945403,CUST-10240,19.99,France,Carrier Billing,Android,4,1,0,5,0
TX-100056,2026-07-25 02:29:44.945403,CUST-10625,2.99,Germany,Credit Card,Web,18,4,1,2,0
TX-100057,2026-07-04 01:31:44.945403,CUST-10151,19.99,Pakistan,Carrier Billing,iOS,7,3,1,1,0
TX-100058,2026-07-04 12:54:44.945403,CUST-10939,2.99,Germany,Carrier Billing,iOS,21,6,1,12,0
TX-100059,2026-08-16 07:48:44.945403,CUST-10913,14.99,Germany,Mobile Wallet,iOS,28,3,1,7,0
TX-100060,2026-08-19 06:48:44.945403,CUST-10253,19.99,France,Mobile Wallet,iOS,20,4,1,6,0
TX-100061,2026-08-15 19:17:44.945403,CUST-10292,4.99,France,Credit Card,iOS,28,2,0,19,0
TX-100062,2026-07-16 17:17:44.945403,CUST-10710,4.99,Spain,Carrier Billing,iOS,13,6,1,17,0
TX-100063,2026-06-30 16:22:44.945403,CUST-10852,9.99,Germany,Mobile Wallet,Web,0,7,1,16,1
TX-100064,2026-07-13 20:57:44.945403,CUST-10305,9.99,Germany,Mobile Wallet,Web,23,4,1,20,0
TX-100065,2026-07-21 12:37:44.945403,CUST-10497,2.99,Germany,Credit Card,Web,21,7,0,12,0
TX-100066,2026-09-03 13:18:44.945403,CUST-10130,14.99,United Kingdom,Carrier Billing,iOS,18,1,0,13,0
TX-100067,2026-06-24 04:58:44.945403,CUST-10887,9.99,Spain,Carrier Billing,iOS,12,6,0,4,0
TX-100068,2026-07-12 13:48:44.945403,CUST-10779,9.99,France,Credit Card,iOS,26,2,1,13,0
TX-100069,2026-07-30 22:54:44.945403,CUST-10053,6.99,Spain,Mobile Wallet,Android,24,1,0,22,0
TX-100070,2026-06-30 00:02:44.945403,CUST-10859,2.99,United Kingdom,Carrier Billing,Android,4,8,0,0,1
TX-100071,2026-07-01 16:41:44.945403,CUST-10476,19.99,France,Credit Card,Android,19,2,0,16,0
TX-100072,2026-06-21 16:40:44.945403,CUST-10592,2.99,France,Mobile Wallet,Web,29,7,1,16,0
TX-100073,2026-06-29 21:47:44.945403,CUST-10077,14.99,Spain,Carrier Billing,Web,24,5,0,21,0
TX-100074,2026-08-02 08:49:44.945403,CUST-10801,2.99,France,Mobile Wallet,iOS,21,6,0,8,0
TX-100075,2026-07-12 21:57:44.945403,CUST-10012,9.99,Germany,Carrier Billing,iOS,30,6,1,21,0
TX-100076,2026-07-21 11:52:44.945403,CUST-10180,19.99,United Kingdom,Mobile Wallet,iOS,19,8,1,11,1
TX-100077,2026-08-17 09:29:44.945403,CUST-10606,6.99,France,Carrier Billing,Android,8,8,0,9,0
TX-100078,2026-08-02 17:23:44.945403,CUST-10624,19.99,Germany,Credit Card,Android,15,6,0,17,0
TX-100079,2026-07-14 03:39:44.945403,CUST-10816,6.99,France,Credit Card,Web,22,5,0,3,0
TX-100080,2026-06-29 05:54:44.945403,CUST-10087,4.99,Germany,Credit Card,Web,24,4,1,5,0
TX-100081,2026-07-26 12:44:44.945403,CUST-10458,2.99,Pakistan,Credit Card,Android,12,4,1,12,0
TX-100082,2026-07-15 10:40:44.945403,CUST-10484,14.99,United Kingdom,Credit Card,iOS,23,6,1,10,0
TX-100083,2026-07-06 12:21:44.945403,CUST-10313,6.99,Spain,Carrier Billing,Web,6,6,0,12,0
TX-100084,2026-09-06 09:45:44.945403,CUST-10780,19.99,Spain,Carrier Billing,Android,23,8,1,9,1
TX-100085,2026-09-08 17:57:44.945403,CUST-10778,14.99,United Kingdom,Credit Card,Android,26,4,1,17,0
TX-100086,2026-06-28 04:31:44.945403,CUST-10309,2.99,United Kingdom,Carrier Billing,iOS,1,1,1,4,0
TX-100087,2026-06-23 08:23:44.945403,CUST-10653,9.99,Pakistan,Carrier Billing,Web,9,8,1,8,1
TX-100088,2026-06-28 15:16:44.945403,CUST-10988,2.99,France,Credit Card,Android,26,2,1,15,0
TX-100089,2026-08-03 09:03:44.945403,CUST-10644,19.99,Pakistan,Carrier Billing,Android,25,5,0,9,0
TX-100090,2026-06-22 15:17:44.945403,CUST-10571,9.99,United Kingdom,Mobile Wallet,Web,7,7,1,15,0
TX-100091,2026-07-08 22:06:44.945403,CUST-10880,14.99,Germany,Credit Card,Web,19,1,0,22,0
TX-100092,2026-06-30 18:27:44.945403,CUST-10640,4.99,France,Mobile Wallet,Android,5,4,0,18,0
TX-100093,2026-06-26 02:29:44.945403,CUST-10002,9.99,Germany,Mobile Wallet,Web,15,5,0,2,0
TX-100094,2026-08-15 04:54:44.945403,CUST-10289,19.99,Germany,Carrier Billing,Web,7,5,0,4,0
TX-100095,2026-07-31 10:08:44.945403,CUST-10230,19.99,Spain,Credit Card,Android,2,1,0,10,0
TX-100096,2026-08-05 00:25:44.945403,CUST-10766,14.99,France,Credit Card,Android,14,5,1,0,0
TX-100097,2026-07-27 09:49:44.945403,CUST-10552,9.99,Germany,Carrier Billing,Web,1,7,1,9,1
TX-100098,2026-06-14 05:02:44.945403,CUST-10093,4.99,United Kingdom,Mobile Wallet,Android,24,5,0,5,0
TX-100099,2026-06-27 19:14:44.945403,CUST-10481,14.99,Germany,Credit Card,Android,18,7,1,19,0
TX-100100,2026-07-24 15:17:44.945403,CUST-10356,9.99,France,Credit Card,Web,3,3,1,15,0
TX-100101,2026-07-26 22:54:44.945403,CUST-10295,19.99,Germany,Mobile Wallet,Android,14,2,1,22,0
TX-100102,2026-06-22 09:46:44.945403,CUST-10993,9.99,United Kingdom,Carrier Billing,Web,27,8,1,9,1
TX-100103,2026-07-29 01:04:44.945403,CUST-10370,14.99,Germany,Mobile Wallet,iOS,24,1,0,1,0
TX-100104,2026-06-23 18:44:44.945403,CUST-10949,6.99,Germany,Mobile Wallet,iOS,3,1,0,18,0
TX-100105,2026-07-10 03:22:44.945403,CUST-10564,2.99,United Kingdom,Credit Card,Android,7,2,1,3,0
TX-100106,2026-08-09 19:28:44.945403,CUST-10852,4.99,Germany,Mobile Wallet,iOS,16,5,1,19,0
TX-100107,2026-09-09 01:54:44.945403,CUST-10483,4.99,Germany,Mobile Wallet,Android,12,4,0,1,0
TX-100108,2026-07-07 00:00:44.945403,CUST-10791,9.99,France,Mobile Wallet,iOS,26,1,1,0,0
TX-100109,2026-08-27 02:01:44.945403,CUST-10601,14.99,Germany,Carrier Billing,iOS,17,8,1,2,1
TX-100110,2026-08-20 07:03:44.945403,CUST-10556,9.99,Germany,Credit Card,Android,22,4,1,7,0
TX-100111,2026-08-21 10:44:44.945403,CUST-10420,2.99,France,Mobile Wallet,iOS,22,7,1,10,0
TX-100112,2026-08-22 23:32:44.945403,CUST-10840,19.99,Spain,Credit Card,Android,4,6,0,23,0
TX-100113,2026-07-21 22:23:44.945403,CUST-10102,14.99,Germany,Carrier Billing,Web,4,7,0,22,0
TX-100114,2026-08-21 23:48:44.945403,CUST-10992,6.99,France,Mobile Wallet,Web,12,2,1,23,0
TX-100115,2026-08-29 01:47:44.945403,CUST-10546,9.99,France,Mobile Wallet,Web,28,8,0,1,1
TX-100116,2026-07-03 05:23:44.945403,CUST-10646,19.99,France,Carrier Billing,Web,2,7,0,5,1
TX-100117,2026-08-14 22:12:44.945403,CUST-10893,2.99,Germany,Carrier Billing,Web,9,1,0,22,0
TX-100118,2026-06-16 23:07:44.945403,CUST-10300,6.99,France,Credit Card,Android,7,7,0,23,0
TX-100119,2026-06-19 01:02:44.945403,CUST-10624,9.99,United Kingdom,Mobile Wallet,Android,15,3,0,1,0
TX-100120,2026-07-04 23:21:44.945403,CUST-10470,6.99,Pakistan,Credit Card,iOS,21,3,0,23,0
TX-100121,2026-07-13 07:25:44.945403,CUST-10601,6.99,Germany,Mobile Wallet,iOS,14,5,0,7,0
TX-100122,2026-08-28 12:40:44.945403,CUST-10494,2.99,Spain,Credit Card,Web,11,5,1,12,0
TX-100123,2026-08-26 09:46:44.945403,CUST-10674,9.99,France,Carrier Billing,Web,27,1,1,9,0
TX-100124,2026-09-02 01:01:44.945403,CUST-10293,4.99,United Kingdom,Credit Card,Android,20,4,1,1,0
TX-100125,2026-08-16 11:25:44.945403,CUST-10785,19.99,Spain,Mobile Wallet,Android,28,1,1,11,0
TX-100126,2026-06-14 21:25:44.945403,CUST-10593,6.99,Spain,Carrier Billing,iOS,10,7,0,21,0
TX-100127,2026-08-22 10:41:44.945403,CUST-10552,6.99,United Kingdom,Mobile Wallet,iOS,26,3,1,10,0
TX-100128,2026-09-05 19:08:44.945403,CUST-10493,6.99,France,Carrier Billing,iOS,30,2,0,19,0
TX-100129,2026-07-02 09:23:44.945403,CUST-10880,19.99,Germany,Mobile Wallet,iOS,2,7,0,9,1
TX-100130,2026-06-23 02:31:44.945403,CUST-10465,6.99,France,Mobile Wallet,iOS,26,6,0,2,0
TX-100131,2026-07-24 18:29:44.945403,CUST-10025,14.99,United Kingdom,Credit Card,Web,7,2,1,18,0
TX-100132,2026-07-09 08:40:44.945403,CUST-10664,9.99,Pakistan,Carrier Billing,Android,30,1,1,8,0
TX-100133,2026-06-22 10:12:44.945403,CUST-10099,4.99,United Kingdom,Carrier Billing,iOS,14,6,1,10,0
TX-100134,2026-08-16 23:48:44.945403,CUST-10158,9.99,Pakistan,Credit Card,Web,13,5,0,23,0
TX-100135,2026-07-01 15:09:44.945403,CUST-10454,9.99,Spain,Credit Card,Android,21,6,1,15,0
TX-100136,2026-07-06 23:12:44.945403,CUST-10194,2.99,Germany,Carrier Billing,Web,6,1,0,23,0
TX-100137,2026-07-04 00:37:44.945403,CUST-10128,14.99,Spain,Carrier Billing,Web,6,4,0,0,0
TX-100138,2026-06-25 06:52:44.945403,CUST-10807,14.99,Pakistan,Credit Card,Android,4,5,0,6,0
TX-100139,2026-08-29 17:19:44.945403,CUST-10026,4.99,Pakistan,Credit Card,Android,18,6,0,17,0
TX-100140,2026-06-16 15:00:44.945403,CUST-10129,19.99,Germany,Mobile Wallet,Android,23,2,1,15,0
TX-100141,2026-07-14 19:25:44.945403,CUST-10525,14.99,Pakistan,Credit Card,Web,7,1,1,19,0
TX-100142,2026-09-07 14:28:44.945403,CUST-10031,2.99,Germany,Credit Card,iOS,21,2,1,14,0
TX-100143,2026-07-22 05:30:44.945403,CUST-10075,2.99,France,Mobile Wallet,Android,2,3,1,5,0
TX-100144,2026-08-04 03:16:44.945403,CUST-10561,19.99,France,Credit Card,Web,16,5,1,3,0
TX-100145,2026-07-21 00:19:44.945403,CUST-10101,19.99,Pakistan,Mobile Wallet,Web,28,4,1,0,0
TX-100146,2026-07-02 15:41:44.945403,CUST-10423,6.99,Germany,Credit Card,iOS,23,2,1,15,0
TX-100147,2026-08-11 09:29:44.945403,CUST-10261,6.99,Spain,Mobile Wallet,iOS,2,2,0,9,0
TX-100148,2026-06-20 15:28:44.945403,CUST-10762,19.99,France,Carrier Billing,Web,1,6,0,15,0
TX-100149,2026-08-30 08:57:44.945403,CUST-10681,9.99,Pakistan,Credit Card,Web,9,6,0,8,0
TX-100150,2026-07-01 05:16:44.945403,CUST-10158,19.99,Germany,Carrier Billing,Android,11,6,0,5,0
TX-100151,2026-08-03 02:40:44.945403,CUST-10231,9.99,United Kingdom,Mobile Wallet,Web,21,1,1,2,0
TX-100152,2026-07-06 17:30:44.945403,CUST-10719,6.99,France,Credit Card,Android,5,3,1,17,0
TX-100153,2026-08-18 07:12:44.945403,CUST-10648,2.99,Pakistan,Mobile Wallet,Web,6,7,1,7,0
TX-100154,2026-06-26 04:23:44.945403,CUST-10378,6.99,France,Mobile Wallet,Web,2,1,0,4,0
TX-100155,2026-08-07 02:13:44.945403,CUST-10050,19.99,Pakistan,Credit Card,iOS,21,7,1,2,1
TX-100156,2026-07-19 13:19:44.945403,CUST-10279,4.99,United Kingdom,Carrier Billing,iOS,13,2,1,13,0
TX-100157,2026-08-04 20:15:44.945403,CUST-10498,14.99,France,Carrier Billing,Android,12,1,0,20,0
TX-100158,2026-09-05 21:37:44.945403,CUST-10216,4.99,France,Credit Card,iOS,3,1,1,21,0
TX-100159,2026-06-27 20:20:44.945403,CUST-10132,9.99,United Kingdom,Mobile Wallet,Android,16,6,0,20,0
TX-100160,2026-08-18 09:32:44.945403,CUST-10043,9.99,Pakistan,Credit Card,Android,27,6,1,9,0
TX-100161,2026-08-15 10:27:44.945403,CUST-10655,9.99,France,Carrier Billing,iOS,0,6,0,10,0
TX-100162,2026-08-07 02:50:44.945403,CUST-10471,19.99,France,Carrier Billing,iOS,27,2,0,2,0
TX-100163,2026-07-18 07:19:44.945403,CUST-10536,2.99,Germany,Credit Card,Web,10,4,1,7,0
TX-100164,2026-06-18 19:23:44.945403,CUST-10522,19.99,Pakistan,Mobile Wallet,Web,6,6,1,19,0
TX-100165,2026-08-25 09:33:44.945403,CUST-10660,4.99,Spain,Carrier Billing,Android,8,4,0,9,0
TX-100166,2026-08-20 01:14:44.945403,CUST-10777,19.99,Pakistan,Carrier Billing,Web,15,8,1,1,1
TX-100167,2026-08-31 03:23:44.945403,CUST-10578,19.99,United Kingdom,Credit Card,Web,10,3,1,3,0
TX-100168,2026-07-22 02:33:44.945403,CUST-10646,6.99,France,Mobile Wallet,Android,11,2,1,2,0
TX-100169,2026-06-15 06:41:44.945403,CUST-10058,6.99,France,Carrier Billing,Web,27,2,1,6,0
TX-100170,2026-08-01 07:27:44.945403,CUST-10977,19.99,Pakistan,Credit Card,Web,20,4,1,7,0
TX-100171,2026-07-27 11:47:44.945403,CUST-10154,2.99,Germany,Carrier Billing,iOS,22,2,0,11,0
TX-100172,2026-08-15 06:21:44.945403,CUST-10448,9.99,United Kingdom,Mobile Wallet,Web,5,6,1,6,0
TX-100173,2026-07-17 02:51:44.945403,CUST-10418,6.99,United Kingdom,Carrier Billing,Web,20,6,0,2,0
TX-100174,2026-08-01 15:25:44.945403,CUST-10694,9.99,France,Credit Card,Web,27,3,1,15,0
TX-100175,2026-08-11 06:12:44.945403,CUST-10144,6.99,France,Mobile Wallet,Web,21,7,0,6,0
TX-100176,2026-09-05 05:37:44.945403,CUST-10086,6.99,United Kingdom,Credit Card,Web,25,6,0,5,0
TX-100177,2026-08-26 07:25:44.945403,CUST-10969,19.99,United Kingdom,Carrier Billing,Web,21,7,1,7,1
TX-100178,2026-07-09 23:15:44.945403,CUST-10184,4.99,France,Credit Card,Android,7,3,0,23,0
TX-100179,2026-08-27 17:12:44.945403,CUST-10807,2.99,United Kingdom,Mobile Wallet,Web,28,1,1,17,0
TX-100180,2026-08-07 02:38:44.945403,CUST-10134,14.99,Germany,Carrier Billing,Android,5,3,1,2,0
TX-100181,2026-07-15 00:21:44.945403,CUST-10692,19.99,Spain,Credit Card,Web,9,8,0,0,1
TX-100182,2026-07-10 00:34:44.945403,CUST-10988,9.99,Spain,Credit Card,Web,30,8,1,0,1
TX-100183,2026-08-21 16:22:44.945403,CUST-10391,14.99,United Kingdom,Credit Card,Android,26,4,0,16,0
TX-100184,2026-06-16 14:31:44.945403,CUST-10656,9.99,France,Mobile Wallet,Android,22,2,1,14,0
TX-100185,2026-06-26 10:44:44.945403,CUST-10279,9.99,United Kingdom,Carrier Billing,iOS,2,4,1,10,0
TX-100186,2026-09-04 13:10:44.945403,CUST-10027,9.99,Pakistan,Credit Card,Web,11,4,1,13,0
TX-100187,2026-07-15 23:32:44.945403,CUST-10229,2.99,France,Carrier Billing,Web,20,6,0,23,0
TX-100188,2026-07-07 23:13:44.945403,CUST-10939,9.99,Spain,Mobile Wallet,iOS,14,1,0,23,0
TX-100189,2026-07-01 11:38:44.945403,CUST-10855,4.99,United Kingdom,Mobile Wallet,Web,16,7,0,11,0
TX-100190,2026-07-03 11:39:44.945403,CUST-10308,2.99,Pakistan,Carrier Billing,iOS,20,8,0,11,0
TX-100191,2026-09-02 05:51:44.945403,CUST-10511,14.99,United Kingdom,Carrier Billing,Web,16,4,0,5,0
TX-100192,2026-06-11 23:57:44.945403,CUST-10629,6.99,Spain,Mobile Wallet,iOS,5,2,1,23,0
TX-100193,2026-07-29 17:43:44.945403,CUST-10557,14.99,United Kingdom,Mobile Wallet,Android,12,8,0,17,0
TX-100194,2026-09-09 03:38:44.945403,CUST-10382,6.99,Pakistan,Credit Card,Android,11,4,0,3,0
TX-100195,2026-08-17 18:34:44.945403,CUST-10774,6.99,Spain,Carrier Billing,iOS,17,6,0,18,0
TX-100196,2026-08-13 04:14:44.945403,CUST-10475,19.99,Germany,Mobile Wallet,Android,25,3,0,4,0
TX-100197,2026-09-05 17:52:44.945403,CUST-10468,2.99,France,Carrier Billing,Android,25,4,0,17,0
TX-100198,2026-07-10 01:54:44.945403,CUST-10527,9.99,United Kingdom,Credit Card,iOS,1,4,1,1,0
TX-100199,2026-08-21 22:18:44.945403,CUST-10048,19.99,France,Credit Card,Android,25,6,1,22,0
TX-100200,2026-08-18 12:18:44.945403,CUST-10450,9.99,France,Carrier Billing,iOS,22,8,1,12,1
TX-100201,2026-07-29 02:54:44.945403,CUST-10273,2.99,Germany,Carrier Billing,iOS,19,3,1,2,0
TX-100202,2026-06-19 03:26:44.945403,CUST-10335,19.99,France,Credit Card,iOS,19,7,0,3,1
TX-100203,2026-07-13 20:29:44.945403,CUST-10457,2.99,France,Mobile Wallet,iOS,8,1,0,20,0
TX-100204,2026-07-18 19:54:44.945403,CUST-10372,14.99,Spain,Carrier Billing,Android,27,8,0,19,0
TX-100205,2026-07-03 08:04:44.945403,CUST-10797,19.99,France,Credit Card,iOS,30,1,0,8,0
TX-100206,2026-09-06 05:16:44.945403,CUST-10379,6.99,Germany,Carrier Billing,Web,4,6,1,5,0
TX-100207,2026-07-07 05:20:44.945403,CUST-10255,2.99,Pakistan,Mobile Wallet,Android,15,7,0,5,0
TX-100208,2026-07-05 13:08:44.945403,CUST-10720,9.99,Spain,Mobile Wallet,iOS,22,8,0,13,0
TX-100209,2026-08-28 11:33:44.945403,CUST-10075,9.99,Spain,Mobile Wallet,iOS,2,6,1,11,0
TX-100210,2026-07-31 22:01:44.945403,CUST-10555,6.99,France,Carrier Billing,Web,22,3,1,22,0
TX-100211,2026-06-22 21:39:44.945403,CUST-10205,4.99,Spain,Credit Card,Android,11,6,1,21,0
TX-100212,2026-08-01 01:37:44.945403,CUST-10132,14.99,Pakistan,Carrier Billing,iOS,12,8,1,1,1
TX-100213,2026-08-25 19:08:44.945403,CUST-10588,2.99,Spain,Credit Card,Web,2,8,1,19,1
TX-100214,2026-07-13 05:08:44.945403,CUST-10131,14.99,United Kingdom,Carrier Billing,Android,13,1,0,5,0
TX-100215,2026-07-09 12:54:44.945403,CUST-10168,4.99,France,Mobile Wallet,Android,11,5,0,12,0
TX-100216,2026-08-08 15:50:44.945403,CUST-10979,14.99,France,Carrier Billing,Web,9,2,0,15,0
TX-100217,2026-08-03 16:58:44.945403,CUST-10157,4.99,United Kingdom,Mobile Wallet,Web,10,1,0,16,0
TX-100218,2026-09-06 04:39:44.945403,CUST-10656,14.99,France,Mobile Wallet,Android,24,7,0,4,0
TX-100219,2026-08-07 22:35:44.945403,CUST-10558,6.99,France,Credit Card,Android,25,7,1,22,0
TX-100220,2026-08-13 12:49:44.945403,CUST-10061,4.99,Germany,Credit Card,iOS,14,4,1,12,0
TX-100221,2026-07-10 07:22:44.945403,CUST-10882,19.99,France,Mobile Wallet,iOS,12,3,1,7,0
TX-100222,2026-06-21 12:29:44.945403,CUST-10326,4.99,Germany,Carrier Billing,iOS,14,4,0,12,0
TX-100223,2026-07-08 06:30:44.945403,CUST-10968,9.99,United Kingdom,Credit Card,Android,30,3,1,6,0
TX-100224,2026-08-16 11:51:44.945403,CUST-10320,4.99,Spain,Credit Card,Web,14,8,1,11,1
TX-100225,2026-06-20 01:14:44.945403,CUST-10967,9.99,United Kingdom,Credit Card,Android,6,6,0,1,0
TX-100226,2026-07-26 21:38:44.945403,CUST-10611,19.99,Germany,Credit Card,Web,0,2,1,21,0
TX-100227,2026-07-05 22:16:44.945403,CUST-10744,6.99,Germany,Credit Card,Android,12,1,0,22,0
TX-100228,2026-07-08 02:59:44.945403,CUST-10075,9.99,United Kingdom,Credit Card,Web,8,2,0,2,0
TX-100229,2026-07-17 17:01:44.945403,CUST-10382,6.99,United Kingdom,Credit Card,Android,6,7,0,17,0
TX-100230,2026-06-24 07:53:44.945403,CUST-10730,6.99,Germany,Mobile Wallet,iOS,4,3,1,7,0
TX-100231,2026-07-10 20:22:44.945403,CUST-10166,9.99,United Kingdom,Mobile Wallet,iOS,18,6,1,20,0
TX-100232,2026-07-09 03:26:44.945403,CUST-10486,2.99,France,Credit Card,Web,3,7,1,3,1
TX-100233,2026-08-16 21:01:44.945403,CUST-10893,19.99,Pakistan,Mobile Wallet,iOS,8,4,0,21,0
TX-100234,2026-06-27 09:01:44.945403,CUST-10536,19.99,United Kingdom,Credit Card,Android,26,4,0,9,0
TX-100235,2026-08-14 14:50:44.945403,CUST-10112,4.99,Pakistan,Credit Card,iOS,13,3,1,14,0
TX-100236,2026-07-19 05:00:44.945403,CUST-10513,14.99,Germany,Mobile Wallet,Web,1,3,0,5,0
TX-100237,2026-08-11 03:11:44.945403,CUST-10489,14.99,Germany,Credit Card,Android,14,6,1,3,0
TX-100238,2026-08-29 19:57:44.945403,CUST-10738,19.99,France,Mobile Wallet,iOS,6,4,1,19,0
TX-100239,2026-07-02 07:45:44.945403,CUST-10964,6.99,France,Mobile Wallet,Android,22,8,1,7,1
TX-100240,2026-08-01 20:56:44.945403,CUST-10956,19.99,France,Credit Card,Android,18,7,1,20,1
TX-100241,2026-09-06 17:54:44.945403,CUST-10791,4.99,France,Carrier Billing,iOS,30,2,1,17,0
TX-100242,2026-08-10 13:31:44.945403,CUST-10262,19.99,Germany,Carrier Billing,Android,26,5,1,13,0
TX-100243,2026-08-06 21:30:44.945403,CUST-10758,14.99,Spain,Carrier Billing,Android,21,4,0,21,0
TX-100244,2026-07-19 11:24:44.945403,CUST-10338,19.99,Germany,Carrier Billing,Web,24,3,0,11,0
TX-100245,2026-09-08 20:48:44.945403,CUST-10951,4.99,Germany,Mobile Wallet,iOS,15,4,1,20,0
TX-100246,2026-08-09 15:31:44.945403,CUST-10060,2.99,United Kingdom,Carrier Billing,Web,23,1,0,15,0
TX-100247,2026-08-27 02:18:44.945403,CUST-10180,2.99,Germany,Credit Card,Android,29,5,0,2,1
TX-100248,2026-08-02 13:15:44.945403,CUST-10617,2.99,France,Credit Card,iOS,20,8,0,13,0
TX-100249,2026-07-24 10:56:44.945403,CUST-10279,4.99,Pakistan,Credit Card,Android,23,8,1,10,1
TX-100250,2026-06-13 03:18:44.945403,CUST-10754,6.99,France,Mobile Wallet,Web,24,4,0,3,0
TX-100251,2026-08-08 23:51:44.945403,CUST-10918,9.99,Germany,Mobile Wallet,iOS,2,7,0,23,0
TX-100252,2026-06-24 15:42:44.945403,CUST-10488,6.99,Spain,Carrier Billing,iOS,12,4,1,15,0
TX-100253,2026-09-06 16:39:44.945403,CUST-10337,6.99,United Kingdom,Mobile Wallet,Web,0,5,1,16,0
TX-100254,2026-06-17 12:14:44.945403,CUST-10683,2.99,Germany,Credit Card,Android,12,5,0,12,0
TX-100255,2026-09-05 11:22:44.945403,CUST-10302,6.99,United Kingdom,Carrier Billing,Android,30,3,1,11,0
TX-100256,2026-08-18 21:59:44.945403,CUST-10620,6.99,Germany,Mobile Wallet,Web,29,8,0,21,0
TX-100257,2026-08-12 18:45:44.945403,CUST-10772,14.99,Pakistan,Mobile Wallet,iOS,16,6,0,18,0
TX-100258,2026-06-22 01:39:44.945403,CUST-10063,14.99,United Kingdom,Carrier Billing,Web,17,3,0,1,0
TX-100259,2026-07-29 05:14:44.945403,CUST-10452,2.99,Spain,Mobile Wallet,Web,15,2,1,5,0
TX-100260,2026-07-23 03:04:44.945403,CUST-10135,14.99,Germany,Credit Card,Web,1,8,1,3,1
TX-100261,2026-07-17 21:29:44.945403,CUST-10260,2.99,Spain,Mobile Wallet,Android,1,7,1,21,1
TX-100262,2026-07-31 02:43:44.945403,CUST-10061,2.99,Germany,Carrier Billing,iOS,13,3,0,2,0
TX-100263,2026-09-08 21:44:44.945403,CUST-10746,19.99,Germany,Credit Card,iOS,14,7,1,21,1
TX-100264,2026-09-07 14:44:44.945403,CUST-10677,14.99,Spain,Mobile Wallet,iOS,3,3,1,14,0
TX-100265,2026-08-17 02:33:44.945403,CUST-10228,2.99,Pakistan,Credit Card,iOS,21,7,1,2,1
TX-100266,2026-07-04 09:13:44.945403,CUST-10471,6.99,Spain,Credit Card,Android,29,2,0,9,0
TX-100267,2026-07-20 00:22:44.945403,CUST-10629,2.99,Spain,Carrier Billing,Android,3,1,1,0,0
TX-100268,2026-08-14 20:53:44.945403,CUST-10893,2.99,Spain,Mobile Wallet,Android,12,8,0,20,0
TX-100269,2026-08-19 12:30:44.945403,CUST-10884,2.99,Spain,Mobile Wallet,iOS,7,6,1,12,0
TX-100270,2026-08-30 14:44:44.945403,CUST-10146,19.99,United Kingdom,Carrier Billing,iOS,9,5,0,14,0
TX-100271,2026-08-04 17:02:44.945403,CUST-10900,19.99,Spain,Mobile Wallet,Web,13,8,0,17,1
TX-100272,2026-09-05 13:27:44.945403,CUST-10658,19.99,Germany,Mobile Wallet,iOS,22,7,1,13,1
TX-100273,2026-07-16 02:55:44.945403,CUST-10188,14.99,Germany,Carrier Billing,Android,9,3,1,2,0
TX-100274,2026-08-02 01:05:44.945403,CUST-10422,9.99,United Kingdom,Mobile Wallet,Android,12,4,1,1,0
TX-100275,2026-08-09 17:17:44.945403,CUST-10080,9.99,France,Carrier Billing,Web,23,4,0,17,0
TX-100276,2026-08-12 04:11:44.945403,CUST-10619,14.99,Pakistan,Carrier Billing,Android,25,4,1,4,0
TX-100277,2026-09-02 09:58:44.945403,CUST-10340,6.99,Pakistan,Carrier Billing,Android,30,2,1,9,0
TX-100278,2026-08-14 04:09:44.945403,CUST-10618,19.99,Spain,Credit Card,Android,17,6,1,4,0
TX-100279,2026-07-30 10:18:44.945403,CUST-10664,6.99,France,Credit Card,iOS,16,8,1,10,1
TX-100280,2026-09-09 04:15:44.945403,CUST-10739,9.99,France,Carrier Billing,iOS,10,7,0,4,0
TX-100281,2026-07-01 23:54:44.945403,CUST-10759,4.99,Pakistan,Credit Card,Web,29,7,1,23,0
TX-100282,2026-07-11 21:08:44.945403,CUST-10235,9.99,United Kingdom,Carrier Billing,iOS,17,6,1,21,0
TX-100283,2026-07-26 07:56:44.945403,CUST-10989,19.99,Germany,Credit Card,Android,23,6,0,7,0
TX-100284,2026-07-31 14:28:44.945403,CUST-10500,4.99,United Kingdom,Mobile Wallet,Android,16,1,0,14,0
TX-100285,2026-08-11 16:16:44.945403,CUST-10049,2.99,Germany,Carrier Billing,Web,7,2,0,16,1
TX-100286,2026-07-27 21:19:44.945403,CUST-10466,6.99,Pakistan,Mobile Wallet,Web,21,8,1,21,1
TX-100287,2026-07-30 07:10:44.945403,CUST-10564,9.99,Pakistan,Carrier Billing,Web,23,5,1,7,0
TX-100288,2026-08-24 20:54:44.945403,CUST-10714,19.99,Germany,Carrier Billing,Android,29,2,0,20,0
TX-100289,2026-08-07 06:27:44.945403,CUST-10539,6.99,France,Credit Card,iOS,2,6,1,6,0
TX-100290,2026-07-03 23:49:44.945403,CUST-10713,4.99,France,Mobile Wallet,Android,20,1,0,23,0
TX-100291,2026-07-16 04:28:44.945403,CUST-10565,9.99,Pakistan,Mobile Wallet,Android,22,3,0,4,0
TX-100292,2026-07-21 08:25:44.945403,CUST-10660,6.99,United Kingdom,Carrier Billing,Web,29,1,0,8,0
TX-100293,2026-08-29 20:57:44.945403,CUST-10708,14.99,Germany,Credit Card,Android,29,2,1,20,0
TX-100294,2026-08-02 03:32:44.945403,CUST-10673,2.99,Spain,Credit Card,Android,30,4,0,3,0
TX-100295,2026-08-15 17:28:44.945403,CUST-10840,9.99,Pakistan,Credit Card,Android,18,4,1,17,0
TX-100296,2026-07-31 01:24:44.945403,CUST-10339,9.99,Spain,Mobile Wallet,Web,2,6,0,1,0
TX-100297,2026-07-02 23:39:44.945403,CUST-10858,2.99,France,Mobile Wallet,Web,30,7,1,23,0
TX-100298,2026-07-06 17:37:44.945403,CUST-10802,9.99,Germany,Carrier Billing,iOS,17,7,1,17,0
TX-100299,2026-08-04 04:23:44.945403,CUST-10676,9.99,Pakistan,Mobile Wallet,iOS,25,4,0,4,0
TX-100300,2026-06-25 21:26:44.945403,CUST-10389,19.99,Spain,Mobile Wallet,iOS,10,6,0,21,0
TX-100301,2026-09-05 16:27:44.945403,CUST-10315,9.99,France,Credit Card,Android,4,2,0,16,0
TX-100302,2026-08-01 13:17:44.945403,CUST-10568,14.99,Germany,Carrier Billing,Android,2,6,0,13,0
TX-100303,2026-08-22 06:09:44.945403,CUST-10332,9.99,Pakistan,Credit Card,iOS,12,2,0,6,0
TX-100304,2026-06-27 06:59:44.945403,CUST-10701,9.99,Spain,Carrier Billing,iOS,9,5,1,6,0
TX-100305,2026-06-27 01:48:44.945403,CUST-10445,6.99,Germany,Credit Card,iOS,25,2,1,1,0
TX-100306,2026-07-04 07:13:44.945403,CUST-10738,19.99,Germany,Mobile Wallet,Web,6,8,0,7,1
TX-100307,2026-06-12 11:19:44.945403,CUST-10971,9.99,France,Mobile Wallet,iOS,25,6,1,11,0
TX-100308,2026-08-25 01:58:44.945403,CUST-10843,19.99,United Kingdom,Carrier Billing,iOS,10,4,1,1,0
TX-100309,2026-09-07 15:40:44.945403,CUST-10407,6.99,France,Mobile Wallet,Web,20,8,0,15,0
TX-100310,2026-07-07 08:51:44.945403,CUST-10836,9.99,France,Carrier Billing,Web,6,3,0,8,0
TX-100311,2026-07-23 20:57:44.945403,CUST-10965,19.99,Spain,Credit Card,iOS,26,2,1,20,0
TX-100312,2026-06-24 12:34:44.945403,CUST-10648,6.99,Spain,Credit Card,Web,4,7,1,12,0
TX-100313,2026-08-05 06:44:44.945403,CUST-10490,14.99,Germany,Mobile Wallet,Web,29,7,0,6,0
TX-100314,2026-07-14 13:56:44.945403,CUST-10718,14.99,United Kingdom,Mobile Wallet,Android,3,4,1,13,0
TX-100315,2026-08-06 14:56:44.945403,CUST-10045,14.99,Germany,Credit Card,iOS,3,1,0,14,0
TX-100316,2026-07-28 08:07:44.945403,CUST-10764,14.99,United Kingdom,Mobile Wallet,Web,18,4,1,8,0
TX-100317,2026-07-24 00:06:44.945403,CUST-10790,19.99,United Kingdom,Mobile Wallet,Web,4,6,0,0,0
TX-100318,2026-07-08 17:54:44.945403,CUST-10425,2.99,Pakistan,Mobile Wallet,Android,11,5,1,17,0
TX-100319,2026-06-30 16:26:44.945403,CUST-10533,9.99,France,Credit Card,Android,14,8,1,16,1
TX-100320,2026-06-15 22:08:44.945403,CUST-10829,19.99,Pakistan,Carrier Billing,iOS,20,2,0,22,0
TX-100321,2026-08-18 06:09:44.945403,CUST-10249,14.99,Spain,Mobile Wallet,Android,10,7,1,6,0
TX-100322,2026-07-18 17:22:44.945403,CUST-10644,4.99,Spain,Mobile Wallet,Web,13,7,0,17,0
TX-100323,2026-08-31 05:41:44.945403,CUST-10202,9.99,United Kingdom,Credit Card,iOS,0,4,0,5,0
TX-100324,2026-08-14 21:55:44.945403,CUST-10828,2.99,United Kingdom,Carrier Billing,Web,5,6,1,21,0
TX-100325,2026-06-22 05:28:44.945403,CUST-10268,19.99,Germany,Mobile Wallet,Web,10,7,1,5,1
TX-100326,2026-07-13 12:35:44.945403,CUST-10360,9.99,United Kingdom,Carrier Billing,Web,22,5,0,12,0
TX-100327,2026-07-10 08:41:44.945403,CUST-10120,4.99,France,Carrier Billing,Android,11,3,1,8,0
TX-100328,2026-06-24 09:42:44.945403,CUST-10588,9.99,Germany,Carrier Billing,iOS,20,3,0,9,0
TX-100329,2026-06-24 15:00:44.945403,CUST-10191,6.99,Germany,Mobile Wallet,Android,27,6,0,15,0
TX-100330,2026-06-29 14:47:44.945403,CUST-10834,9.99,United Kingdom,Mobile Wallet,Web,15,7,1,14,0
TX-100331,2026-08-27 07:18:44.945403,CUST-10454,9.99,Spain,Carrier Billing,Web,0,4,1,7,0
TX-100332,2026-07-02 07:42:44.945403,CUST-10550,6.99,Spain,Credit Card,Web,23,8,0,7,0
TX-100333,2026-07-06 05:44:44.945403,CUST-10793,14.99,France,Mobile Wallet,Android,24,8,0,5,0
TX-100334,2026-06-21 04:15:44.945403,CUST-10753,19.99,Spain,Credit Card,Android,14,5,1,4,0
TX-100335,2026-06-19 18:33:44.945403,CUST-10449,2.99,Spain,Carrier Billing,Web,18,6,1,18,0
TX-100336,2026-06-24 12:41:44.945403,CUST-10803,4.99,Spain,Carrier Billing,Web,11,5,0,12,0
TX-100337,2026-08-14 22:33:44.945403,CUST-10299,6.99,United Kingdom,Credit Card,Web,28,2,0,22,0
TX-100338,2026-08-22 08:54:44.945403,CUST-10421,2.99,France,Mobile Wallet,Android,22,3,0,8,0
TX-100339,2026-07-11 04:09:44.945403,CUST-10848,4.99,Germany,Credit Card,Android,18,5,1,4,0
TX-100340,2026-06-18 17:30:44.945403,CUST-10648,2.99,Germany,Mobile Wallet,Web,8,6,1,17,0
TX-100341,2026-07-11 15:30:44.945403,CUST-10595,2.99,Pakistan,Mobile Wallet,iOS,20,6,0,15,0
TX-100342,2026-07-18 01:21:44.945403,CUST-10223,9.99,Spain,Credit Card,iOS,10,5,1,1,0
TX-100343,2026-06-23 17:49:44.945403,CUST-10579,9.99,France,Mobile Wallet,Android,1,2,1,17,0
TX-100344,2026-09-04 10:54:44.945403,CUST-10878,4.99,Germany,Credit Card,Android,30,7,0,10,0
TX-100345,2026-09-02 15:09:44.945403,CUST-10135,19.99,France,Carrier Billing,iOS,2,6,1,15,0
TX-100346,2026-08-11 08:10:44.945403,CUST-10925,19.99,Spain,Carrier Billing,iOS,20,5,0,8,0
TX-100347,2026-06-20 03:45:44.945403,CUST-10720,2.99,Pakistan,Carrier Billing,iOS,2,3,0,3,0
TX-100348,2026-07-22 08:47:44.945403,CUST-10009,2.99,France,Carrier Billing,iOS,22,3,1,8,0
TX-100349,2026-07-16 17:21:44.945403,CUST-10091,19.99,Pakistan,Carrier Billing,iOS,11,5,0,17,0
TX-100350,2026-08-24 21:21:44.945403,CUST-10771,4.99,Spain,Carrier Billing,Web,18,1,0,21,0
TX-100351,2026-08-16 14:42:44.945403,CUST-10218,19.99,Spain,Credit Card,Web,21,8,0,14,1
TX-100352,2026-06-21 00:00:44.945403,CUST-10143,2.99,United Kingdom,Mobile Wallet,iOS,11,7,1,0,1
TX-100353,2026-07-04 09:49:44.945403,CUST-10283,19.99,Pakistan,Carrier Billing,Web,19,5,0,9,0
TX-100354,2026-08-10 18:50:44.945403,CUST-10896,6.99,Spain,Mobile Wallet,Web,16,4,1,18,0
TX-100355,2026-06-16 19:44:44.945403,CUST-10802,4.99,Germany,Credit Card,Android,7,8,0,19,0
TX-100356,2026-09-08 20:20:44.945403,CUST-10012,6.99,France,Carrier Billing,iOS,27,7,1,20,0
TX-100357,2026-06-27 13:57:44.945403,CUST-10781,9.99,Pakistan,Carrier Billing,Web,2,1,1,13,0
TX-100358,2026-09-03 19:56:44.945403,CUST-10061,9.99,United Kingdom,Credit Card,Web,22,7,1,19,0
TX-100359,2026-06-19 08:35:44.945403,CUST-10655,14.99,United Kingdom,Mobile Wallet,Android,8,2,1,8,0
TX-100360,2026-09-03 16:19:44.945403,CUST-10208,4.99,United Kingdom,Credit Card,iOS,18,2,1,16,0
TX-100361,2026-08-17 07:09:44.945403,CUST-10976,4.99,Pakistan,Carrier Billing,Android,29,7,0,7,0
TX-100362,2026-08-06 06:32:44.945403,CUST-10056,6.99,Spain,Carrier Billing,Android,22,3,0,6,0
TX-100363,2026-09-06 14:25:44.945403,CUST-10355,14.99,United Kingdom,Mobile Wallet,iOS,5,6,0,14,0
TX-100364,2026-08-30 08:38:44.945403,CUST-10275,19.99,Pakistan,Carrier Billing,iOS,25,7,1,8,1
TX-100365,2026-07-05 18:57:44.945403,CUST-10729,14.99,Pakistan,Credit Card,iOS,16,6,0,18,0
TX-100366,2026-08-02 10:54:44.945403,CUST-10170,6.99,Spain,Credit Card,Android,28,2,0,10,0
TX-100367,2026-06-12 02:08:44.945403,CUST-10045,2.99,Spain,Carrier Billing,iOS,11,7,0,2,0
TX-100368,2026-09-07 06:25:44.945403,CUST-10878,2.99,United Kingdom,Mobile Wallet,Web,20,7,0,6,0
TX-100369,2026-07-19 17:51:44.945403,CUST-10937,19.99,France,Credit Card,Android,18,6,0,17,0
TX-100370,2026-09-01 22:51:44.945403,CUST-10053,4.99,Spain,Mobile Wallet,Android,30,7,0,22,0
TX-100371,2026-08-29 16:24:44.945403,CUST-10289,6.99,France,Carrier Billing,Web,14,1,1,16,0
TX-100372,2026-08-02 04:11:44.945403,CUST-10803,6.99,United Kingdom,Carrier Billing,iOS,11,8,0,4,0
TX-100373,2026-07-31 14:30:44.945403,CUST-10778,4.99,Spain,Carrier Billing,iOS,0,4,1,14,0
TX-100374,2026-08-13 23:25:44.945403,CUST-10898,2.99,France,Carrier Billing,Web,12,5,0,23,0
TX-100375,2026-09-09 08:10:44.945403,CUST-10243,9.99,Germany,Carrier Billing,Android,22,5,0,8,0
TX-100376,2026-07-02 22:11:44.945403,CUST-10918,14.99,Germany,Mobile Wallet,iOS,14,2,0,22,0
TX-100377,2026-08-08 20:33:44.945403,CUST-10839,9.99,Pakistan,Mobile Wallet,Web,1,7,0,20,0
TX-100378,2026-07-05 14:40:44.945403,CUST-10871,6.99,Germany,Mobile Wallet,Web,10,6,1,14,0
TX-100379,2026-06-18 15:41:44.945403,CUST-10966,4.99,Spain,Mobile Wallet,Android,4,2,0,15,0
TX-100380,2026-07-10 10:32:44.945403,CUST-10416,2.99,United Kingdom,Credit Card,Android,14,5,1,10,0
TX-100381,2026-06-22 18:29:44.945403,CUST-10092,4.99,France,Mobile Wallet,Web,19,1,0,18,0
TX-100382,2026-07-11 16:36:44.945403,CUST-10151,2.99,Spain,Credit Card,iOS,16,1,1,16,0
TX-100383,2026-06-27 16:21:44.945403,CUST-10031,9.99,Germany,Mobile Wallet,Web,17,4,0,16,0
TX-100384,2026-08-24 00:40:44.945403,CUST-10812,4.99,Pakistan,Carrier Billing,Android,26,4,0,0,0
TX-100385,2026-07-18 07:37:44.945403,CUST-10381,19.99,Pakistan,Mobile Wallet,Web,8,2,0,7,0
TX-100386,2026-06-29 20:31:44.945403,CUST-10924,19.99,Germany,Carrier Billing,Android,28,6,0,20,0
TX-100387,2026-07-23 19:35:44.945403,CUST-10051,4.99,United Kingdom,Credit Card,Web,12,8,0,19,0
TX-100388,2026-07-20 16:35:44.945403,CUST-10176,6.99,Spain,Carrier Billing,iOS,8,8,0,16,0
TX-100389,2026-08-07 05:08:44.945403,CUST-10631,4.99,France,Credit Card,iOS,28,8,0,5,0
TX-100390,2026-07-16 17:14:44.945403,CUST-10140,9.99,Spain,Mobile Wallet,Web,7,1,1,17,0
TX-100391,2026-07-14 13:01:44.945403,CUST-10491,14.99,Germany,Credit Card,Web,16,6,1,13,0
TX-100392,2026-06-14 05:28:44.945403,CUST-10326,14.99,Spain,Carrier Billing,iOS,1,8,1,5,1
TX-100393,2026-07-03 01:00:44.945403,CUST-10997,4.99,Pakistan,Carrier Billing,Web,7,5,0,1,0
TX-100394,2026-09-06 03:02:44.945403,CUST-10224,14.99,Germany,Credit Card,Android,5,4,1,3,0
TX-100395,2026-08-14 08:31:44.945403,CUST-10367,14.99,Pakistan,Mobile Wallet,Web,11,3,0,8,0
TX-100396,2026-08-24 14:52:44.945403,CUST-10902,9.99,United Kingdom,Credit Card,Android,15,1,0,14,0
TX-100397,2026-08-05 14:53:44.945403,CUST-10224,2.99,United Kingdom,Credit Card,Android,10,4,0,14,0
TX-100398,2026-06-28 00:12:44.945403,CUST-10940,6.99,Pakistan,Carrier Billing,Android,18,3,0,0,0
TX-100399,2026-08-29 04:41:44.945403,CUST-10373,2.99,France,Mobile Wallet,Web,12,2,1,4,0
TX-100400,2026-06-24 06:36:44.945403,CUST-10999,4.99,Germany,Mobile Wallet,iOS,20,6,0,6,0
TX-100401,2026-08-02 00:11:44.945403,CUST-10710,14.99,France,Carrier Billing,Web,18,3,1,0,0
TX-100402,2026-08-13 12:34:44.945403,CUST-10301,4.99,Spain,Mobile Wallet,Android,30,7,0,12,0
TX-100403,2026-07-10 19:41:44.945403,CUST-10943,14.99,Spain,Mobile Wallet,Web,3,8,0,19,0
TX-100404,2026-06-18 22:30:44.945403,CUST-10243,6.99,France,Carrier Billing,Web,28,2,1,22,0
TX-100405,2026-07-05 23:53:44.945403,CUST-10214,4.99,Pakistan,Credit Card,iOS,25,2,0,23,0
TX-100406,2026-07-21 17:50:44.945403,CUST-10750,9.99,Spain,Credit Card,iOS,28,7,1,17,0
TX-100407,2026-06-21 02:06:44.945403,CUST-10848,9.99,United Kingdom,Mobile Wallet,Web,7,3,1,2,0
TX-100408,2026-08-27 20:07:44.945403,CUST-10034,6.99,Pakistan,Credit Card,iOS,30,2,0,20,0
TX-100409,2026-08-31 16:14:44.945403,CUST-10384,4.99,Pakistan,Mobile Wallet,Android,10,8,0,16,0
TX-100410,2026-08-10 08:25:44.945403,CUST-10168,14.99,Germany,Carrier Billing,Android,3,6,0,8,0
TX-100411,2026-07-19 02:37:44.945403,CUST-10713,14.99,United Kingdom,Credit Card,Web,9,5,0,2,0
TX-100412,2026-07-17 14:50:44.945403,CUST-10585,14.99,Germany,Carrier Billing,Android,11,1,1,14,0
TX-100413,2026-08-25 20:21:44.945403,CUST-10677,19.99,United Kingdom,Credit Card,Android,3,1,0,20,0
TX-100414,2026-07-08 10:00:44.945403,CUST-10083,9.99,Pakistan,Credit Card,iOS,15,8,1,10,1
TX-100415,2026-07-31 09:11:44.945403,CUST-10396,4.99,France,Credit Card,iOS,5,8,0,9,0
TX-100416,2026-07-24 04:28:44.945403,CUST-10269,4.99,France,Mobile Wallet,Android,4,2,0,4,0
TX-100417,2026-08-24 10:01:44.945403,CUST-10554,9.99,United Kingdom,Carrier Billing,Web,1,7,1,10,1
TX-100418,2026-08-13 09:27:44.945403,CUST-10887,9.99,United Kingdom,Carrier Billing,iOS,9,2,1,9,0
TX-100419,2026-08-15 20:57:44.945403,CUST-10035,14.99,United Kingdom,Mobile Wallet,Web,21,3,0,20,0
TX-100420,2026-07-22 17:28:44.945403,CUST-10177,4.99,Spain,Carrier Billing,Android,1,7,0,17,0
TX-100421,2026-07-21 11:39:44.945403,CUST-10206,19.99,Spain,Mobile Wallet,iOS,10,2,0,11,0
TX-100422,2026-07-18 00:34:44.945403,CUST-10565,6.99,France,Mobile Wallet,iOS,29,1,1,0,0
TX-100423,2026-06-25 11:25:44.945403,CUST-10151,14.99,United Kingdom,Mobile Wallet,Android,29,2,0,11,0
TX-100424,2026-08-29 19:33:44.945403,CUST-10548,6.99,Germany,Credit Card,iOS,20,8,1,19,1
TX-100425,2026-07-06 22:11:44.945403,CUST-10412,4.99,United Kingdom,Mobile Wallet,Web,22,7,0,22,0
TX-100426,2026-08-30 20:38:44.945403,CUST-10339,19.99,Spain,Carrier Billing,Web,15,5,1,20,0
TX-100427,2026-08-25 06:08:44.945403,CUST-10812,6.99,France,Credit Card,iOS,27,2,0,6,0
TX-100428,2026-09-08 12:44:44.945403,CUST-10761,9.99,France,Credit Card,Web,13,2,0,12,0
TX-100429,2026-09-02 23:57:44.945403,CUST-10843,9.99,Germany,Mobile Wallet,iOS,26,1,0,23,0
TX-100430,2026-08-15 10:36:44.945403,CUST-10518,9.99,Spain,Mobile Wallet,Web,0,3,0,10,0
TX-100431,2026-06-30 03:01:44.945403,CUST-10857,2.99,Spain,Carrier Billing,iOS,1,6,0,3,0
TX-100432,2026-08-25 19:30:44.945403,CUST-10475,14.99,Germany,Mobile Wallet,Android,21,1,0,19,0
TX-100433,2026-08-04 22:14:44.945403,CUST-10456,4.99,Germany,Mobile Wallet,Web,11,6,0,22,0
TX-100434,2026-07-05 09:35:44.945403,CUST-10766,19.99,Pakistan,Credit Card,Android,12,1,0,9,0
TX-100435,2026-08-21 20:05:44.945403,CUST-10988,4.99,Spain,Mobile Wallet,Android,21,4,1,20,0
TX-100436,2026-07-28 13:48:44.945403,CUST-10020,19.99,Pakistan,Credit Card,Android,20,3,0,13,0
TX-100437,2026-08-06 05:28:44.945403,CUST-10824,6.99,France,Credit Card,iOS,27,6,1,5,0
TX-100438,2026-07-24 08:03:44.945403,CUST-10309,19.99,United Kingdom,Mobile Wallet,iOS,18,2,0,8,0
TX-100439,2026-08-11 03:28:44.945403,CUST-10989,6.99,United Kingdom,Mobile Wallet,Web,19,5,1,3,0
TX-100440,2026-07-25 16:54:44.945403,CUST-10065,6.99,France,Mobile Wallet,iOS,27,5,1,16,0
TX-100441,2026-09-06 12:37:44.945403,CUST-10913,19.99,France,Carrier Billing,Android,16,4,0,12,0
TX-100442,2026-08-23 21:19:44.945403,CUST-10829,14.99,Germany,Mobile Wallet,iOS,21,3,0,21,0
TX-100443,2026-07-08 18:17:44.945403,CUST-10265,9.99,Germany,Credit Card,Web,1,4,1,18,0
TX-100444,2026-07-02 02:17:44.945403,CUST-10702,14.99,Germany,Mobile Wallet,iOS,16,5,0,2,0
TX-100445,2026-08-30 15:15:44.945403,CUST-10571,4.99,France,Carrier Billing,iOS,4,5,0,15,0
TX-100446,2026-09-01 17:43:44.945403,CUST-10343,19.99,Pakistan,Carrier Billing,iOS,7,5,1,17,0
TX-100447,2026-07-12 00:18:44.945403,CUST-10380,6.99,United Kingdom,Credit Card,iOS,27,2,1,0,0
TX-100448,2026-08-08 14:23:44.945403,CUST-10597,14.99,United Kingdom,Carrier Billing,iOS,28,4,0,14,0
TX-100449,2026-07-16 14:18:44.945403,CUST-10542,6.99,Germany,Carrier Billing,Android,4,4,1,14,0
TX-100450,2026-08-02 16:24:44.945403,CUST-10914,9.99,Spain,Credit Card,Web,5,2,1,16,0
TX-100451,2026-09-09 15:52:44.945403,CUST-10181,6.99,Pakistan,Carrier Billing,iOS,8,4,0,15,0
TX-100452,2026-06-26 06:38:44.945403,CUST-10501,2.99,Spain,Mobile Wallet,iOS,20,7,1,6,0
TX-100453,2026-07-25 07:25:44.945403,CUST-10392,2.99,Pakistan,Mobile Wallet,Android,23,6,0,7,0
TX-100454,2026-08-19 17:53:44.945403,CUST-10853,14.99,Spain,Carrier Billing,Web,0,4,0,17,0
TX-100455,2026-07-13 04:46:44.945403,CUST-10319,4.99,Pakistan,Credit Card,Web,18,5,0,4,0
TX-100456,2026-06-16 00:24:44.945403,CUST-10305,6.99,Germany,Mobile Wallet,Web,19,6,1,0,0
TX-100457,2026-06-24 00:48:44.945403,CUST-10350,9.99,France,Carrier Billing,Android,30,7,0,0,0
TX-100458,2026-08-17 01:03:44.945403,CUST-10134,4.99,Pakistan,Mobile Wallet,Web,5,2,1,1,0
TX-100459,2026-08-22 22:57:44.945403,CUST-10038,9.99,France,Mobile Wallet,Web,1,1,0,22,0
TX-100460,2026-06-13 15:39:44.945403,CUST-10049,19.99,Pakistan,Credit Card,iOS,12,2,1,15,0
TX-100461,2026-06-25 19:02:44.945403,CUST-10210,19.99,Pakistan,Credit Card,iOS,21,2,1,19,0
TX-100462,2026-08-14 15:17:44.945403,CUST-10140,9.99,Pakistan,Mobile Wallet,Web,19,2,1,15,0
TX-100463,2026-06-21 12:40:44.945403,CUST-10509,4.99,United Kingdom,Carrier Billing,iOS,26,4,1,12,0
TX-100464,2026-07-08 17:44:44.945403,CUST-10164,2.99,United Kingdom,Credit Card,Android,22,8,1,17,1
TX-100465,2026-06-13 00:23:44.945403,CUST-10687,2.99,Pakistan,Mobile Wallet,Web,15,3,0,0,0
TX-100466,2026-06-18 16:28:44.945403,CUST-10740,19.99,Pakistan,Credit Card,Web,7,8,1,16,1
TX-100467,2026-06-16 09:56:44.945403,CUST-10102,4.99,Pakistan,Credit Card,iOS,25,6,1,9,0
TX-100468,2026-06-20 12:03:44.945403,CUST-10871,2.99,Pakistan,Carrier Billing,Web,20,3,1,12,0
TX-100469,2026-07-21 16:44:44.945403,CUST-10978,14.99,France,Mobile Wallet,Android,11,6,0,16,0
TX-100470,2026-07-18 06:53:44.945403,CUST-10985,9.99,France,Credit Card,Web,27,8,1,6,1
TX-100471,2026-08-23 09:24:44.945403,CUST-10170,2.99,Spain,Mobile Wallet,Web,1,3,0,9,0
TX-100472,2026-08-04 15:02:44.945403,CUST-10494,14.99,Germany,Carrier Billing,Web,12,6,0,15,0
TX-100473,2026-08-30 22:48:44.945403,CUST-10858,19.99,Spain,Credit Card,iOS,3,7,1,22,1
TX-100474,2026-07-05 16:02:44.945403,CUST-10670,6.99,Pakistan,Mobile Wallet,Web,16,4,1,16,0
TX-100475,2026-08-13 12:01:44.945403,CUST-10717,14.99,Pakistan,Credit Card,Web,23,4,1,12,0
TX-100476,2026-08-12 09:55:44.945403,CUST-10656,9.99,Spain,Mobile Wallet,Web,1,1,0,9,0
TX-100477,2026-07-24 13:42:44.945403,CUST-10872,9.99,Spain,Carrier Billing,iOS,10,4,1,13,0
TX-100478,2026-06-16 10:31:44.945403,CUST-10519,4.99,United Kingdom,Mobile Wallet,iOS,12,4,0,10,0
TX-100479,2026-08-23 18:54:44.945403,CUST-10586,9.99,Pakistan,Credit Card,iOS,10,2,1,18,0
TX-100480,2026-06-13 11:21:44.945403,CUST-10105,9.99,Germany,Carrier Billing,Web,17,1,0,11,0
TX-100481,2026-09-07 12:36:44.945403,CUST-10633,19.99,France,Mobile Wallet,Web,6,8,1,12,1
TX-100482,2026-06-16 19:05:44.945403,CUST-10836,4.99,Germany,Credit Card,Web,24,8,1,19,1
TX-100483,2026-06-22 05:37:44.945403,CUST-10099,19.99,Spain,Carrier Billing,iOS,11,5,1,5,0
TX-100484,2026-06-16 00:32:44.945403,CUST-10918,4.99,Germany,Carrier Billing,Web,23,7,0,0,0
TX-100485,2026-06-29 16:31:44.945403,CUST-10192,2.99,Germany,Carrier Billing,iOS,26,4,1,16,0
TX-100486,2026-07-19 13:57:44.945403,CUST-10047,19.99,United Kingdom,Carrier Billing,iOS,14,3,1,13,1
TX-100487,2026-08-17 20:49:44.945403,CUST-10049,14.99,Germany,Mobile Wallet,iOS,29,3,0,20,0
TX-100488,2026-06-23 12:59:44.945403,CUST-10106,9.99,United Kingdom,Mobile Wallet,iOS,16,7,1,12,0
TX-100489,2026-09-03 05:22:44.945403,CUST-10709,4.99,France,Credit Card,iOS,9,8,0,5,0
TX-100490,2026-08-05 16:46:44.945403,CUST-10716,19.99,United Kingdom,Credit Card,Web,17,6,0,16,0
TX-100491,2026-08-07 16:02:44.945403,CUST-10731,6.99,France,Mobile Wallet,Android,22,3,1,16,0
TX-100492,2026-08-20 02:28:44.945403,CUST-10360,14.99,Germany,Mobile Wallet,Web,30,7,1,2,1
TX-100493,2026-07-20 07:15:44.945403,CUST-10827,2.99,United Kingdom,Carrier Billing,Android,12,3,0,7,0
TX-100494,2026-06-30 01:13:44.945403,CUST-10273,4.99,France,Mobile Wallet,iOS,4,1,1,1,0
TX-100495,2026-07-31 02:44:44.945403,CUST-10033,6.99,Germany,Carrier Billing,Web,27,4,1,2,0
TX-100496,2026-08-22 05:52:44.945403,CUST-10815,19.99,France,Mobile Wallet,Web,1,7,1,5,1
TX-100497,2026-08-22 14:11:44.945403,CUST-10999,19.99,France,Mobile Wallet,Android,0,5,0,14,0
TX-100498,2026-08-21 22:29:44.945403,CUST-10881,9.99,Spain,Mobile Wallet,Web,22,6,0,22,0
TX-100499,2026-09-07 15:03:44.945403,CUST-10198,6.99,Germany,Carrier Billing,Web,2,3,0,15,0
TX-100500,2026-06-22 17:15:44.945403,CUST-10386,2.99,Germany,Credit Card,Web,8,3,0,17,0
TX-100501,2026-07-05 01:37:44.945403,CUST-10005,6.99,Germany,Mobile Wallet,Android,1,3,1,1,0
TX-100502,2026-08-21 06:37:44.945403,CUST-10954,19.99,United Kingdom,Mobile Wallet,iOS,15,6,0,6,0
TX-100503,2026-07-10 18:54:44.945403,CUST-10538,4.99,Spain,Mobile Wallet,Android,25,3,1,18,0
TX-100504,2026-07-18 13:48:44.945403,CUST-10094,6.99,Spain,Carrier Billing,Web,10,6,1,13,0
TX-100505,2026-09-06 08:30:44.945403,CUST-10770,14.99,United Kingdom,Credit Card,Web,26,1,0,8,0
TX-100506,2026-07-22 10:06:44.945403,CUST-10246,19.99,United Kingdom,Mobile Wallet,Android,30,1,1,10,0
TX-100507,2026-08-23 07:52:44.945403,CUST-10967,2.99,Germany,Credit Card,Web,23,5,0,7,0
TX-100508,2026-08-25 16:27:44.945403,CUST-10788,6.99,United Kingdom,Mobile Wallet,iOS,15,1,1,16,0
TX-100509,2026-06-29 09:04:44.945403,CUST-10328,14.99,Pakistan,Carrier Billing,Android,30,1,0,9,0
TX-100510,2026-08-08 03:43:44.945403,CUST-10792,4.99,Germany,Carrier Billing,Android,17,7,0,3,0
TX-100511,2026-06-25 20:24:44.945403,CUST-10024,9.99,France,Carrier Billing,Android,2,1,0,20,0
TX-100512,2026-08-01 15:41:44.945403,CUST-10072,14.99,Spain,Credit Card,iOS,12,8,1,15,1
TX-100513,2026-06-13 09:25:44.945403,CUST-10398,19.99,Pakistan,Mobile Wallet,Android,20,2,0,9,0
TX-100514,2026-06-18 11:06:44.945403,CUST-10366,14.99,Pakistan,Credit Card,Web,9,2,1,11,0
TX-100515,2026-07-21 16:39:44.945403,CUST-10390,9.99,Pakistan,Credit Card,Android,17,4,0,16,0
TX-100516,2026-08-23 09:06:44.945403,CUST-10816,14.99,France,Mobile Wallet,Android,9,6,0,9,0
TX-100517,2026-08-01 09:06:44.945403,CUST-10144,2.99,Pakistan,Carrier Billing,Web,19,7,0,9,0
TX-100518,2026-08-18 23:12:44.945403,CUST-10759,19.99,France,Carrier Billing,iOS,28,3,0,23,0
TX-100519,2026-08-07 00:08:44.945403,CUST-10854,6.99,Spain,Carrier Billing,Android,21,1,1,0,0
TX-100520,2026-06-18 12:19:44.945403,CUST-10297,19.99,Pakistan,Credit Card,Android,6,8,1,12,1
TX-100521,2026-08-11 23:00:44.945403,CUST-10671,4.99,Pakistan,Credit Card,Web,2,4,1,23,0
TX-100522,2026-07-11 17:48:44.945403,CUST-10631,19.99,France,Mobile Wallet,Web,4,6,1,17,0
TX-100523,2026-06-27 04:55:44.945403,CUST-10004,6.99,Spain,Carrier Billing,Web,23,7,1,4,0
TX-100524,2026-06-24 01:55:44.945403,CUST-10695,19.99,France,Credit Card,iOS,14,6,1,1,0
TX-100525,2026-06-21 18:16:44.945403,CUST-10179,19.99,United Kingdom,Carrier Billing,iOS,27,3,0,18,0
TX-100526,2026-08-31 12:45:44.945403,CUST-10641,2.99,Pakistan,Carrier Billing,Web,20,1,1,12,0
TX-100527,2026-07-01 05:18:44.945403,CUST-10928,2.99,United Kingdom,Credit Card,Web,28,8,0,5,0
TX-100528,2026-07-02 04:21:44.945403,CUST-10912,14.99,France,Carrier Billing,iOS,16,2,1,4,0
TX-100529,2026-06-12 19:40:44.945403,CUST-10678,4.99,United Kingdom,Mobile Wallet,Android,24,3,1,19,0
TX-100530,2026-08-02 09:45:44.945403,CUST-10971,14.99,Spain,Mobile Wallet,Web,15,6,0,9,0
TX-100531,2026-07-26 05:48:44.945403,CUST-10237,2.99,France,Credit Card,Android,1,4,1,5,0
TX-100532,2026-09-03 09:43:44.945403,CUST-10465,2.99,Pakistan,Mobile Wallet,iOS,3,5,1,9,0
TX-100533,2026-08-02 18:04:44.945403,CUST-10178,9.99,Germany,Credit Card,Web,20,2,1,18,0
TX-100534,2026-09-02 10:26:44.945403,CUST-10228,14.99,Germany,Credit Card,iOS,15,8,0,10,0
TX-100535,2026-06-24 12:06:44.945403,CUST-10450,4.99,Spain,Carrier Billing,Web,20,5,0,12,0
TX-100536,2026-06-26 04:17:44.945403,CUST-10370,14.99,Pakistan,Mobile Wallet,Android,13,6,0,4,0
TX-100537,2026-07-25 10:31:44.945403,CUST-10490,4.99,United Kingdom,Carrier Billing,Web,26,7,0,10,0
TX-100538,2026-06-23 11:54:44.945403,CUST-10587,14.99,Spain,Carrier Billing,Web,16,1,0,11,0
TX-100539,2026-07-05 08:42:44.945403,CUST-10944,4.99,United Kingdom,Credit Card,Web,18,1,1,8,0
TX-100540,2026-07-01 13:41:44.945403,CUST-10459,14.99,Germany,Credit Card,Android,7,7,0,13,0
TX-100541,2026-08-25 12:50:44.945403,CUST-10785,4.99,United Kingdom,Mobile Wallet,Web,8,3,1,12,0
TX-100542,2026-08-05 03:40:44.945403,CUST-10604,2.99,Spain,Credit Card,iOS,4,2,0,3,0
TX-100543,2026-08-29 02:20:44.945403,CUST-10931,14.99,Germany,Carrier Billing,Web,3,3,1,2,0
TX-100544,2026-08-05 10:50:44.945403,CUST-10039,14.99,United Kingdom,Carrier Billing,Android,15,3,0,10,0
TX-100545,2026-08-21 09:15:44.945403,CUST-10694,19.99,Germany,Mobile Wallet,iOS,11,1,1,9,0
TX-100546,2026-08-23 21:11:44.945403,CUST-10493,9.99,France,Mobile Wallet,Web,29,2,1,21,0
TX-100547,2026-07-25 06:51:44.945403,CUST-10784,4.99,Pakistan,Credit Card,Web,28,7,1,6,0
TX-100548,2026-08-15 09:41:44.945403,CUST-10761,2.99,United Kingdom,Mobile Wallet,Android,16,1,1,9,0
TX-100549,2026-08-13 10:58:44.945403,CUST-10823,6.99,Germany,Credit Card,Android,4,7,1,10,0
TX-100550,2026-07-30 15:40:44.945403,CUST-10433,14.99,France,Mobile Wallet,iOS,21,7,0,15,0
TX-100551,2026-08-22 04:44:44.945403,CUST-10570,9.99,Spain,Credit Card,Web,17,8,1,4,1
TX-100552,2026-08-03 10:25:44.945403,CUST-10352,19.99,Germany,Mobile Wallet,Android,27,2,0,10,0
TX-100553,2026-08-14 12:12:44.945403,CUST-10972,4.99,Pakistan,Carrier Billing,Web,12,6,0,12,0
TX-100554,2026-09-07 15:40:44.945403,CUST-10651,2.99,Pakistan,Carrier Billing,iOS,29,7,0,15,0
TX-100555,2026-07-02 00:59:44.945403,CUST-10379,2.99,United Kingdom,Carrier Billing,Web,12,7,1,0,1
TX-100556,2026-08-05 05:43:44.945403,CUST-10058,4.99,Germany,Credit Card,Android,6,5,0,5,0
TX-100557,2026-08-05 10:11:44.945403,CUST-10522,14.99,Spain,Mobile Wallet,Android,21,1,1,10,0
TX-100558,2026-06-11 21:09:44.945403,CUST-10999,4.99,Pakistan,Credit Card,iOS,11,7,1,21,0
TX-100559,2026-07-28 23:33:44.945403,CUST-10015,19.99,Pakistan,Carrier Billing,Web,9,6,1,23,0
TX-100560,2026-07-07 00:34:44.945403,CUST-10231,14.99,Spain,Credit Card,iOS,18,1,1,0,0
TX-100561,2026-07-27 22:25:44.945403,CUST-10109,14.99,Pakistan,Mobile Wallet,iOS,10,2,1,22,0
TX-100562,2026-08-24 20:52:44.945403,CUST-10812,14.99,France,Mobile Wallet,iOS,30,7,1,20,0
TX-100563,2026-08-19 19:15:44.945403,CUST-10347,9.99,Germany,Mobile Wallet,Android,15,2,1,19,0
TX-100564,2026-08-08 12:47:44.945403,CUST-10807,4.99,Spain,Credit Card,iOS,30,6,0,12,0
TX-100565,2026-07-05 19:49:44.945403,CUST-10254,6.99,Pakistan,Credit Card,Web,23,6,0,19,0
TX-100566,2026-06-28 02:26:44.945403,CUST-10487,6.99,France,Carrier Billing,Web,8,3,0,2,0
TX-100567,2026-06-30 00:42:44.945403,CUST-10240,19.99,Spain,Credit Card,Android,7,4,0,0,0
TX-100568,2026-07-14 06:17:44.945403,CUST-10159,2.99,Pakistan,Carrier Billing,Web,30,8,0,6,0
TX-100569,2026-07-31 03:24:44.945403,CUST-10980,2.99,Germany,Credit Card,Web,10,8,1,3,1
TX-100570,2026-09-09 10:58:44.945403,CUST-10782,14.99,France,Credit Card,Android,24,3,0,10,0
TX-100571,2026-07-20 08:58:44.945403,CUST-10489,14.99,Pakistan,Mobile Wallet,iOS,12,3,1,8,0
TX-100572,2026-08-14 09:52:44.945403,CUST-10530,9.99,France,Mobile Wallet,Android,0,4,1,9,0
TX-100573,2026-07-11 11:27:44.945403,CUST-10370,14.99,France,Carrier Billing,Web,8,4,1,11,0
TX-100574,2026-08-06 15:50:44.945403,CUST-10351,6.99,Spain,Credit Card,iOS,6,7,1,15,0
TX-100575,2026-07-18 07:38:44.945403,CUST-10286,9.99,Spain,Mobile Wallet,Android,18,4,0,7,0
TX-100576,2026-08-24 01:05:44.945403,CUST-10241,14.99,Germany,Credit Card,Android,4,3,1,1,0
TX-100577,2026-06-27 22:20:44.945403,CUST-10431,9.99,Spain,Mobile Wallet,Web,17,6,1,22,0
TX-100578,2026-08-02 00:32:44.945403,CUST-10879,14.99,Pakistan,Credit Card,Android,22,3,0,0,0
TX-100579,2026-07-05 00:02:44.945403,CUST-10487,19.99,Pakistan,Credit Card,Web,10,5,1,0,0
TX-100580,2026-08-01 14:23:44.945403,CUST-10954,6.99,France,Carrier Billing,iOS,3,6,0,14,0
TX-100581,2026-08-10 00:11:44.945403,CUST-10664,14.99,Spain,Credit Card,iOS,10,8,1,0,1
TX-100582,2026-07-16 12:59:44.945403,CUST-10628,6.99,Germany,Mobile Wallet,Android,27,3,1,12,0
TX-100583,2026-08-06 14:08:44.945403,CUST-10585,9.99,Pakistan,Carrier Billing,Android,10,4,1,14,0
TX-100584,2026-07-08 09:00:44.945403,CUST-10727,6.99,United Kingdom,Mobile Wallet,iOS,8,8,1,9,1
TX-100585,2026-07-29 06:32:44.945403,CUST-10988,9.99,Germany,Carrier Billing,Android,27,1,0,6,0
TX-100586,2026-08-11 02:44:44.945403,CUST-10257,19.99,Pakistan,Carrier Billing,Android,12,2,0,2,0
TX-100587,2026-08-30 20:03:44.945403,CUST-10484,14.99,Pakistan,Carrier Billing,iOS,16,2,0,20,0
TX-100588,2026-06-25 23:44:44.945403,CUST-10086,19.99,Germany,Credit Card,Android,7,5,1,23,0
TX-100589,2026-06-23 19:18:44.945403,CUST-10539,4.99,Pakistan,Carrier Billing,Web,11,6,1,19,0
TX-100590,2026-08-30 03:02:44.945403,CUST-10553,6.99,United Kingdom,Credit Card,Android,30,3,1,3,0
TX-100591,2026-08-08 17:34:44.945403,CUST-10898,14.99,Germany,Mobile Wallet,Web,20,5,1,17,0
TX-100592,2026-07-02 12:42:44.945403,CUST-10824,2.99,Germany,Credit Card,iOS,13,5,0,12,0
TX-100593,2026-06-11 20:44:44.945403,CUST-10535,4.99,France,Credit Card,iOS,17,1,1,20,0
TX-100594,2026-07-25 06:42:44.945403,CUST-10306,2.99,Germany,Credit Card,Web,7,1,1,6,0
TX-100595,2026-08-31 03:38:44.945403,CUST-10574,9.99,Germany,Carrier Billing,Android,22,7,1,3,1
TX-100596,2026-06-19 01:34:44.945403,CUST-10432,19.99,Spain,Mobile Wallet,Web,25,5,1,1,0
TX-100597,2026-07-30 06:34:44.945403,CUST-10828,6.99,Germany,Carrier Billing,Android,5,3,1,6,0
TX-100598,2026-07-23 07:14:44.945403,CUST-10632,9.99,France,Mobile Wallet,Web,15,4,1,7,0
TX-100599,2026-06-16 08:57:44.945403,CUST-10992,14.99,Pakistan,Carrier Billing,Android,9,5,0,8,0
TX-100600,2026-08-17 00:55:44.945403,CUST-10008,4.99,Pakistan,Carrier Billing,Android,15,4,1,0,0
TX-100601,2026-08-22 08:58:44.945403,CUST-10818,9.99,France,Credit Card,Web,25,1,1,8,0
TX-100602,2026-08-19 04:10:44.945403,CUST-10974,4.99,Pakistan,Credit Card,iOS,2,8,0,4,1
TX-100603,2026-08-27 10:54:44.945403,CUST-10256,9.99,Pakistan,Carrier Billing,Web,7,7,1,10,0
TX-100604,2026-06-14 21:44:44.945403,CUST-10203,9.99,Pakistan,Mobile Wallet,Web,6,8,1,21,1
TX-100605,2026-07-10 06:20:44.945403,CUST-10958,6.99,Spain,Mobile Wallet,Web,1,2,1,6,0
TX-100606,2026-07-09 01:18:44.945403,CUST-10203,6.99,Pakistan,Mobile Wallet,Android,3,4,1,1,0
TX-100607,2026-06-27 02:08:44.945403,CUST-10813,6.99,United Kingdom,Carrier Billing,iOS,25,4,0,2,0
TX-100608,2026-08-03 17:54:44.945403,CUST-10802,19.99,Germany,Mobile Wallet,Web,4,6,0,17,0
TX-100609,2026-07-27 08:37:44.945403,CUST-10093,19.99,United Kingdom,Credit Card,Web,1,1,1,8,0
TX-100610,2026-08-14 16:36:44.945403,CUST-10549,2.99,Spain,Credit Card,Android,10,6,1,16,0
TX-100611,2026-06-13 19:10:44.945403,CUST-10705,9.99,France,Mobile Wallet,Android,8,1,1,19,0
TX-100612,2026-08-01 17:44:44.945403,CUST-10301,14.99,Germany,Carrier Billing,Web,5,6,1,17,0
TX-100613,2026-07-06 21:59:44.945403,CUST-10888,14.99,United Kingdom,Carrier Billing,Android,16,3,1,21,0
TX-100614,2026-07-05 19:49:44.945403,CUST-10554,6.99,Germany,Carrier Billing,Web,16,7,0,19,0
TX-100615,2026-08-07 06:21:44.945403,CUST-10877,6.99,United Kingdom,Carrier Billing,iOS,23,2,1,6,0
TX-100616,2026-08-13 01:03:44.945403,CUST-10509,14.99,Spain,Mobile Wallet,iOS,10,7,1,1,1
TX-100617,2026-07-29 11:28:44.945403,CUST-10674,2.99,Pakistan,Carrier Billing,Android,27,1,0,11,0
TX-100618,2026-06-29 07:07:44.945403,CUST-10101,2.99,United Kingdom,Mobile Wallet,iOS,21,8,1,7,1
TX-100619,2026-07-01 22:42:44.945403,CUST-10620,19.99,Pakistan,Carrier Billing,Android,20,8,0,22,1
TX-100620,2026-08-09 00:16:44.945403,CUST-10062,6.99,United Kingdom,Mobile Wallet,iOS,26,6,0,0,0
TX-100621,2026-07-06 01:12:44.945403,CUST-10541,2.99,Pakistan,Credit Card,Android,30,4,0,1,0
TX-100622,2026-07-02 21:11:44.945403,CUST-10544,9.99,Spain,Carrier Billing,Web,21,4,0,21,0
TX-100623,2026-08-01 15:48:44.945403,CUST-10425,19.99,Pakistan,Mobile Wallet,Web,11,8,1,15,1
TX-100624,2026-06-27 00:56:44.945403,CUST-10811,4.99,United Kingdom,Credit Card,Web,10,3,1,0,0
TX-100625,2026-09-02 00:02:44.945403,CUST-10322,14.99,France,Credit Card,iOS,24,7,1,0,1
TX-100626,2026-08-02 02:44:44.945403,CUST-10558,4.99,Germany,Mobile Wallet,Web,8,6,1,2,0
TX-100627,2026-07-17 23:59:44.945403,CUST-10000,19.99,Pakistan,Credit Card,Web,0,3,1,23,1
TX-100628,2026-09-09 10:58:44.945403,CUST-10227,4.99,France,Carrier Billing,Web,26,5,0,10,0
TX-100629,2026-07-23 18:13:44.945403,CUST-10364,4.99,Spain,Credit Card,iOS,28,4,0,18,0
TX-100630,2026-07-09 04:33:44.945403,CUST-10094,14.99,Germany,Mobile Wallet,Android,23,2,1,4,0
TX-100631,2026-06-27 14:14:44.945403,CUST-10499,19.99,United Kingdom,Carrier Billing,Web,20,5,0,14,0
TX-100632,2026-08-03 07:26:44.945403,CUST-10390,2.99,Pakistan,Credit Card,iOS,28,7,1,7,0
TX-100633,2026-06-22 19:51:44.945403,CUST-10890,4.99,United Kingdom,Carrier Billing,Web,24,7,0,19,0
TX-100634,2026-06-15 14:29:44.945403,CUST-10326,14.99,United Kingdom,Carrier Billing,iOS,16,4,0,14,0
TX-100635,2026-08-17 10:41:44.945403,CUST-10402,9.99,United Kingdom,Mobile Wallet,Web,2,4,1,10,0
TX-100636,2026-07-17 17:56:44.945403,CUST-10151,4.99,France,Carrier Billing,iOS,18,1,1,17,0
TX-100637,2026-07-18 03:07:44.945403,CUST-10513,9.99,Spain,Carrier Billing,iOS,17,4,1,3,0
TX-100638,2026-08-02 20:37:44.945403,CUST-10200,14.99,United Kingdom,Mobile Wallet,Web,7,4,0,20,0
TX-100639,2026-07-21 00:01:44.945403,CUST-10331,19.99,United Kingdom,Carrier Billing,Android,21,7,1,0,1
TX-100640,2026-06-29 04:39:44.945403,CUST-10328,6.99,United Kingdom,Mobile Wallet,Android,24,5,0,4,0
TX-100641,2026-08-06 22:41:44.945403,CUST-10841,9.99,United Kingdom,Carrier Billing,iOS,1,4,0,22,0
TX-100642,2026-06-26 01:18:44.945403,CUST-10775,19.99,Pakistan,Carrier Billing,Web,1,4,0,1,0
TX-100643,2026-08-25 12:08:44.945403,CUST-10294,2.99,France,Mobile Wallet,Android,9,8,1,12,1
TX-100644,2026-06-30 21:07:44.945403,CUST-10757,14.99,Spain,Carrier Billing,Web,16,5,1,21,0
TX-100645,2026-06-24 17:18:44.945403,CUST-10711,19.99,Pakistan,Credit Card,Web,28,1,1,17,0
TX-100646,2026-07-07 16:58:44.945403,CUST-10205,19.99,United Kingdom,Credit Card,Android,14,1,0,16,0
TX-100647,2026-07-06 13:13:44.945403,CUST-10678,19.99,France,Carrier Billing,Android,9,7,0,13,0
TX-100648,2026-07-28 03:27:44.945403,CUST-10726,2.99,France,Credit Card,Web,17,2,0,3,0
TX-100649,2026-09-07 20:31:44.945403,CUST-10468,14.99,Pakistan,Carrier Billing,Android,29,5,1,20,0
TX-100650,2026-08-18 14:40:44.945403,CUST-10160,2.99,France,Mobile Wallet,iOS,11,5,0,14,0
TX-100651,2026-09-08 22:17:44.945403,CUST-10513,6.99,Pakistan,Mobile Wallet,iOS,28,7,0,22,0
TX-100652,2026-09-06 05:54:44.945403,CUST-10286,4.99,Spain,Credit Card,iOS,21,3,0,5,0
TX-100653,2026-07-29 06:03:44.945403,CUST-10983,19.99,United Kingdom,Mobile Wallet,Web,7,7,0,6,0
TX-100654,2026-07-20 16:09:44.945403,CUST-10993,6.99,United Kingdom,Credit Card,iOS,17,3,0,16,0
TX-100655,2026-08-03 17:48:44.945403,CUST-10554,19.99,Spain,Carrier Billing,iOS,22,3,1,17,0
TX-100656,2026-09-08 16:09:44.945403,CUST-10788,4.99,United Kingdom,Carrier Billing,iOS,2,2,0,16,0
TX-100657,2026-08-30 22:07:44.945403,CUST-10149,19.99,Pakistan,Credit Card,iOS,30,7,1,22,1
TX-100658,2026-09-04 20:22:44.945403,CUST-10841,19.99,France,Carrier Billing,Android,3,3,0,20,0
TX-100659,2026-09-09 14:23:44.945403,CUST-10626,14.99,France,Mobile Wallet,Web,19,4,0,14,0
TX-100660,2026-06-14 05:30:44.945403,CUST-10367,2.99,Germany,Carrier Billing,Web,27,8,1,5,1
TX-100661,2026-07-17 02:57:44.945403,CUST-10503,9.99,Spain,Carrier Billing,Android,7,1,1,2,0
TX-100662,2026-06-13 05:19:44.945403,CUST-10947,6.99,Germany,Carrier Billing,Web,21,4,0,5,0
TX-100663,2026-09-04 05:49:44.945403,CUST-10977,9.99,United Kingdom,Credit Card,Web,10,8,0,5,0
TX-100664,2026-08-21 12:12:44.945403,CUST-10042,14.99,Germany,Mobile Wallet,iOS,12,1,0,12,0
TX-100665,2026-08-26 03:09:44.945403,CUST-10898,2.99,Spain,Mobile Wallet,Web,12,1,1,3,0
TX-100666,2026-08-08 06:12:44.945403,CUST-10985,2.99,Spain,Credit Card,iOS,12,5,1,6,0
TX-100667,2026-07-20 07:24:44.945403,CUST-10301,14.99,Pakistan,Mobile Wallet,Web,28,3,1,7,0
TX-100668,2026-07-22 23:16:44.945403,CUST-10092,19.99,United Kingdom,Carrier Billing,Android,24,3,1,23,0
TX-100669,2026-07-22 21:30:44.945403,CUST-10025,4.99,Germany,Mobile Wallet,Web,28,4,1,21,0
TX-100670,2026-07-11 08:29:44.945403,CUST-10708,19.99,Spain,Mobile Wallet,Web,3,2,0,8,0
TX-100671,2026-08-08 13:41:44.945403,CUST-10371,2.99,United Kingdom,Mobile Wallet,iOS,23,3,1,13,0
TX-100672,2026-06-15 20:26:44.945403,CUST-10786,4.99,France,Mobile Wallet,Web,27,3,0,20,0
TX-100673,2026-06-28 03:16:44.945403,CUST-10787,19.99,Pakistan,Credit Card,iOS,9,8,1,3,1
TX-100674,2026-06-22 13:20:44.945403,CUST-10920,4.99,Spain,Carrier Billing,Web,24,5,0,13,0
TX-100675,2026-08-28 17:12:44.945403,CUST-10510,14.99,Pakistan,Mobile Wallet,iOS,7,4,1,17,0
TX-100676,2026-07-22 01:49:44.945403,CUST-10081,14.99,United Kingdom,Carrier Billing,Android,28,5,0,1,0
TX-100677,2026-06-25 08:24:44.945403,CUST-10056,19.99,France,Carrier Billing,Android,27,1,1,8,0
TX-100678,2026-06-19 20:07:44.945403,CUST-10050,2.99,Germany,Carrier Billing,Android,21,5,0,20,0
TX-100679,2026-08-19 01:28:44.945403,CUST-10592,6.99,Pakistan,Carrier Billing,iOS,10,6,1,1,0
TX-100680,2026-08-19 21:22:44.945403,CUST-10437,14.99,Pakistan,Credit Card,iOS,4,2,1,21,0
TX-100681,2026-07-19 12:24:44.945403,CUST-10537,4.99,Spain,Mobile Wallet,Android,3,2,1,12,0
TX-100682,2026-08-05 21:41:44.945403,CUST-10956,19.99,France,Credit Card,Web,27,6,1,21,0
TX-100683,2026-08-07 14:01:44.945403,CUST-10362,4.99,United Kingdom,Mobile Wallet,iOS,16,8,1,14,1
TX-100684,2026-08-31 06:55:44.945403,CUST-10624,4.99,France,Carrier Billing,Android,3,1,1,6,0
TX-100685,2026-06-22 14:08:44.945403,CUST-10755,4.99,United Kingdom,Credit Card,iOS,1,6,1,14,0
TX-100686,2026-08-08 21:10:44.945403,CUST-10217,2.99,Spain,Mobile Wallet,iOS,8,2,1,21,0
TX-100687,2026-07-31 22:00:44.945403,CUST-10331,2.99,Pakistan,Mobile Wallet,iOS,10,7,0,22,0
TX-100688,2026-06-29 12:22:44.945403,CUST-10338,6.99,Germany,Credit Card,Android,20,3,1,12,0
TX-100689,2026-07-23 18:46:44.945403,CUST-10913,14.99,France,Credit Card,iOS,29,1,1,18,0
TX-100690,2026-08-12 14:04:44.945403,CUST-10323,14.99,United Kingdom,Carrier Billing,Android,18,6,1,14,0
TX-100691,2026-06-25 10:41:44.945403,CUST-10287,2.99,France,Credit Card,Web,17,3,1,10,0
TX-100692,2026-06-22 11:47:44.945403,CUST-10885,6.99,France,Mobile Wallet,Android,8,7,0,11,0
TX-100693,2026-07-03 11:40:44.945403,CUST-10380,9.99,France,Carrier Billing,Web,9,3,0,11,0
TX-100694,2026-06-15 06:13:44.945403,CUST-10796,4.99,Pakistan,Credit Card,Web,0,8,0,6,1
TX-100695,2026-09-03 22:14:44.945403,CUST-10495,19.99,United Kingdom,Credit Card,iOS,4,2,0,22,0
TX-100696,2026-06-15 04:23:44.945403,CUST-10470,9.99,United Kingdom,Carrier Billing,Android,9,1,0,4,0
TX-100697,2026-08-31 18:59:44.945403,CUST-10047,2.99,United Kingdom,Mobile Wallet,Web,9,1,1,18,0
TX-100698,2026-06-30 22:56:44.945403,CUST-10328,4.99,Spain,Credit Card,iOS,17,6,1,22,0
TX-100699,2026-07-06 16:09:44.945403,CUST-10152,4.99,France,Carrier Billing,Android,30,2,0,16,0
TX-100700,2026-07-31 20:38:44.945403,CUST-10326,6.99,Spain,Mobile Wallet,iOS,18,4,0,20,0
TX-100701,2026-08-06 16:13:44.945403,CUST-10913,6.99,United Kingdom,Credit Card,Android,4,1,1,16,0
TX-100702,2026-06-16 10:45:44.945403,CUST-10108,9.99,Pakistan,Carrier Billing,iOS,12,3,1,10,0
TX-100703,2026-07-10 07:04:44.945403,CUST-10340,4.99,United Kingdom,Carrier Billing,iOS,18,3,0,7,0
TX-100704,2026-09-03 13:37:44.945403,CUST-10715,9.99,Pakistan,Credit Card,iOS,21,8,1,13,1
TX-100705,2026-07-02 05:25:44.945403,CUST-10147,14.99,France,Credit Card,iOS,5,6,1,5,0
TX-100706,2026-06-14 14:38:44.945403,CUST-10066,9.99,Pakistan,Credit Card,iOS,14,3,1,14,0
TX-100707,2026-08-05 20:57:44.945403,CUST-10588,4.99,United Kingdom,Carrier Billing,iOS,26,2,1,20,0
TX-100708,2026-06-18 07:28:44.945403,CUST-10811,6.99,United Kingdom,Credit Card,iOS,18,7,0,7,0
TX-100709,2026-07-31 17:32:44.945403,CUST-10162,9.99,Germany,Carrier Billing,iOS,6,7,1,17,0
TX-100710,2026-07-13 00:04:44.945403,CUST-10557,19.99,Spain,Carrier Billing,Web,21,2,1,0,0
TX-100711,2026-08-05 02:40:44.945403,CUST-10474,6.99,United Kingdom,Carrier Billing,iOS,5,5,1,2,0
TX-100712,2026-06-21 18:05:44.945403,CUST-10701,14.99,Germany,Credit Card,iOS,20,1,0,18,0
TX-100713,2026-06-24 12:00:44.945403,CUST-10908,14.99,Pakistan,Carrier Billing,Web,4,8,1,12,1
TX-100714,2026-08-03 11:02:44.945403,CUST-10457,4.99,Spain,Mobile Wallet,iOS,9,5,1,11,0
TX-100715,2026-09-03 03:38:44.945403,CUST-10352,2.99,United Kingdom,Carrier Billing,Web,16,7,0,3,0
TX-100716,2026-06-17 12:52:44.945403,CUST-10378,14.99,Pakistan,Carrier Billing,Web,17,6,0,12,0
TX-100717,2026-08-29 15:38:44.945403,CUST-10031,4.99,Germany,Mobile Wallet,Web,12,6,1,15,0
TX-100718,2026-07-21 11:13:44.945403,CUST-10558,4.99,Spain,Credit Card,Android,6,7,1,11,0
TX-100719,2026-06-25 21:32:44.945403,CUST-10295,19.99,Spain,Carrier Billing,Android,2,1,0,21,0
TX-100720,2026-07-26 03:44:44.945403,CUST-10673,9.99,Spain,Carrier Billing,Android,20,7,1,3,1
TX-100721,2026-08-14 03:38:44.945403,CUST-10618,9.99,United Kingdom,Carrier Billing,iOS,16,7,1,3,1
TX-100722,2026-07-02 09:40:44.945403,CUST-10190,9.99,United Kingdom,Carrier Billing,Web,15,4,1,9,0
TX-100723,2026-07-31 13:39:44.945403,CUST-10590,6.99,Pakistan,Carrier Billing,Web,15,6,0,13,0
TX-100724,2026-09-07 09:28:44.945403,CUST-10707,2.99,Spain,Mobile Wallet,Web,16,5,1,9,0
TX-100725,2026-07-29 11:49:44.945403,CUST-10911,14.99,Pakistan,Carrier Billing,iOS,20,2,1,11,0
TX-100726,2026-09-02 02:26:44.945403,CUST-10351,14.99,Pakistan,Credit Card,iOS,16,8,1,2,1
TX-100727,2026-09-07 06:57:44.945403,CUST-10817,6.99,France,Carrier Billing,Android,22,5,1,6,0
TX-100728,2026-07-24 22:10:44.945403,CUST-10592,4.99,United Kingdom,Carrier Billing,Web,9,1,1,22,0
TX-100729,2026-06-23 09:34:44.945403,CUST-10517,2.99,France,Credit Card,Android,19,5,1,9,0
TX-100730,2026-06-13 03:33:44.945403,CUST-10759,2.99,United Kingdom,Carrier Billing,Web,23,3,1,3,0
TX-100731,2026-06-27 19:41:44.945403,CUST-10267,19.99,Spain,Credit Card,Android,25,1,1,19,0
TX-100732,2026-09-07 21:43:44.945403,CUST-10148,14.99,Spain,Credit Card,iOS,24,7,0,21,0
TX-100733,2026-08-16 22:30:44.945403,CUST-10652,4.99,Spain,Mobile Wallet,Web,26,6,0,22,0
TX-100734,2026-08-19 14:54:44.945403,CUST-10839,2.99,Pakistan,Carrier Billing,iOS,12,8,1,14,1
TX-100735,2026-09-06 04:01:44.945403,CUST-10770,14.99,Spain,Credit Card,Web,22,7,1,4,0
TX-100736,2026-07-30 03:18:44.945403,CUST-10891,9.99,Pakistan,Credit Card,iOS,12,6,0,3,0
TX-100737,2026-07-30 05:09:44.945403,CUST-10652,6.99,Germany,Mobile Wallet,Web,27,5,1,5,0
TX-100738,2026-08-23 21:13:44.945403,CUST-10100,6.99,United Kingdom,Credit Card,iOS,24,4,0,21,0
TX-100739,2026-08-12 13:01:44.945403,CUST-10706,4.99,France,Mobile Wallet,Android,21,1,0,13,0
TX-100740,2026-06-20 17:57:44.945403,CUST-10537,2.99,Germany,Credit Card,Android,23,5,1,17,0
TX-100741,2026-06-14 00:18:44.945403,CUST-10634,2.99,Pakistan,Mobile Wallet,Web,28,4,0,0,0
TX-100742,2026-06-22 18:37:44.945403,CUST-10088,14.99,Spain,Credit Card,Web,24,3,0,18,0
TX-100743,2026-07-04 21:57:44.945403,CUST-10301,9.99,Pakistan,Mobile Wallet,iOS,29,5,1,21,0
TX-100744,2026-08-11 14:52:44.945403,CUST-10788,6.99,France,Carrier Billing,Android,8,1,1,14,0
TX-100745,2026-06-17 07:44:44.945403,CUST-10264,6.99,Spain,Credit Card,Android,15,4,1,7,0
TX-100746,2026-07-26 15:26:44.945403,CUST-10111,4.99,United Kingdom,Credit Card,Android,19,2,1,15,0
TX-100747,2026-06-21 06:10:44.945403,CUST-10035,2.99,Pakistan,Mobile Wallet,Web,8,8,0,6,0
TX-100748,2026-06-25 09:42:44.945403,CUST-10668,19.99,Pakistan,Carrier Billing,Web,12,5,0,9,0
TX-100749,2026-09-02 04:42:44.945403,CUST-10400,14.99,Pakistan,Mobile Wallet,Web,30,8,1,4,1
TX-100750,2026-08-27 16:23:44.945403,CUST-10745,2.99,United Kingdom,Carrier Billing,Android,12,8,0,16,0
TX-100751,2026-09-04 23:09:44.945403,CUST-10367,6.99,France,Credit Card,Android,20,2,1,23,0
TX-100752,2026-09-07 07:42:44.945403,CUST-10348,2.99,Germany,Credit Card,Web,6,3,0,7,0
TX-100753,2026-08-10 23:55:44.945403,CUST-10195,6.99,Germany,Carrier Billing,Web,22,6,1,23,0
TX-100754,2026-08-08 10:53:44.945403,CUST-10448,19.99,Spain,Carrier Billing,Android,6,1,0,10,0
TX-100755,2026-06-17 14:08:44.945403,CUST-10811,14.99,France,Credit Card,Web,30,8,0,14,0
TX-100756,2026-06-16 22:59:44.945403,CUST-10345,19.99,Pakistan,Credit Card,Android,6,8,0,22,1
TX-100757,2026-07-03 01:29:44.945403,CUST-10947,2.99,Pakistan,Mobile Wallet,Android,15,1,1,1,0
TX-100758,2026-08-07 03:23:44.945403,CUST-10046,4.99,Spain,Carrier Billing,Android,20,1,1,3,0
TX-100759,2026-06-20 17:04:44.945403,CUST-10467,14.99,Spain,Mobile Wallet,Android,26,2,0,17,0
TX-100760,2026-08-23 14:21:44.945403,CUST-10630,4.99,Pakistan,Carrier Billing,iOS,10,7,1,14,0
TX-100761,2026-08-13 02:56:44.945403,CUST-10589,14.99,Spain,Credit Card,Android,24,1,0,2,0
TX-100762,2026-06-22 20:18:44.945403,CUST-10280,4.99,Germany,Carrier Billing,Web,11,3,1,20,0
TX-100763,2026-08-03 19:54:44.945403,CUST-10041,4.99,Pakistan,Mobile Wallet,Web,12,3,0,19,0
TX-100764,2026-06-19 04:52:44.945403,CUST-10006,2.99,Spain,Carrier Billing,Web,20,5,1,4,0
TX-100765,2026-08-22 23:12:44.945403,CUST-10791,9.99,Spain,Carrier Billing,Android,20,5,1,23,0
TX-100766,2026-09-05 05:49:44.945403,CUST-10178,14.99,Pakistan,Mobile Wallet,Android,22,8,0,5,0
TX-100767,2026-08-22 02:06:44.945403,CUST-10308,6.99,Germany,Carrier Billing,Web,7,4,0,2,0
TX-100768,2026-09-08 18:22:44.945403,CUST-10097,14.99,France,Mobile Wallet,Web,7,8,0,18,0
TX-100769,2026-06-29 11:43:44.945403,CUST-10115,4.99,Germany,Credit Card,Android,5,1,0,11,0
TX-100770,2026-07-07 19:15:44.945403,CUST-10214,9.99,France,Credit Card,Web,25,8,0,19,0
TX-100771,2026-06-16 15:07:44.945403,CUST-10947,14.99,Spain,Carrier Billing,Android,15,2,0,15,0
TX-100772,2026-08-16 12:27:44.945403,CUST-10455,14.99,United Kingdom,Credit Card,iOS,6,6,0,12,0
TX-100773,2026-07-11 12:58:44.945403,CUST-10233,2.99,Spain,Mobile Wallet,iOS,27,4,1,12,0
TX-100774,2026-06-18 13:09:44.945403,CUST-10482,14.99,Germany,Carrier Billing,iOS,4,4,1,13,0
TX-100775,2026-07-15 20:25:44.945403,CUST-10139,9.99,Spain,Mobile Wallet,iOS,8,4,1,20,0
TX-100776,2026-08-13 20:41:44.945403,CUST-10582,2.99,France,Carrier Billing,Android,27,8,1,20,1
TX-100777,2026-08-20 01:31:44.945403,CUST-10351,4.99,France,Mobile Wallet,Android,25,3,0,1,0
TX-100778,2026-08-28 20:37:44.945403,CUST-10534,9.99,Spain,Mobile Wallet,iOS,26,8,1,20,1
TX-100779,2026-07-20 19:45:44.945403,CUST-10753,4.99,Spain,Credit Card,iOS,18,4,0,19,0
TX-100780,2026-09-01 14:47:44.945403,CUST-10005,9.99,Pakistan,Carrier Billing,iOS,23,1,1,14,0
TX-100781,2026-07-25 11:30:44.945403,CUST-10829,19.99,Pakistan,Credit Card,iOS,7,2,0,11,0
TX-100782,2026-07-18 20:48:44.945403,CUST-10972,4.99,Spain,Credit Card,iOS,7,2,0,20,0
TX-100783,2026-07-09 14:27:44.945403,CUST-10165,19.99,Germany,Mobile Wallet,Web,18,1,1,14,0
TX-100784,2026-06-24 11:21:44.945403,CUST-10895,19.99,Germany,Carrier Billing,iOS,20,8,0,11,1
TX-100785,2026-06-18 06:58:44.945403,CUST-10394,19.99,France,Mobile Wallet,Android,9,7,1,6,1
TX-100786,2026-08-06 14:33:44.945403,CUST-10555,14.99,Spain,Mobile Wallet,Android,19,6,0,14,0
TX-100787,2026-09-02 16:28:44.945403,CUST-10690,6.99,Pakistan,Carrier Billing,iOS,11,8,0,16,0
TX-100788,2026-06-27 19:24:44.945403,CUST-10663,14.99,Pakistan,Mobile Wallet,Web,24,4,0,19,0
TX-100789,2026-07-03 13:50:44.945403,CUST-10552,2.99,Germany,Mobile Wallet,Web,27,4,0,13,0
TX-100790,2026-09-01 14:05:44.945403,CUST-10273,14.99,Germany,Credit Card,Android,2,6,1,14,0
TX-100791,2026-07-27 11:58:44.945403,CUST-10539,2.99,Germany,Mobile Wallet,Web,21,5,1,11,0
TX-100792,2026-08-23 15:56:44.945403,CUST-10689,19.99,Pakistan,Carrier Billing,iOS,2,2,1,15,0
TX-100793,2026-07-08 02:29:44.945403,CUST-10981,2.99,Pakistan,Carrier Billing,iOS,3,3,1,2,0
TX-100794,2026-06-30 10:44:44.945403,CUST-10533,19.99,Pakistan,Credit Card,iOS,21,3,1,10,0
TX-100795,2026-07-22 06:09:44.945403,CUST-10755,19.99,Pakistan,Credit Card,Android,2,1,0,6,0
TX-100796,2026-07-29 03:39:44.945403,CUST-10660,6.99,Germany,Mobile Wallet,iOS,20,6,1,3,0
TX-100797,2026-08-14 06:51:44.945403,CUST-10542,14.99,Germany,Credit Card,iOS,18,3,1,6,0
TX-100798,2026-07-05 12:31:44.945403,CUST-10232,9.99,France,Credit Card,Android,4,6,1,12,0
TX-100799,2026-06-26 23:57:44.945403,CUST-10633,4.99,United Kingdom,Credit Card,Android,5,3,0,23,0
TX-100800,2026-06-15 14:25:44.945403,CUST-10324,14.99,Spain,Credit Card,iOS,11,3,0,14,0
TX-100801,2026-06-15 00:18:44.945403,CUST-10681,6.99,France,Carrier Billing,iOS,14,3,1,0,0
TX-100802,2026-06-14 02:58:44.945403,CUST-10414,9.99,Spain,Credit Card,iOS,4,1,1,2,0
TX-100803,2026-07-08 18:11:44.945403,CUST-10485,6.99,United Kingdom,Mobile Wallet,Android,25,8,1,18,1
TX-100804,2026-08-17 10:49:44.945403,CUST-10490,2.99,Spain,Mobile Wallet,Web,3,5,0,10,0
TX-100805,2026-08-27 09:27:44.945403,CUST-10225,9.99,France,Carrier Billing,iOS,1,4,0,9,0
TX-100806,2026-08-20 16:16:44.945403,CUST-10284,4.99,Pakistan,Carrier Billing,Web,27,8,0,16,0
TX-100807,2026-07-17 18:09:44.945403,CUST-10199,9.99,France,Mobile Wallet,Web,16,1,1,18,0
TX-100808,2026-08-16 00:34:44.945403,CUST-10874,9.99,France,Credit Card,iOS,0,5,1,0,0
TX-100809,2026-09-08 19:57:44.945403,CUST-10456,14.99,Pakistan,Carrier Billing,Web,28,8,1,19,1
TX-100810,2026-07-08 03:03:44.945403,CUST-10167,19.99,Germany,Mobile Wallet,iOS,4,2,0,3,0
TX-100811,2026-07-25 01:20:44.945403,CUST-10888,14.99,France,Carrier Billing,Web,24,7,0,1,1
TX-100812,2026-08-09 00:01:44.945403,CUST-10936,6.99,Germany,Carrier Billing,Web,14,3,0,0,0
TX-100813,2026-07-16 14:31:44.945403,CUST-10296,14.99,Germany,Carrier Billing,iOS,26,5,1,14,0
TX-100814,2026-07-24 00:57:44.945403,CUST-10229,2.99,Pakistan,Carrier Billing,iOS,9,8,0,0,1
TX-100815,2026-09-01 02:38:44.945403,CUST-10294,9.99,Spain,Credit Card,Web,20,4,0,2,0
TX-100816,2026-07-07 02:07:44.945403,CUST-10504,2.99,United Kingdom,Mobile Wallet,iOS,18,8,1,2,1
TX-100817,2026-08-08 00:24:44.945403,CUST-10702,9.99,Pakistan,Credit Card,Web,23,1,1,0,0
TX-100818,2026-06-17 04:21:44.945403,CUST-10149,6.99,Germany,Mobile Wallet,Android,11,3,0,4,0
TX-100819,2026-07-20 00:58:44.945403,CUST-10651,6.99,Pakistan,Credit Card,iOS,16,2,0,0,0
TX-100820,2026-06-28 12:50:44.945403,CUST-10783,2.99,United Kingdom,Carrier Billing,Web,10,6,1,12,0
TX-100821,2026-08-14 09:15:44.945403,CUST-10704,6.99,Pakistan,Mobile Wallet,Web,11,3,0,9,0
TX-100822,2026-07-07 11:17:44.945403,CUST-10381,9.99,Germany,Credit Card,Android,3,4,0,11,0
TX-100823,2026-08-26 13:08:44.945403,CUST-10192,14.99,United Kingdom,Mobile Wallet,Web,27,2,1,13,0
TX-100824,2026-06-18 19:25:44.945403,CUST-10119,4.99,Pakistan,Credit Card,iOS,9,6,0,19,0
TX-100825,2026-08-31 20:10:44.945403,CUST-10611,14.99,France,Carrier Billing,Web,9,1,0,20,0
TX-100826,2026-08-28 20:16:44.945403,CUST-10710,4.99,Spain,Credit Card,Android,6,3,0,20,0
TX-100827,2026-08-20 07:23:44.945403,CUST-10802,2.99,Pakistan,Carrier Billing,iOS,24,7,0,7,0
TX-100828,2026-06-14 20:10:44.945403,CUST-10812,19.99,United Kingdom,Mobile Wallet,Android,15,2,1,20,0
TX-100829,2026-07-09 07:29:44.945403,CUST-10683,2.99,Pakistan,Carrier Billing,Web,6,4,0,7,0
TX-100830,2026-06-14 12:27:44.945403,CUST-10092,4.99,France,Mobile Wallet,iOS,11,3,0,12,0
TX-100831,2026-06-18 01:49:44.945403,CUST-10101,14.99,Pakistan,Mobile Wallet,Android,22,4,1,1,0
TX-100832,2026-08-19 11:42:44.945403,CUST-10550,2.99,Pakistan,Carrier Billing,Web,27,8,1,11,1
TX-100833,2026-06-28 16:56:44.945403,CUST-10450,19.99,Pakistan,Carrier Billing,iOS,12,7,0,16,0
TX-100834,2026-07-18 22:54:44.945403,CUST-10115,6.99,Pakistan,Credit Card,Android,16,3,1,22,0
TX-100835,2026-08-15 00:02:44.945403,CUST-10295,14.99,Pakistan,Carrier Billing,iOS,15,2,1,0,0
TX-100836,2026-08-05 12:06:44.945403,CUST-10753,6.99,Germany,Carrier Billing,Web,13,5,1,12,0
TX-100837,2026-06-18 04:35:44.945403,CUST-10916,9.99,France,Carrier Billing,Android,21,8,0,4,0
TX-100838,2026-07-29 10:18:44.945403,CUST-10674,19.99,Pakistan,Carrier Billing,Android,12,7,0,10,0
TX-100839,2026-09-01 02:04:44.945403,CUST-10172,2.99,France,Carrier Billing,iOS,6,7,0,2,0
TX-100840,2026-07-20 12:18:44.945403,CUST-10742,9.99,France,Mobile Wallet,Web,18,5,1,12,0
TX-100841,2026-08-11 12:54:44.945403,CUST-10617,9.99,Germany,Mobile Wallet,iOS,4,8,0,12,0
TX-100842,2026-07-26 09:30:44.945403,CUST-10509,4.99,Spain,Carrier Billing,Android,23,1,0,9,0
TX-100843,2026-06-14 06:58:44.945403,CUST-10995,4.99,Germany,Mobile Wallet,Web,10,3,1,6,0
TX-100844,2026-06-20 14:58:44.945403,CUST-10778,2.99,United Kingdom,Credit Card,iOS,6,5,1,14,0
TX-100845,2026-07-05 16:08:44.945403,CUST-10555,6.99,United Kingdom,Mobile Wallet,Android,30,1,1,16,0
TX-100846,2026-06-22 16:47:44.945403,CUST-10392,9.99,France,Credit Card,iOS,14,1,0,16,0
TX-100847,2026-08-10 21:02:44.945403,CUST-10881,6.99,Spain,Credit Card,iOS,4,5,1,21,0
TX-100848,2026-06-21 19:28:44.945403,CUST-10582,19.99,Germany,Mobile Wallet,Web,21,8,1,19,1
TX-100849,2026-06-26 01:59:44.945403,CUST-10518,2.99,Germany,Credit Card,iOS,18,7,1,1,1
TX-100850,2026-07-07 17:53:44.945403,CUST-10328,2.99,Pakistan,Mobile Wallet,Android,4,6,1,17,0
TX-100851,2026-08-04 00:13:44.945403,CUST-10027,19.99,France,Credit Card,Android,13,6,1,0,0
TX-100852,2026-06-16 23:50:44.945403,CUST-10677,4.99,Spain,Carrier Billing,Web,9,2,0,23,0
TX-100853,2026-06-22 06:35:44.945403,CUST-10345,4.99,Pakistan,Mobile Wallet,iOS,1,8,1,6,1
TX-100854,2026-09-01 21:41:44.945403,CUST-10431,6.99,Pakistan,Mobile Wallet,iOS,18,1,1,21,0
TX-100855,2026-07-17 09:09:44.945403,CUST-10330,14.99,Pakistan,Credit Card,Android,22,4,1,9,0
TX-100856,2026-08-24 17:11:44.945403,CUST-10783,19.99,France,Carrier Billing,Web,9,6,1,17,0
TX-100857,2026-08-08 16:40:44.945403,CUST-10867,2.99,United Kingdom,Carrier Billing,iOS,8,1,1,16,0
TX-100858,2026-07-18 10:46:44.945403,CUST-10823,4.99,United Kingdom,Mobile Wallet,Android,22,2,1,10,0
TX-100859,2026-08-02 09:54:44.945403,CUST-10820,14.99,Germany,Credit Card,Android,11,2,1,9,0
TX-100860,2026-07-09 03:41:44.945403,CUST-10443,19.99,United Kingdom,Credit Card,Android,13,7,1,3,1
TX-100861,2026-07-23 02:37:44.945403,CUST-10687,14.99,Spain,Carrier Billing,Web,22,3,1,2,0
TX-100862,2026-09-07 10:18:44.945403,CUST-10843,19.99,Germany,Credit Card,Web,17,7,0,10,0
TX-100863,2026-07-15 00:18:44.945403,CUST-10473,4.99,Spain,Carrier Billing,Web,21,5,1,0,0
TX-100864,2026-08-29 03:38:44.945403,CUST-10850,2.99,Spain,Credit Card,iOS,26,5,0,3,0
TX-100865,2026-08-05 13:56:44.945403,CUST-10241,9.99,Spain,Carrier Billing,Android,6,1,0,13,0
TX-100866,2026-07-10 02:55:44.945403,CUST-10475,9.99,United Kingdom,Credit Card,iOS,20,1,0,2,0
TX-100867,2026-06-24 06:34:44.945403,CUST-10029,6.99,France,Mobile Wallet,Web,5,1,1,6,0
TX-100868,2026-06-16 21:23:44.945403,CUST-10880,2.99,France,Mobile Wallet,iOS,27,2,1,21,0
TX-100869,2026-08-11 23:49:44.945403,CUST-10673,2.99,Germany,Mobile Wallet,Android,7,2,0,23,0
TX-100870,2026-08-26 07:28:44.945403,CUST-10594,14.99,France,Credit Card,Android,7,2,1,7,0
TX-100871,2026-08-04 01:00:44.945403,CUST-10754,9.99,Spain,Credit Card,Android,4,2,0,1,0
TX-100872,2026-07-06 20:17:44.945403,CUST-10450,9.99,France,Mobile Wallet,Android,15,6,0,20,0
TX-100873,2026-07-20 10:17:44.945403,CUST-10486,19.99,Spain,Credit Card,Android,11,8,1,10,1
TX-100874,2026-06-13 18:34:44.945403,CUST-10660,14.99,Pakistan,Mobile Wallet,Web,25,1,0,18,0
TX-100875,2026-07-16 20:54:44.945403,CUST-10316,19.99,France,Mobile Wallet,Android,17,4,1,20,0
TX-100876,2026-09-02 15:59:44.945403,CUST-10983,9.99,France,Credit Card,Android,29,4,1,15,0
TX-100877,2026-08-31 21:18:44.945403,CUST-10164,9.99,France,Mobile Wallet,iOS,25,1,1,21,0
TX-100878,2026-08-25 18:50:44.945403,CUST-10798,9.99,Germany,Mobile Wallet,iOS,29,6,1,18,0
TX-100879,2026-08-25 12:22:44.945403,CUST-10102,4.99,France,Mobile Wallet,Android,11,7,1,12,0
TX-100880,2026-06-14 08:16:44.945403,CUST-10780,2.99,Spain,Mobile Wallet,iOS,25,3,0,8,0
TX-100881,2026-08-08 01:04:44.945403,CUST-10312,6.99,United Kingdom,Carrier Billing,Android,5,4,0,1,0
TX-100882,2026-08-13 06:35:44.945403,CUST-10420,6.99,Germany,Credit Card,Web,4,5,0,6,0
TX-100883,2026-08-26 02:38:44.945403,CUST-10335,6.99,Spain,Carrier Billing,iOS,11,3,1,2,0
TX-100884,2026-09-05 20:23:44.945403,CUST-10854,14.99,Spain,Carrier Billing,Android,29,4,0,20,0
TX-100885,2026-06-29 21:39:44.945403,CUST-10268,19.99,Spain,Carrier Billing,iOS,19,7,1,21,1
TX-100886,2026-09-07 01:23:44.945403,CUST-10376,4.99,United Kingdom,Carrier Billing,Android,22,7,1,1,1
TX-100887,2026-07-26 20:01:44.945403,CUST-10121,4.99,Spain,Carrier Billing,iOS,9,8,1,20,1
TX-100888,2026-08-28 19:13:44.945403,CUST-10211,14.99,Spain,Credit Card,Web,21,4,1,19,0
TX-100889,2026-08-22 23:41:44.945403,CUST-10149,2.99,France,Credit Card,Android,19,8,0,23,0
TX-100890,2026-08-13 03:20:44.945403,CUST-10662,9.99,Pakistan,Carrier Billing,iOS,4,6,1,3,0
TX-100891,2026-08-15 18:50:44.945403,CUST-10392,19.99,Germany,Mobile Wallet,Web,8,2,0,18,0
TX-100892,2026-06-16 14:22:44.945403,CUST-10340,4.99,Germany,Credit Card,Web,30,1,0,14,0
TX-100893,2026-08-07 06:11:44.945403,CUST-10390,6.99,Germany,Mobile Wallet,iOS,4,1,0,6,0
TX-100894,2026-07-27 16:59:44.945403,CUST-10504,6.99,Germany,Carrier Billing,Android,10,7,0,16,0
TX-100895,2026-07-10 08:52:44.945403,CUST-10045,4.99,Germany,Credit Card,Web,11,7,1,8,0
TX-100896,2026-07-05 19:32:44.945403,CUST-10627,6.99,United Kingdom,Credit Card,iOS,28,3,1,19,0
TX-100897,2026-07-26 13:44:44.945403,CUST-10782,4.99,United Kingdom,Mobile Wallet,Web,25,8,0,13,0
TX-100898,2026-06-16 19:44:44.945403,CUST-10235,4.99,Pakistan,Credit Card,iOS,5,8,1,19,1
TX-100899,2026-09-01 08:04:44.945403,CUST-10949,9.99,Pakistan,Credit Card,iOS,22,8,1,8,1
TX-100900,2026-08-27 20:17:44.945403,CUST-10737,4.99,Pakistan,Credit Card,Android,6,5,0,20,0
TX-100901,2026-08-19 02:47:44.945403,CUST-10520,6.99,United Kingdom,Mobile Wallet,Web,6,1,0,2,0
TX-100902,2026-06-18 20:22:44.945403,CUST-10252,9.99,Pakistan,Credit Card,Android,9,2,1,20,0
TX-100903,2026-09-04 10:17:44.945403,CUST-10974,2.99,France,Carrier Billing,Android,2,8,1,10,1
TX-100904,2026-09-06 19:12:44.945403,CUST-10275,14.99,Pakistan,Credit Card,Android,20,8,1,19,1
TX-100905,2026-08-17 16:40:44.945403,CUST-10928,14.99,Spain,Carrier Billing,Android,25,5,1,16,0
TX-100906,2026-08-18 13:23:44.945403,CUST-10072,14.99,United Kingdom,Credit Card,Android,12,5,0,13,0
TX-100907,2026-08-21 00:32:44.945403,CUST-10886,9.99,Pakistan,Carrier Billing,Android,5,7,1,0,1
TX-100908,2026-08-19 08:31:44.945403,CUST-10977,19.99,Spain,Carrier Billing,iOS,15,7,1,8,1
TX-100909,2026-08-05 18:55:44.945403,CUST-10134,6.99,Pakistan,Credit Card,Web,6,8,1,18,1
TX-100910,2026-07-25 05:19:44.945403,CUST-10274,14.99,United Kingdom,Credit Card,Android,24,7,1,5,0
TX-100911,2026-07-21 08:51:44.945403,CUST-10645,9.99,Pakistan,Carrier Billing,Web,10,8,0,8,0
TX-100912,2026-08-15 19:29:44.945403,CUST-10158,9.99,United Kingdom,Mobile Wallet,Web,16,2,1,19,0
TX-100913,2026-06-19 01:30:44.945403,CUST-10928,9.99,France,Carrier Billing,Android,21,5,0,1,0
TX-100914,2026-07-08 18:01:44.945403,CUST-10582,2.99,United Kingdom,Carrier Billing,Android,16,2,1,18,0
TX-100915,2026-07-24 03:35:44.945403,CUST-10676,19.99,United Kingdom,Credit Card,iOS,8,2,0,3,0
TX-100916,2026-08-11 01:46:44.945403,CUST-10473,4.99,Spain,Credit Card,Android,2,7,1,1,1
TX-100917,2026-08-16 18:20:44.945403,CUST-10465,19.99,Germany,Mobile Wallet,iOS,10,3,0,18,0
TX-100918,2026-08-18 20:26:44.945403,CUST-10618,6.99,Pakistan,Credit Card,Web,0,1,1,20,0
TX-100919,2026-06-27 11:41:44.945403,CUST-10671,9.99,Germany,Mobile Wallet,iOS,27,8,1,11,1
TX-100920,2026-09-08 12:05:44.945403,CUST-10631,6.99,Germany,Credit Card,Android,4,3,0,12,0
TX-100921,2026-08-25 03:02:44.945403,CUST-10016,19.99,Spain,Carrier Billing,Android,15,3,0,3,0
TX-100922,2026-08-07 20:10:44.945403,CUST-10878,14.99,Spain,Carrier Billing,iOS,24,8,0,20,0
TX-100923,2026-06-13 20:11:44.945403,CUST-10119,4.99,Spain,Mobile Wallet,Web,14,8,1,20,1
TX-100924,2026-07-22 18:30:44.945403,CUST-10599,4.99,Spain,Credit Card,Web,26,7,0,18,0
TX-100925,2026-06-21 04:48:44.945403,CUST-10645,19.99,Germany,Credit Card,iOS,23,5,0,4,0
TX-100926,2026-07-26 02:26:44.945403,CUST-10525,14.99,United Kingdom,Mobile Wallet,iOS,7,1,0,2,0
TX-100927,2026-07-10 14:31:44.945403,CUST-10566,2.99,France,Mobile Wallet,iOS,28,8,0,14,0
TX-100928,2026-09-05 07:43:44.945403,CUST-10661,6.99,Germany,Mobile Wallet,iOS,0,3,1,7,0
TX-100929,2026-07-24 13:36:44.945403,CUST-10352,9.99,Spain,Mobile Wallet,Android,18,6,1,13,0
TX-100930,2026-07-08 13:27:44.945403,CUST-10740,19.99,Germany,Credit Card,Web,20,6,1,13,0
TX-100931,2026-08-27 17:26:44.945403,CUST-10165,14.99,Spain,Credit Card,Web,23,2,1,17,0
TX-100932,2026-06-30 00:18:44.945403,CUST-10160,14.99,Germany,Carrier Billing,iOS,30,8,1,0,1
TX-100933,2026-08-01 12:56:44.945403,CUST-10048,2.99,France,Credit Card,iOS,21,3,0,12,0
TX-100934,2026-09-01 06:30:44.945403,CUST-10515,2.99,Pakistan,Credit Card,iOS,3,4,0,6,0
TX-100935,2026-07-26 03:00:44.945403,CUST-10264,6.99,France,Carrier Billing,Web,8,3,0,3,0
TX-100936,2026-09-04 04:47:44.945403,CUST-10968,9.99,Germany,Carrier Billing,Android,25,2,0,4,0
TX-100937,2026-06-27 01:27:44.945403,CUST-10645,2.99,Spain,Credit Card,Android,23,5,1,1,0
TX-100938,2026-07-27 05:17:44.945403,CUST-10750,2.99,Spain,Mobile Wallet,iOS,10,3,0,5,0
TX-100939,2026-07-21 19:46:44.945403,CUST-10992,9.99,Pakistan,Carrier Billing,iOS,10,5,0,19,0
TX-100940,2026-07-15 18:07:44.945403,CUST-10732,9.99,France,Mobile Wallet,Web,7,3,1,18,0
TX-100941,2026-06-24 09:59:44.945403,CUST-10821,9.99,Germany,Credit Card,iOS,30,6,0,9,0
TX-100942,2026-08-20 22:57:44.945403,CUST-10010,19.99,United Kingdom,Carrier Billing,Android,10,6,1,22,0
TX-100943,2026-06-26 19:30:44.945403,CUST-10444,2.99,Germany,Carrier Billing,Web,29,3,0,19,0
TX-100944,2026-09-09 01:28:44.945403,CUST-10730,19.99,United Kingdom,Credit Card,iOS,12,5,1,1,0
TX-100945,2026-06-12 13:47:44.945403,CUST-10846,6.99,United Kingdom,Mobile Wallet,Android,22,7,1,13,0
TX-100946,2026-08-31 15:28:44.945403,CUST-10557,14.99,United Kingdom,Mobile Wallet,iOS,22,6,1,15,0
TX-100947,2026-08-31 01:03:44.945403,CUST-10308,2.99,Pakistan,Mobile Wallet,iOS,12,3,1,1,0
TX-100948,2026-07-28 10:17:44.945403,CUST-10565,6.99,United Kingdom,Credit Card,Web,5,1,0,10,0
TX-100949,2026-07-31 00:02:44.945403,CUST-10606,6.99,Spain,Credit Card,Web,13,2,0,0,0
TX-100950,2026-07-05 11:58:44.945403,CUST-10642,14.99,France,Carrier Billing,Android,24,2,1,11,0
TX-100951,2026-08-17 22:13:44.945403,CUST-10005,9.99,France,Carrier Billing,Web,18,4,1,22,0
TX-100952,2026-08-11 13:26:44.945403,CUST-10803,19.99,United Kingdom,Mobile Wallet,Android,22,7,0,13,0
TX-100953,2026-07-28 20:44:44.945403,CUST-10596,4.99,France,Credit Card,Android,4,7,1,20,0
TX-100954,2026-06-17 12:23:44.945403,CUST-10435,4.99,Germany,Carrier Billing,iOS,2,6,1,12,0
TX-100955,2026-07-29 02:11:44.945403,CUST-10797,9.99,France,Mobile Wallet,iOS,20,7,1,2,1
TX-100956,2026-09-06 03:04:44.945403,CUST-10501,19.99,Germany,Carrier Billing,Android,16,3,1,3,0
TX-100957,2026-06-23 15:10:44.945403,CUST-10991,19.99,United Kingdom,Mobile Wallet,Android,22,4,1,15,0
TX-100958,2026-08-18 19:16:44.945403,CUST-10160,14.99,France,Carrier Billing,Web,27,7,0,19,0
TX-100959,2026-08-02 21:34:44.945403,CUST-10296,2.99,United Kingdom,Carrier Billing,Android,11,5,1,21,0
TX-100960,2026-07-26 02:03:44.945403,CUST-10028,4.99,Spain,Mobile Wallet,iOS,1,5,1,2,0
TX-100961,2026-08-25 09:56:44.945403,CUST-10757,9.99,Pakistan,Carrier Billing,Web,11,2,0,9,0
TX-100962,2026-08-03 00:24:44.945403,CUST-10317,14.99,Germany,Credit Card,iOS,15,3,0,0,0
TX-100963,2026-07-23 19:27:44.945403,CUST-10779,9.99,Germany,Carrier Billing,Web,10,2,1,19,0
TX-100964,2026-09-01 19:08:44.945403,CUST-10404,6.99,United Kingdom,Carrier Billing,Web,28,8,1,19,1
TX-100965,2026-08-29 16:14:44.945403,CUST-10169,19.99,Pakistan,Mobile Wallet,Web,25,5,0,16,0
TX-100966,2026-06-19 14:33:44.945403,CUST-10197,14.99,United Kingdom,Mobile Wallet,Android,30,4,1,14,0
TX-100967,2026-06-13 13:18:44.945403,CUST-10123,19.99,United Kingdom,Carrier Billing,Android,8,4,0,13,0
TX-100968,2026-08-27 05:10:44.945403,CUST-10908,14.99,Germany,Carrier Billing,Web,19,6,1,5,0
TX-100969,2026-07-26 14:10:44.945403,CUST-10882,2.99,France,Credit Card,Android,13,1,1,14,0
TX-100970,2026-06-20 03:22:44.945403,CUST-10117,2.99,United Kingdom,Carrier Billing,iOS,4,3,1,3,0
TX-100971,2026-06-25 21:26:44.945403,CUST-10314,9.99,Spain,Carrier Billing,Web,30,6,0,21,0
TX-100972,2026-06-17 04:19:44.945403,CUST-10305,9.99,Pakistan,Credit Card,Android,13,6,1,4,0
TX-100973,2026-08-26 04:45:44.945403,CUST-10921,2.99,Pakistan,Carrier Billing,Android,24,4,1,4,0
TX-100974,2026-07-27 18:27:44.945403,CUST-10394,2.99,France,Carrier Billing,iOS,14,7,0,18,0
TX-100975,2026-07-18 22:43:44.945403,CUST-10648,4.99,Pakistan,Credit Card,Web,30,2,0,22,0
TX-100976,2026-08-10 03:52:44.945403,CUST-10804,4.99,France,Mobile Wallet,iOS,14,2,0,3,0
TX-100977,2026-06-24 19:32:44.945403,CUST-10382,14.99,Spain,Carrier Billing,Web,30,7,1,19,0
TX-100978,2026-08-24 19:46:44.945403,CUST-10475,14.99,France,Mobile Wallet,Android,0,1,1,19,0
TX-100979,2026-07-04 16:36:44.945403,CUST-10859,19.99,Germany,Credit Card,Web,6,5,0,16,0
TX-100980,2026-07-30 11:16:44.945403,CUST-10576,2.99,France,Carrier Billing,iOS,22,2,0,11,0
TX-100981,2026-07-07 07:01:44.945403,CUST-10899,9.99,Spain,Mobile Wallet,Web,30,6,1,7,0
TX-100982,2026-09-09 00:35:44.945403,CUST-10770,19.99,Germany,Credit Card,Android,21,6,1,0,0
TX-100983,2026-09-07 03:29:44.945403,CUST-10613,6.99,Pakistan,Mobile Wallet,Android,20,1,1,3,1
TX-100984,2026-06-12 17:27:44.945403,CUST-10688,4.99,Germany,Mobile Wallet,Web,22,8,1,17,1
TX-100985,2026-08-22 12:25:44.945403,CUST-10897,19.99,Pakistan,Mobile Wallet,Android,28,8,0,12,1
TX-100986,2026-08-24 20:04:44.945403,CUST-10385,14.99,France,Credit Card,Android,26,1,0,20,0
TX-100987,2026-09-05 01:47:44.945403,CUST-10197,9.99,Pakistan,Carrier Billing,Web,0,5,1,1,0
TX-100988,2026-08-25 03:43:44.945403,CUST-10628,19.99,France,Mobile Wallet,Android,7,8,1,3,1
TX-100989,2026-07-26 17:09:44.945403,CUST-10926,19.99,United Kingdom,Carrier Billing,Android,6,7,0,17,0
TX-100990,2026-08-02 15:45:44.945403,CUST-10512,9.99,Spain,Mobile Wallet,Android,21,3,0,15,0
TX-100991,2026-08-18 18:08:44.945403,CUST-10066,4.99,France,Mobile Wallet,Android,28,5,0,18,0
TX-100992,2026-06-13 23:02:44.945403,CUST-10993,19.99,United Kingdom,Mobile Wallet,iOS,21,8,0,23,1
TX-100993,2026-08-09 04:44:44.945403,CUST-10689,19.99,Pakistan,Credit Card,iOS,27,7,1,4,1
TX-100994,2026-07-29 00:45:44.945403,CUST-10477,9.99,France,Mobile Wallet,Android,28,4,0,0,0
TX-100995,2026-07-20 02:10:44.945403,CUST-10545,9.99,France,Carrier Billing,iOS,6,6,0,2,0
TX-100996,2026-08-24 08:55:44.945403,CUST-10025,19.99,Spain,Mobile Wallet,iOS,30,2,0,8,0
TX-100997,2026-07-11 19:44:44.945403,CUST-10318,2.99,Pakistan,Carrier Billing,iOS,13,1,1,19,0
TX-100998,2026-07-04 08:26:44.945403,CUST-10110,9.99,Spain,Credit Card,Android,26,6,0,8,0
TX-100999,2026-08-21 11:11:44.945403,CUST-10614,14.99,Germany,Carrier Billing,Web,14,2,0,11,0
TX-101000,2026-09-03 07:07:44.945403,CUST-10034,9.99,France,Mobile Wallet,Android,25,3,0,7,0
TX-101001,2026-07-22 01:55:44.945403,CUST-10056,6.99,United Kingdom,Mobile Wallet,iOS,2,2,0,1,0
TX-101002,2026-07-08 16:47:44.945403,CUST-10870,9.99,Germany,Carrier Billing,Web,24,7,0,16,0
TX-101003,2026-08-22 12:47:44.945403,CUST-10675,14.99,Pakistan,Credit Card,iOS,14,7,0,12,0
TX-101004,2026-09-05 04:43:44.945403,CUST-10691,2.99,Germany,Mobile Wallet,iOS,18,4,0,4,0
TX-101005,2026-08-05 00:42:44.945403,CUST-10730,2.99,United Kingdom,Carrier Billing,Web,4,5,1,0,0
TX-101006,2026-08-16 19:29:44.945403,CUST-10635,9.99,Spain,Carrier Billing,Android,25,1,0,19,0
TX-101007,2026-08-04 01:26:44.945403,CUST-10446,14.99,France,Credit Card,Web,28,3,0,1,0
TX-101008,2026-08-05 18:31:44.945403,CUST-10351,6.99,France,Carrier Billing,Web,18,3,0,18,0
TX-101009,2026-08-25 10:04:44.945403,CUST-10855,14.99,Pakistan,Credit Card,iOS,6,4,0,10,0
TX-101010,2026-07-12 22:39:44.945403,CUST-10193,19.99,Germany,Mobile Wallet,Web,14,6,1,22,0
TX-101011,2026-07-19 23:11:44.945403,CUST-10336,4.99,Pakistan,Credit Card,Android,15,4,0,23,0
TX-101012,2026-08-13 22:53:44.945403,CUST-10235,9.99,United Kingdom,Carrier Billing,Android,15,6,1,22,0
TX-101013,2026-06-28 15:01:44.945403,CUST-10845,2.99,France,Carrier Billing,Android,11,1,0,15,0
TX-101014,2026-07-21 22:37:44.945403,CUST-10199,19.99,United Kingdom,Credit Card,Android,0,4,0,22,0
TX-101015,2026-07-01 18:49:44.945403,CUST-10906,6.99,Spain,Credit Card,Web,7,3,0,18,0
TX-101016,2026-08-27 13:50:44.945403,CUST-10268,2.99,Pakistan,Mobile Wallet,Android,12,2,1,13,0
TX-101017,2026-07-09 14:58:44.945403,CUST-10467,4.99,France,Credit Card,Web,5,7,0,14,0
TX-101018,2026-08-31 04:52:44.945403,CUST-10946,4.99,Spain,Carrier Billing,Web,12,6,1,4,0
TX-101019,2026-09-08 18:46:44.945403,CUST-10651,4.99,Pakistan,Mobile Wallet,Web,6,5,0,18,0
TX-101020,2026-06-16 16:52:44.945403,CUST-10644,6.99,Spain,Mobile Wallet,Web,28,8,0,16,0
TX-101021,2026-08-22 06:39:44.945403,CUST-10481,19.99,United Kingdom,Carrier Billing,Android,16,7,1,6,1
TX-101022,2026-07-24 02:44:44.945403,CUST-10183,6.99,France,Mobile Wallet,Web,15,8,1,2,1
TX-101023,2026-07-18 08:24:44.945403,CUST-10653,14.99,Pakistan,Carrier Billing,Android,28,4,1,8,0
TX-101024,2026-07-17 21:23:44.945403,CUST-10223,6.99,Germany,Credit Card,Web,5,6,1,21,0
TX-101025,2026-06-24 01:58:44.945403,CUST-10769,2.99,France,Credit Card,Web,11,4,0,1,0
TX-101026,2026-08-07 09:24:44.945403,CUST-10344,9.99,Germany,Credit Card,iOS,13,6,1,9,0
TX-101027,2026-07-16 15:50:44.945403,CUST-10025,4.99,Germany,Carrier Billing,iOS,20,2,1,15,0
TX-101028,2026-07-08 15:55:44.945403,CUST-10862,14.99,United Kingdom,Mobile Wallet,Web,2,5,0,15,0
TX-101029,2026-06-18 08:23:44.945403,CUST-10368,2.99,United Kingdom,Carrier Billing,iOS,6,6,1,8,0
TX-101030,2026-08-25 02:09:44.945403,CUST-10786,19.99,France,Carrier Billing,Web,19,3,1,2,1
TX-101031,2026-07-09 02:44:44.945403,CUST-10288,6.99,Germany,Credit Card,Web,24,1,1,2,0
TX-101032,2026-08-20 03:18:44.945403,CUST-10974,4.99,Germany,Carrier Billing,Android,23,4,1,3,0
TX-101033,2026-08-04 06:51:44.945403,CUST-10804,14.99,Germany,Mobile Wallet,iOS,10,2,1,6,0
TX-101034,2026-07-20 21:14:44.945403,CUST-10788,19.99,Germany,Carrier Billing,iOS,14,1,1,21,0
TX-101035,2026-08-30 09:16:44.945403,CUST-10131,6.99,Pakistan,Credit Card,Web,26,6,1,9,0
TX-101036,2026-07-20 14:31:44.945403,CUST-10702,9.99,United Kingdom,Credit Card,iOS,18,1,0,14,0
TX-101037,2026-06-25 20:16:44.945403,CUST-10975,6.99,United Kingdom,Mobile Wallet,Web,29,7,1,20,0
TX-101038,2026-07-17 09:53:44.945403,CUST-10065,14.99,Germany,Carrier Billing,iOS,3,6,1,9,0
TX-101039,2026-07-09 14:02:44.945403,CUST-10095,4.99,Pakistan,Mobile Wallet,Web,5,1,1,14,0
TX-101040,2026-06-29 23:15:44.945403,CUST-10071,9.99,France,Carrier Billing,Android,9,2,1,23,0
TX-101041,2026-07-29 01:16:44.945403,CUST-10011,4.99,France,Credit Card,iOS,5,2,0,1,0
TX-101042,2026-07-25 09:17:44.945403,CUST-10760,2.99,Germany,Carrier Billing,Android,27,4,1,9,0
TX-101043,2026-08-15 10:50:44.945403,CUST-10680,9.99,Spain,Mobile Wallet,Web,30,5,0,10,0
TX-101044,2026-08-13 04:34:44.945403,CUST-10469,6.99,Spain,Carrier Billing,Android,14,2,1,4,0
TX-101045,2026-07-04 07:45:44.945403,CUST-10538,6.99,United Kingdom,Credit Card,iOS,14,1,0,7,0
TX-101046,2026-08-31 01:05:44.945403,CUST-10940,9.99,France,Mobile Wallet,Web,25,5,1,1,0
TX-101047,2026-08-24 13:58:44.945403,CUST-10870,4.99,Germany,Carrier Billing,Android,28,7,1,13,0
TX-101048,2026-08-10 20:18:44.945403,CUST-10187,19.99,United Kingdom,Carrier Billing,iOS,22,1,0,20,0
TX-101049,2026-06-26 05:32:44.945403,CUST-10280,19.99,United Kingdom,Credit Card,Web,29,2,0,5,0
TX-101050,2026-07-19 06:59:44.945403,CUST-10780,14.99,Pakistan,Credit Card,Android,24,2,1,6,0
TX-101051,2026-06-26 20:37:44.945403,CUST-10258,4.99,United Kingdom,Carrier Billing,iOS,0,2,1,20,0
TX-101052,2026-08-18 18:06:44.945403,CUST-10408,4.99,Germany,Carrier Billing,Android,8,2,0,18,0
TX-101053,2026-08-19 00:02:44.945403,CUST-10475,9.99,Germany,Carrier Billing,Android,17,4,1,0,0
TX-101054,2026-08-25 12:46:44.945403,CUST-10285,4.99,Spain,Carrier Billing,Web,3,3,1,12,0
TX-101055,2026-08-18 08:14:44.945403,CUST-10400,4.99,Pakistan,Mobile Wallet,Android,21,5,0,8,0
TX-101056,2026-06-28 01:14:44.945403,CUST-10221,19.99,Pakistan,Mobile Wallet,Web,6,8,0,1,1
TX-101057,2026-08-24 17:18:44.945403,CUST-10535,19.99,Pakistan,Credit Card,Web,9,8,0,17,1
TX-101058,2026-06-16 06:50:44.945403,CUST-10790,9.99,Spain,Carrier Billing,iOS,29,4,0,6,0
TX-101059,2026-07-20 05:42:44.945403,CUST-10028,2.99,France,Carrier Billing,Web,21,2,0,5,0
TX-101060,2026-06-20 15:33:44.945403,CUST-10816,19.99,Spain,Mobile Wallet,Android,1,7,0,15,1
TX-101061,2026-07-11 05:26:44.945403,CUST-10575,19.99,Spain,Mobile Wallet,Android,29,7,1,5,1
TX-101062,2026-07-01 07:32:44.945403,CUST-10108,6.99,France,Carrier Billing,Android,12,6,0,7,0
TX-101063,2026-07-23 14:44:44.945403,CUST-10225,2.99,France,Mobile Wallet,Web,11,1,0,14,0
TX-101064,2026-07-19 06:35:44.945403,CUST-10308,14.99,Germany,Carrier Billing,Web,17,3,1,6,0
TX-101065,2026-08-05 10:57:44.945403,CUST-10332,19.99,Germany,Mobile Wallet,Web,4,6,0,10,0
TX-101066,2026-08-31 07:35:44.945403,CUST-10704,6.99,Germany,Carrier Billing,iOS,0,8,1,7,1
TX-101067,2026-08-18 09:03:44.945403,CUST-10238,14.99,United Kingdom,Mobile Wallet,Android,7,1,0,9,0
TX-101068,2026-08-18 00:31:44.945403,CUST-10438,4.99,United Kingdom,Carrier Billing,Android,4,6,1,0,0
TX-101069,2026-06-25 15:51:44.945403,CUST-10384,4.99,Pakistan,Carrier Billing,Web,19,8,1,15,1
TX-101070,2026-07-10 18:12:44.945403,CUST-10659,2.99,United Kingdom,Credit Card,Web,26,5,0,18,0
TX-101071,2026-08-17 13:31:44.945403,CUST-10339,6.99,Spain,Carrier Billing,Web,1,4,0,13,0
TX-101072,2026-07-16 13:54:44.945403,CUST-10533,6.99,Spain,Credit Card,Web,0,2,1,13,0
TX-101073,2026-06-29 08:58:44.945403,CUST-10053,19.99,Spain,Carrier Billing,Android,2,3,0,8,0
TX-101074,2026-06-18 23:17:44.945403,CUST-10436,19.99,Germany,Credit Card,Android,23,4,0,23,0
TX-101075,2026-08-06 00:02:44.945403,CUST-10254,6.99,France,Mobile Wallet,iOS,30,4,1,0,0
TX-101076,2026-07-25 15:40:44.945403,CUST-10081,6.99,Germany,Credit Card,Android,15,8,1,15,1
TX-101077,2026-08-17 18:00:44.945403,CUST-10443,4.99,Germany,Carrier Billing,iOS,13,2,1,18,0
TX-101078,2026-06-25 18:19:44.945403,CUST-10566,19.99,Spain,Credit Card,iOS,14,5,1,18,0
TX-101079,2026-08-02 00:33:44.945403,CUST-10620,9.99,Pakistan,Credit Card,Android,22,8,0,0,1
TX-101080,2026-06-29 02:46:44.945403,CUST-10004,2.99,United Kingdom,Mobile Wallet,Web,11,8,1,2,1
TX-101081,2026-09-05 10:37:44.945403,CUST-10404,19.99,France,Credit Card,iOS,9,2,1,10,0
TX-101082,2026-09-03 17:48:44.945403,CUST-10127,9.99,United Kingdom,Carrier Billing,Android,24,7,1,17,0
TX-101083,2026-08-19 06:22:44.945403,CUST-10739,6.99,United Kingdom,Mobile Wallet,iOS,20,6,0,6,0
TX-101084,2026-09-04 04:32:44.945403,CUST-10434,19.99,Spain,Carrier Billing,iOS,1,6,0,4,0
TX-101085,2026-08-09 14:17:44.945403,CUST-10151,6.99,United Kingdom,Credit Card,Web,4,5,0,14,0
TX-101086,2026-09-06 11:43:44.945403,CUST-10678,4.99,Pakistan,Carrier Billing,Android,20,7,1,11,0
TX-101087,2026-09-08 12:35:44.945403,CUST-10922,2.99,United Kingdom,Carrier Billing,iOS,5,7,1,12,0
TX-101088,2026-07-27 10:12:44.945403,CUST-10990,14.99,Germany,Mobile Wallet,iOS,23,7,0,10,0
TX-101089,2026-08-02 23:25:44.945403,CUST-10795,6.99,Spain,Credit Card,Web,6,7,1,23,1
TX-101090,2026-06-27 04:24:44.945403,CUST-10835,9.99,Pakistan,Carrier Billing,Android,24,7,1,4,0
TX-101091,2026-08-17 13:53:44.945403,CUST-10441,4.99,Spain,Credit Card,Android,22,3,0,13,0
TX-101092,2026-07-27 14:30:44.945403,CUST-10971,2.99,Germany,Mobile Wallet,Android,5,4,0,14,0
TX-101093,2026-08-24 12:12:44.945403,CUST-10777,4.99,France,Credit Card,iOS,20,2,0,12,0
TX-101094,2026-06-19 15:45:44.945403,CUST-10386,2.99,France,Carrier Billing,iOS,0,4,1,15,0
TX-101095,2026-08-20 01:56:44.945403,CUST-10103,2.99,Pakistan,Credit Card,Android,21,1,0,1,0
TX-101096,2026-08-22 22:13:44.945403,CUST-10007,9.99,United Kingdom,Mobile Wallet,iOS,29,8,1,22,1
TX-101097,2026-08-05 20:48:44.945403,CUST-10439,6.99,France,Mobile Wallet,iOS,10,4,1,20,0
TX-101098,2026-07-16 07:14:44.945403,CUST-10625,2.99,France,Credit Card,Android,0,8,1,7,1
TX-101099,2026-08-31 16:20:44.945403,CUST-10947,4.99,Pakistan,Mobile Wallet,Android,27,5,0,16,0
TX-101100,2026-08-07 03:20:44.945403,CUST-10702,19.99,Germany,Mobile Wallet,iOS,21,4,0,3,0
TX-101101,2026-09-07 00:19:44.945403,CUST-10964,6.99,Pakistan,Mobile Wallet,iOS,27,1,1,0,0
TX-101102,2026-07-03 02:44:44.945403,CUST-10621,9.99,Germany,Mobile Wallet,Web,25,2,1,2,0
TX-101103,2026-09-04 15:23:44.945403,CUST-10964,9.99,Pakistan,Mobile Wallet,iOS,9,4,0,15,0
TX-101104,2026-08-30 14:41:44.945403,CUST-10585,19.99,United Kingdom,Carrier Billing,Android,15,2,1,14,0
TX-101105,2026-07-31 19:17:44.945403,CUST-10895,9.99,Spain,Credit Card,Android,15,4,0,19,0
TX-101106,2026-08-19 10:02:44.945403,CUST-10966,19.99,Pakistan,Carrier Billing,iOS,22,1,0,10,0
TX-101107,2026-07-11 13:47:44.945403,CUST-10924,9.99,France,Carrier Billing,Web,8,8,0,13,0
TX-101108,2026-09-03 20:16:44.945403,CUST-10547,19.99,Germany,Carrier Billing,Web,10,4,0,20,0
TX-101109,2026-07-16 04:07:44.945403,CUST-10932,19.99,Germany,Mobile Wallet,Web,25,7,0,4,0
TX-101110,2026-06-22 09:15:44.945403,CUST-10297,2.99,Pakistan,Carrier Billing,iOS,23,4,0,9,0
TX-101111,2026-06-23 10:52:44.945403,CUST-10873,6.99,Germany,Mobile Wallet,Web,0,5,0,10,0
TX-101112,2026-06-29 03:17:44.945403,CUST-10867,9.99,Germany,Credit Card,iOS,25,3,0,3,0
TX-101113,2026-06-12 16:36:44.945403,CUST-10551,9.99,France,Carrier Billing,iOS,26,4,1,16,0
TX-101114,2026-06-25 06:35:44.945403,CUST-10615,6.99,Spain,Mobile Wallet,Web,27,1,1,6,0
TX-101115,2026-08-13 12:48:44.945403,CUST-10126,6.99,United Kingdom,Credit Card,Web,26,4,1,12,0
TX-101116,2026-09-07 19:52:44.945403,CUST-10385,2.99,France,Carrier Billing,Web,6,4,0,19,0
TX-101117,2026-08-21 11:48:44.945403,CUST-10183,9.99,Germany,Credit Card,Web,29,3,0,11,0
TX-101118,2026-07-12 13:37:44.945403,CUST-10432,19.99,Germany,Credit Card,iOS,12,2,1,13,0
TX-101119,2026-09-03 20:59:44.945403,CUST-10199,19.99,United Kingdom,Credit Card,Android,4,6,0,20,0
TX-101120,2026-08-15 10:39:44.945403,CUST-10311,9.99,Spain,Mobile Wallet,Android,14,8,1,10,1
TX-101121,2026-06-30 22:46:44.945403,CUST-10223,19.99,Spain,Mobile Wallet,Web,0,6,0,22,0
TX-101122,2026-09-09 19:54:44.945403,CUST-10879,4.99,Germany,Credit Card,Web,26,3,0,19,0
TX-101123,2026-09-08 12:36:44.945403,CUST-10485,4.99,Pakistan,Carrier Billing,Web,20,6,1,12,0
TX-101124,2026-08-07 22:10:44.945403,CUST-10739,9.99,Spain,Carrier Billing,Android,7,7,1,22,0
TX-101125,2026-08-05 02:51:44.945403,CUST-10977,4.99,Germany,Mobile Wallet,Web,21,2,1,2,0
TX-101126,2026-08-10 01:09:44.945403,CUST-10391,6.99,Germany,Credit Card,Android,3,2,0,1,0
TX-101127,2026-08-09 05:42:44.945403,CUST-10684,14.99,Spain,Carrier Billing,Web,18,8,1,5,1
TX-101128,2026-06-20 11:05:44.945403,CUST-10813,14.99,Spain,Credit Card,iOS,20,7,1,11,0
TX-101129,2026-06-20 21:45:44.945403,CUST-10333,2.99,United Kingdom,Carrier Billing,iOS,26,1,1,21,0
TX-101130,2026-07-30 16:21:44.945403,CUST-10802,14.99,Germany,Carrier Billing,Web,26,2,0,16,0
TX-101131,2026-09-01 13:22:44.945403,CUST-10120,4.99,United Kingdom,Mobile Wallet,Android,0,8,1,13,1
TX-101132,2026-06-23 13:56:44.945403,CUST-10588,4.99,Spain,Carrier Billing,Web,8,1,0,13,0
TX-101133,2026-07-27 22:13:44.945403,CUST-10305,6.99,United Kingdom,Carrier Billing,iOS,30,1,0,22,0
TX-101134,2026-09-05 23:34:44.945403,CUST-10968,14.99,France,Mobile Wallet,Web,14,3,1,23,0
TX-101135,2026-07-29 10:18:44.945403,CUST-10932,6.99,United Kingdom,Mobile Wallet,Web,6,2,0,10,0
TX-101136,2026-06-28 23:23:44.945403,CUST-10145,6.99,Spain,Carrier Billing,Web,17,4,1,23,0
TX-101137,2026-08-17 05:17:44.945403,CUST-10637,9.99,Pakistan,Mobile Wallet,iOS,8,7,0,5,0
TX-101138,2026-06-19 10:24:44.945403,CUST-10967,6.99,Germany,Mobile Wallet,Android,17,4,0,10,0
TX-101139,2026-07-06 09:02:44.945403,CUST-10648,19.99,Spain,Mobile Wallet,iOS,18,3,1,9,0
TX-101140,2026-07-10 15:37:44.945403,CUST-10806,9.99,Germany,Carrier Billing,Web,7,2,1,15,0
TX-101141,2026-06-21 20:48:44.945403,CUST-10700,14.99,Germany,Carrier Billing,iOS,20,2,1,20,0
TX-101142,2026-08-21 16:15:44.945403,CUST-10279,4.99,Spain,Credit Card,Android,3,7,0,16,0
TX-101143,2026-06-21 09:54:44.945403,CUST-10801,2.99,Spain,Mobile Wallet,Web,28,5,1,9,0
TX-101144,2026-07-13 14:43:44.945403,CUST-10717,14.99,France,Mobile Wallet,iOS,19,2,0,14,0
TX-101145,2026-09-06 00:12:44.945403,CUST-10769,9.99,Spain,Credit Card,Web,21,7,1,0,1
TX-101146,2026-07-05 10:27:44.945403,CUST-10009,19.99,United Kingdom,Mobile Wallet,Android,21,3,0,10,0
TX-101147,2026-08-17 19:05:44.945403,CUST-10273,2.99,France,Mobile Wallet,Android,21,7,1,19,0
TX-101148,2026-09-09 15:01:44.945403,CUST-10362,9.99,United Kingdom,Credit Card,iOS,30,7,0,15,0
TX-101149,2026-08-28 22:41:44.945403,CUST-10089,6.99,Germany,Credit Card,Android,20,2,0,22,0
TX-101150,2026-09-05 20:37:44.945403,CUST-10095,4.99,United Kingdom,Carrier Billing,Android,23,5,1,20,0
TX-101151,2026-06-12 19:53:44.945403,CUST-10985,9.99,United Kingdom,Mobile Wallet,Android,15,8,0,19,0
TX-101152,2026-08-06 22:49:44.945403,CUST-10194,19.99,Pakistan,Mobile Wallet,iOS,22,6,0,22,0
TX-101153,2026-08-11 00:53:44.945403,CUST-10973,14.99,United Kingdom,Carrier Billing,Web,14,3,0,0,0
TX-101154,2026-07-15 06:22:44.945403,CUST-10859,4.99,United Kingdom,Credit Card,Android,13,8,1,6,1
TX-101155,2026-09-08 02:56:44.945403,CUST-10115,6.99,Spain,Mobile Wallet,Android,9,5,1,2,0
TX-101156,2026-07-01 05:58:44.945403,CUST-10002,19.99,United Kingdom,Credit Card,Android,29,5,0,5,0
TX-101157,2026-09-01 02:12:44.945403,CUST-10632,9.99,Pakistan,Credit Card,Android,19,8,1,2,1
TX-101158,2026-06-21 14:38:44.945403,CUST-10005,6.99,Spain,Credit Card,iOS,0,2,1,14,0
TX-101159,2026-06-19 13:39:44.945403,CUST-10541,14.99,Spain,Credit Card,Android,29,8,0,13,0
TX-101160,2026-08-10 14:58:44.945403,CUST-10256,4.99,Germany,Credit Card,iOS,9,6,1,14,0
TX-101161,2026-07-30 16:22:44.945403,CUST-10831,6.99,Pakistan,Credit Card,Web,26,8,0,16,0
TX-101162,2026-08-18 20:34:44.945403,CUST-10444,2.99,France,Mobile Wallet,Android,3,4,1,20,0
TX-101163,2026-07-17 18:25:44.945403,CUST-10431,19.99,France,Carrier Billing,Android,21,4,1,18,0
TX-101164,2026-09-09 07:46:44.945403,CUST-10272,2.99,Germany,Credit Card,Web,15,3,1,7,0
TX-101165,2026-08-21 21:12:44.945403,CUST-10902,9.99,United Kingdom,Mobile Wallet,Web,26,7,0,21,0
TX-101166,2026-06-21 16:11:44.945403,CUST-10811,2.99,Spain,Carrier Billing,iOS,16,1,0,16,0
TX-101167,2026-08-26 09:20:44.945403,CUST-10350,9.99,United Kingdom,Mobile Wallet,Android,13,8,1,9,1
TX-101168,2026-06-19 09:00:44.945403,CUST-10779,9.99,Spain,Mobile Wallet,Android,23,3,0,9,0
TX-101169,2026-06-22 07:47:44.945403,CUST-10884,6.99,Spain,Mobile Wallet,iOS,6,8,0,7,0
TX-101170,2026-07-27 13:53:44.945403,CUST-10625,4.99,Spain,Mobile Wallet,Web,20,3,0,13,0
TX-101171,2026-07-18 09:08:44.945403,CUST-10039,6.99,Spain,Carrier Billing,iOS,0,4,0,9,0
TX-101172,2026-07-16 11:25:44.945403,CUST-10417,14.99,France,Mobile Wallet,Web,7,4,1,11,0
TX-101173,2026-06-17 10:33:44.945403,CUST-10522,9.99,Pakistan,Credit Card,Android,8,6,1,10,0
TX-101174,2026-08-15 15:00:44.945403,CUST-10428,4.99,France,Carrier Billing,Android,1,1,0,15,0
TX-101175,2026-07-11 03:09:44.945403,CUST-10217,6.99,Germany,Credit Card,Web,3,7,0,3,0
TX-101176,2026-07-26 13:45:44.945403,CUST-10372,6.99,France,Carrier Billing,Android,21,1,0,13,0
TX-101177,2026-08-18 07:54:44.945403,CUST-10829,6.99,United Kingdom,Mobile Wallet,Web,11,4,1,7,0
TX-101178,2026-07-16 19:30:44.945403,CUST-10089,2.99,Spain,Mobile Wallet,Web,19,2,0,19,0
TX-101179,2026-09-02 21:12:44.945403,CUST-10905,19.99,Spain,Carrier Billing,Web,14,2,0,21,0
TX-101180,2026-08-07 04:46:44.945403,CUST-10351,6.99,Germany,Carrier Billing,Web,23,3,0,4,0
TX-101181,2026-07-19 22:07:44.945403,CUST-10563,19.99,France,Mobile Wallet,iOS,28,6,1,22,0
TX-101182,2026-06-22 13:03:44.945403,CUST-10932,9.99,Pakistan,Credit Card,iOS,16,1,0,13,0
TX-101183,2026-08-14 06:30:44.945403,CUST-10990,4.99,France,Carrier Billing,Web,1,4,1,6,0
TX-101184,2026-07-30 07:43:44.945403,CUST-10891,14.99,Pakistan,Carrier Billing,iOS,24,7,1,7,0
TX-101185,2026-07-06 13:37:44.945403,CUST-10211,4.99,Pakistan,Carrier Billing,Web,6,1,1,13,0
TX-101186,2026-08-16 10:39:44.945403,CUST-10537,6.99,France,Carrier Billing,iOS,22,5,0,10,0
TX-101187,2026-06-16 00:10:44.945403,CUST-10546,4.99,France,Carrier Billing,Web,4,5,0,0,0
TX-101188,2026-08-22 19:40:44.945403,CUST-10052,19.99,Spain,Carrier Billing,Web,3,1,1,19,0
TX-101189,2026-09-08 08:22:44.945403,CUST-10377,6.99,Pakistan,Mobile Wallet,Web,8,3,1,8,0
TX-101190,2026-07-08 16:44:44.945403,CUST-10332,2.99,Pakistan,Credit Card,Android,23,5,0,16,0
TX-101191,2026-06-13 06:41:44.945403,CUST-10550,19.99,United Kingdom,Carrier Billing,Web,23,7,1,6,1
TX-101192,2026-08-08 14:11:44.945403,CUST-10618,14.99,Spain,Credit Card,Android,10,5,0,14,0
TX-101193,2026-08-24 09:03:44.945403,CUST-10878,9.99,Spain,Credit Card,Android,23,7,1,9,0
TX-101194,2026-07-25 10:56:44.945403,CUST-10095,9.99,Spain,Credit Card,Android,26,3,0,10,0
TX-101195,2026-09-05 17:19:44.945403,CUST-10746,4.99,France,Carrier Billing,iOS,5,3,1,17,0
TX-101196,2026-06-28 22:53:44.945403,CUST-10071,4.99,Pakistan,Credit Card,Android,14,7,0,22,0
TX-101197,2026-06-24 08:27:44.945403,CUST-10744,2.99,United Kingdom,Carrier Billing,iOS,12,1,0,8,0
TX-101198,2026-08-20 08:18:44.945403,CUST-10850,19.99,Pakistan,Carrier Billing,Android,24,2,1,8,0
TX-101199,2026-08-07 23:04:44.945403,CUST-10614,2.99,Pakistan,Carrier Billing,Web,23,6,0,23,0
TX-101200,2026-07-25 14:02:44.945403,CUST-10777,14.99,Germany,Carrier Billing,iOS,10,8,0,14,0
TX-101201,2026-07-31 07:53:44.945403,CUST-10708,6.99,United Kingdom,Carrier Billing,Android,26,1,0,7,0
TX-101202,2026-06-21 04:35:44.945403,CUST-10523,9.99,Spain,Carrier Billing,Android,0,4,1,4,0
TX-101203,2026-07-14 00:21:44.945403,CUST-10671,6.99,Spain,Mobile Wallet,iOS,21,2,1,0,0
TX-101204,2026-06-21 21:07:44.945403,CUST-10229,2.99,France,Credit Card,Android,19,6,0,21,0
TX-101205,2026-09-04 00:34:44.945403,CUST-10941,2.99,Pakistan,Mobile Wallet,Android,5,7,1,0,1
TX-101206,2026-08-12 16:46:44.945403,CUST-10435,4.99,France,Mobile Wallet,iOS,11,2,1,16,0
TX-101207,2026-08-11 02:06:44.945403,CUST-10377,6.99,Pakistan,Carrier Billing,Android,24,3,1,2,0
TX-101208,2026-07-22 12:21:44.945403,CUST-10738,9.99,Pakistan,Carrier Billing,Web,13,5,0,12,0
TX-101209,2026-06-23 11:08:44.945403,CUST-10186,9.99,France,Credit Card,iOS,13,8,1,11,1
TX-101210,2026-08-08 19:12:44.945403,CUST-10341,4.99,Spain,Credit Card,iOS,17,8,1,19,1
TX-101211,2026-08-25 14:55:44.945403,CUST-10235,9.99,Pakistan,Mobile Wallet,Web,13,4,0,14,0
TX-101212,2026-06-12 02:47:44.945403,CUST-10208,2.99,France,Mobile Wallet,iOS,30,3,0,2,0
TX-101213,2026-07-13 15:41:44.945403,CUST-10369,4.99,France,Credit Card,Android,26,7,0,15,0
TX-101214,2026-07-02 07:09:44.945403,CUST-10057,19.99,Spain,Carrier Billing,Web,22,3,1,7,0
TX-101215,2026-08-14 05:14:44.945403,CUST-10988,9.99,France,Carrier Billing,Web,3,2,1,5,0
TX-101216,2026-08-30 02:07:44.945403,CUST-10161,2.99,Spain,Credit Card,Android,2,4,0,2,0
TX-101217,2026-08-26 12:01:44.945403,CUST-10833,9.99,Spain,Carrier Billing,iOS,23,3,1,12,0
TX-101218,2026-08-16 14:59:44.945403,CUST-10345,9.99,Pakistan,Credit Card,Android,4,1,0,14,0
TX-101219,2026-06-27 15:43:44.945403,CUST-10515,4.99,Pakistan,Credit Card,iOS,21,8,1,15,1
TX-101220,2026-07-27 12:53:44.945403,CUST-10313,19.99,Spain,Credit Card,Android,8,2,1,12,0
TX-101221,2026-06-23 05:53:44.945403,CUST-10760,4.99,Germany,Mobile Wallet,Android,7,7,0,5,0
TX-101222,2026-09-08 16:36:44.945403,CUST-10572,14.99,Pakistan,Mobile Wallet,iOS,15,6,1,16,0
TX-101223,2026-06-26 20:35:44.945403,CUST-10055,6.99,Germany,Carrier Billing,iOS,3,2,0,20,0
TX-101224,2026-08-21 17:50:44.945403,CUST-10866,6.99,Pakistan,Carrier Billing,iOS,5,2,0,17,0
TX-101225,2026-06-12 20:30:44.945403,CUST-10774,6.99,Spain,Mobile Wallet,Android,20,1,0,20,0
TX-101226,2026-09-08 18:05:44.945403,CUST-10583,14.99,Pakistan,Mobile Wallet,iOS,1,1,1,18,0
TX-101227,2026-07-09 22:41:44.945403,CUST-10008,6.99,France,Credit Card,Web,6,6,1,22,0
TX-101228,2026-09-08 11:56:44.945403,CUST-10132,19.99,Pakistan,Credit Card,iOS,28,2,0,11,0
TX-101229,2026-08-23 07:34:44.945403,CUST-10391,9.99,United Kingdom,Carrier Billing,iOS,5,3,1,7,0
TX-101230,2026-08-07 19:56:44.945403,CUST-10095,19.99,Spain,Carrier Billing,Web,20,3,0,19,0
TX-101231,2026-07-27 12:20:44.945403,CUST-10528,19.99,United Kingdom,Mobile Wallet,Web,29,6,1,12,0
TX-101232,2026-07-12 17:08:44.945403,CUST-10297,6.99,United Kingdom,Credit Card,Android,28,7,0,17,0
TX-101233,2026-08-06 09:56:44.945403,CUST-10621,2.99,Spain,Mobile Wallet,Web,15,2,0,9,0
TX-101234,2026-08-30 02:04:44.945403,CUST-10316,14.99,Pakistan,Credit Card,Android,14,6,0,2,0
TX-101235,2026-06-26 13:16:44.945403,CUST-10069,6.99,United Kingdom,Credit Card,iOS,2,2,0,13,0
TX-101236,2026-07-23 19:02:44.945403,CUST-10264,9.99,France,Credit Card,Web,29,3,0,19,0
TX-101237,2026-07-26 07:09:44.945403,CUST-10040,6.99,France,Credit Card,iOS,27,3,1,7,0
TX-101238,2026-08-27 18:06:44.945403,CUST-10639,6.99,France,Carrier Billing,Web,13,8,1,18,1
TX-101239,2026-08-12 23:35:44.945403,CUST-10043,14.99,Pakistan,Mobile Wallet,Android,22,1,0,23,0
TX-101240,2026-07-08 07:29:44.945403,CUST-10384,4.99,United Kingdom,Credit Card,Android,7,7,1,7,0
TX-101241,2026-07-13 14:47:44.945403,CUST-10477,9.99,United Kingdom,Credit Card,Android,2,3,0,14,0
TX-101242,2026-09-03 19:44:44.945403,CUST-10406,9.99,Spain,Credit Card,iOS,2,6,1,19,0
TX-101243,2026-07-26 02:51:44.945403,CUST-10217,19.99,Germany,Carrier Billing,iOS,14,1,0,2,0
TX-101244,2026-06-25 02:24:44.945403,CUST-10655,4.99,France,Mobile Wallet,Android,19,7,0,2,0
TX-101245,2026-07-14 18:13:44.945403,CUST-10808,9.99,Germany,Carrier Billing,Android,6,1,1,18,0
TX-101246,2026-08-08 17:12:44.945403,CUST-10180,2.99,Spain,Carrier Billing,iOS,12,2,1,17,0
TX-101247,2026-07-22 22:40:44.945403,CUST-10892,9.99,United Kingdom,Carrier Billing,Web,28,5,0,22,0
TX-101248,2026-06-20 06:28:44.945403,CUST-10916,9.99,France,Credit Card,Android,6,6,1,6,0
TX-101249,2026-07-30 14:21:44.945403,CUST-10705,4.99,Germany,Credit Card,Web,18,7,0,14,0
TX-101250,2026-09-01 05:01:44.945403,CUST-10611,4.99,Pakistan,Mobile Wallet,Web,18,3,1,5,0
TX-101251,2026-08-25 19:30:44.945403,CUST-10961,19.99,France,Carrier Billing,Android,28,8,0,19,1
TX-101252,2026-07-10 15:44:44.945403,CUST-10116,19.99,Germany,Credit Card,Web,23,1,1,15,0
TX-101253,2026-08-28 21:15:44.945403,CUST-10128,19.99,Germany,Mobile Wallet,Web,3,1,0,21,0
TX-101254,2026-06-28 22:28:44.945403,CUST-10430,19.99,United Kingdom,Carrier Billing,Web,12,4,1,22,0
TX-101255,2026-06-29 06:07:44.945403,CUST-10995,19.99,United Kingdom,Carrier Billing,iOS,26,6,0,6,0
TX-101256,2026-07-09 19:06:44.945403,CUST-10514,2.99,Germany,Mobile Wallet,iOS,13,7,1,19,0
TX-101257,2026-07-31 05:34:44.945403,CUST-10436,14.99,France,Carrier Billing,Android,14,7,1,5,0
TX-101258,2026-08-05 00:05:44.945403,CUST-10166,14.99,Germany,Credit Card,iOS,27,7,1,0,1
TX-101259,2026-09-05 05:24:44.945403,CUST-10947,2.99,Pakistan,Carrier Billing,Android,20,1,1,5,0
TX-101260,2026-08-19 02:48:44.945403,CUST-10769,14.99,United Kingdom,Carrier Billing,Web,14,1,1,2,0
TX-101261,2026-07-01 03:22:44.945403,CUST-10228,9.99,United Kingdom,Credit Card,Android,6,8,0,3,1
TX-101262,2026-08-23 02:30:44.945403,CUST-10935,9.99,Germany,Mobile Wallet,Web,25,7,0,2,0
TX-101263,2026-08-22 01:16:44.945403,CUST-10229,14.99,France,Credit Card,Web,8,5,1,1,0
TX-101264,2026-06-12 05:36:44.945403,CUST-10921,9.99,Pakistan,Carrier Billing,Android,4,6,1,5,0
TX-101265,2026-09-07 03:51:44.945403,CUST-10585,9.99,Spain,Mobile Wallet,iOS,6,7,0,3,0
TX-101266,2026-08-03 10:52:44.945403,CUST-10439,4.99,Germany,Mobile Wallet,Android,12,6,0,10,0
TX-101267,2026-06-20 22:03:44.945403,CUST-10727,4.99,United Kingdom,Carrier Billing,Web,18,7,1,22,0
TX-101268,2026-06-26 07:59:44.945403,CUST-10971,6.99,Spain,Carrier Billing,Android,0,7,0,7,0
TX-101269,2026-08-04 20:35:44.945403,CUST-10156,2.99,United Kingdom,Mobile Wallet,Web,29,2,1,20,0
TX-101270,2026-08-17 16:21:44.945403,CUST-10133,9.99,France,Carrier Billing,Android,20,4,1,16,0
TX-101271,2026-08-27 08:32:44.945403,CUST-10251,19.99,Germany,Credit Card,Web,1,5,0,8,0
TX-101272,2026-08-07 23:11:44.945403,CUST-10023,19.99,United Kingdom,Carrier Billing,Android,14,2,0,23,0
TX-101273,2026-07-05 16:52:44.945403,CUST-10916,4.99,Pakistan,Carrier Billing,iOS,27,6,0,16,0
TX-101274,2026-07-26 13:13:44.945403,CUST-10814,2.99,Germany,Carrier Billing,iOS,30,2,0,13,0
TX-101275,2026-07-16 00:17:44.945403,CUST-10911,6.99,Germany,Carrier Billing,Android,9,1,0,0,0
TX-101276,2026-08-08 07:26:44.945403,CUST-10621,2.99,Pakistan,Credit Card,iOS,15,1,0,7,0
TX-101277,2026-07-05 00:29:44.945403,CUST-10948,2.99,Spain,Mobile Wallet,Android,17,1,0,0,0
TX-101278,2026-07-15 01:38:44.945403,CUST-10117,4.99,Pakistan,Credit Card,Android,7,2,0,1,0
TX-101279,2026-07-25 16:32:44.945403,CUST-10204,2.99,France,Mobile Wallet,Web,20,5,1,16,0
TX-101280,2026-07-26 23:37:44.945403,CUST-10446,14.99,Germany,Carrier Billing,iOS,5,4,1,23,0
TX-101281,2026-06-21 05:18:44.945403,CUST-10597,14.99,France,Carrier Billing,Android,30,8,1,5,1
TX-101282,2026-07-20 10:12:44.945403,CUST-10610,19.99,France,Credit Card,Web,3,7,1,10,1
TX-101283,2026-07-13 23:29:44.945403,CUST-10382,19.99,Pakistan,Credit Card,Android,28,1,1,23,0
TX-101284,2026-07-08 13:38:44.945403,CUST-10618,19.99,United Kingdom,Credit Card,iOS,0,2,0,13,0
TX-101285,2026-07-20 22:32:44.945403,CUST-10809,4.99,France,Carrier Billing,Android,6,6,1,22,0
TX-101286,2026-07-10 11:27:44.945403,CUST-10125,2.99,France,Mobile Wallet,Android,22,6,0,11,0
TX-101287,2026-08-23 05:45:44.945403,CUST-10329,4.99,United Kingdom,Carrier Billing,iOS,9,4,0,5,0
TX-101288,2026-07-07 03:56:44.945403,CUST-10733,14.99,Pakistan,Mobile Wallet,Web,13,7,1,3,1
TX-101289,2026-06-29 21:23:44.945403,CUST-10201,2.99,Germany,Credit Card,Android,8,7,0,21,0
TX-101290,2026-06-27 10:23:44.945403,CUST-10615,6.99,United Kingdom,Credit Card,Android,18,1,1,10,0
TX-101291,2026-08-22 03:41:44.945403,CUST-10876,14.99,Pakistan,Credit Card,iOS,4,7,0,3,0
TX-101292,2026-09-03 10:00:44.945403,CUST-10540,2.99,France,Mobile Wallet,Android,2,8,0,10,1
TX-101293,2026-07-19 15:17:44.945403,CUST-10740,6.99,France,Credit Card,iOS,12,2,1,15,0
TX-101294,2026-06-16 03:21:44.945403,CUST-10402,6.99,Germany,Credit Card,Web,30,2,1,3,0
TX-101295,2026-06-21 04:58:44.945403,CUST-10029,4.99,Pakistan,Carrier Billing,Android,3,6,1,4,0
TX-101296,2026-06-19 20:48:44.945403,CUST-10195,19.99,France,Mobile Wallet,Android,29,1,1,20,0
TX-101297,2026-06-15 18:38:44.945403,CUST-10113,2.99,France,Carrier Billing,iOS,10,7,1,18,0
TX-101298,2026-09-04 00:55:44.945403,CUST-10141,14.99,Germany,Carrier Billing,Android,10,3,1,0,0
TX-101299,2026-08-11 16:18:44.945403,CUST-10125,14.99,United Kingdom,Carrier Billing,Web,15,8,1,16,1
TX-101300,2026-08-17 09:07:44.945403,CUST-10494,4.99,Pakistan,Credit Card,iOS,22,2,1,9,0
TX-101301,2026-08-30 07:21:44.945403,CUST-10248,19.99,Spain,Mobile Wallet,Android,2,8,0,7,1
TX-101302,2026-08-11 21:15:44.945403,CUST-10221,9.99,Germany,Carrier Billing,iOS,3,6,0,21,0
TX-101303,2026-08-20 04:16:44.945403,CUST-10540,14.99,France,Credit Card,Web,14,3,0,4,0
TX-101304,2026-07-01 18:28:44.945403,CUST-10938,6.99,Germany,Credit Card,Web,16,4,1,18,0
TX-101305,2026-07-07 03:28:44.945403,CUST-10433,4.99,France,Mobile Wallet,Web,3,3,1,3,0
TX-101306,2026-08-18 16:04:44.945403,CUST-10112,4.99,Pakistan,Credit Card,Android,8,1,1,16,0
TX-101307,2026-07-23 01:20:44.945403,CUST-10360,6.99,Pakistan,Mobile Wallet,Android,11,7,0,1,0
TX-101308,2026-07-27 13:35:44.945403,CUST-10441,14.99,France,Carrier Billing,iOS,8,6,0,13,0
TX-101309,2026-07-16 16:09:44.945403,CUST-10749,9.99,Spain,Credit Card,Android,12,3,1,16,0
TX-101310,2026-07-26 18:51:44.945403,CUST-10531,9.99,Pakistan,Mobile Wallet,Android,20,4,0,18,0
TX-101311,2026-06-16 16:36:44.945403,CUST-10916,2.99,United Kingdom,Credit Card,Android,2,2,1,16,0
TX-101312,2026-08-07 07:25:44.945403,CUST-10716,19.99,Germany,Credit Card,iOS,3,4,1,7,0
TX-101313,2026-06-27 10:09:44.945403,CUST-10804,4.99,France,Mobile Wallet,iOS,22,5,0,10,0
TX-101314,2026-07-27 15:52:44.945403,CUST-10929,19.99,United Kingdom,Credit Card,Web,9,4,0,15,0
TX-101315,2026-06-18 04:15:44.945403,CUST-10170,4.99,France,Credit Card,Android,30,1,1,4,0
TX-101316,2026-06-13 18:01:44.945403,CUST-10181,6.99,Pakistan,Carrier Billing,Web,24,1,1,18,0
TX-101317,2026-08-03 22:27:44.945403,CUST-10001,9.99,Spain,Credit Card,Android,1,1,1,22,0
TX-101318,2026-07-29 16:00:44.945403,CUST-10515,4.99,Spain,Carrier Billing,Android,9,6,1,16,0
TX-101319,2026-07-13 18:49:44.945403,CUST-10558,6.99,Germany,Credit Card,iOS,14,1,1,18,0
TX-101320,2026-07-12 05:35:44.945403,CUST-10912,14.99,United Kingdom,Credit Card,Android,8,1,0,5,0
TX-101321,2026-08-28 19:04:44.945403,CUST-10225,19.99,Spain,Credit Card,iOS,0,4,1,19,0
TX-101322,2026-08-18 14:37:44.945403,CUST-10091,4.99,Germany,Mobile Wallet,Android,30,5,1,14,0
TX-101323,2026-08-30 14:23:44.945403,CUST-10539,4.99,France,Mobile Wallet,iOS,28,6,1,14,0
TX-101324,2026-09-05 21:29:44.945403,CUST-10282,6.99,Spain,Carrier Billing,Web,16,6,0,21,0
TX-101325,2026-07-23 06:33:44.945403,CUST-10580,6.99,France,Carrier Billing,Android,15,3,1,6,0
TX-101326,2026-07-29 11:27:44.945403,CUST-10989,6.99,United Kingdom,Mobile Wallet,Web,5,5,1,11,0
TX-101327,2026-08-23 15:41:44.945403,CUST-10301,2.99,Germany,Carrier Billing,Android,9,2,0,15,0
TX-101328,2026-06-12 07:39:44.945403,CUST-10440,6.99,Pakistan,Carrier Billing,iOS,4,6,1,7,0
TX-101329,2026-07-27 13:09:44.945403,CUST-10681,14.99,Spain,Carrier Billing,Web,8,3,0,13,0
TX-101330,2026-09-03 10:30:44.945403,CUST-10082,6.99,Spain,Carrier Billing,iOS,29,6,0,10,0
TX-101331,2026-08-08 20:10:44.945403,CUST-10395,9.99,Germany,Carrier Billing,iOS,29,5,1,20,0
TX-101332,2026-07-21 12:35:44.945403,CUST-10695,6.99,United Kingdom,Carrier Billing,Web,24,4,1,12,0
TX-101333,2026-08-01 07:23:44.945403,CUST-10204,6.99,France,Carrier Billing,iOS,18,8,0,7,0
TX-101334,2026-08-30 14:00:44.945403,CUST-10853,9.99,Pakistan,Carrier Billing,Web,14,6,1,14,0
TX-101335,2026-07-20 18:47:44.945403,CUST-10477,9.99,Germany,Credit Card,Android,29,1,1,18,0
TX-101336,2026-06-24 15:38:44.945403,CUST-10629,6.99,Spain,Mobile Wallet,Web,11,3,1,15,0
TX-101337,2026-08-27 18:41:44.945403,CUST-10402,4.99,Germany,Mobile Wallet,Android,14,8,0,18,0
TX-101338,2026-07-06 10:44:44.945403,CUST-10849,19.99,Pakistan,Credit Card,Web,3,5,1,10,0
TX-101339,2026-08-29 12:39:44.945403,CUST-10062,2.99,United Kingdom,Mobile Wallet,Web,23,1,0,12,0
TX-101340,2026-08-02 00:20:44.945403,CUST-10758,9.99,Spain,Carrier Billing,Web,20,3,1,0,0
TX-101341,2026-08-16 07:31:44.945403,CUST-10959,2.99,Germany,Mobile Wallet,Web,6,2,0,7,1
TX-101342,2026-08-05 19:32:44.945403,CUST-10901,2.99,United Kingdom,Carrier Billing,Android,6,2,1,19,0
TX-101343,2026-07-27 21:28:44.945403,CUST-10454,9.99,Pakistan,Carrier Billing,iOS,12,8,0,21,0
TX-101344,2026-08-27 11:18:44.945403,CUST-10868,14.99,France,Mobile Wallet,Web,14,2,1,11,0
TX-101345,2026-06-13 19:50:44.945403,CUST-10189,4.99,Spain,Carrier Billing,Web,23,4,1,19,0
TX-101346,2026-07-08 04:50:44.945403,CUST-10683,2.99,United Kingdom,Credit Card,iOS,21,5,1,4,0
TX-101347,2026-08-23 15:50:44.945403,CUST-10109,9.99,Germany,Credit Card,Android,0,5,1,15,0
TX-101348,2026-07-17 07:15:44.945403,CUST-10011,14.99,France,Carrier Billing,Web,20,8,0,7,0
TX-101349,2026-07-14 03:26:44.945403,CUST-10985,4.99,Germany,Mobile Wallet,iOS,8,1,0,3,0
TX-101350,2026-08-28 18:08:44.945403,CUST-10881,14.99,Spain,Credit Card,Web,16,7,0,18,0
TX-101351,2026-06-25 15:16:44.945403,CUST-10360,19.99,United Kingdom,Credit Card,iOS,22,3,1,15,0
TX-101352,2026-08-10 18:55:44.945403,CUST-10310,9.99,Pakistan,Mobile Wallet,iOS,12,8,0,18,0
TX-101353,2026-09-04 06:29:44.945403,CUST-10519,19.99,United Kingdom,Credit Card,Android,22,6,1,6,0
TX-101354,2026-08-26 09:26:44.945403,CUST-10413,2.99,Pakistan,Carrier Billing,Web,5,4,0,9,0
TX-101355,2026-07-27 07:33:44.945403,CUST-10956,19.99,Germany,Credit Card,Android,24,4,0,7,0
TX-101356,2026-06-27 16:38:44.945403,CUST-10745,9.99,Germany,Carrier Billing,Android,19,5,0,16,0
TX-101357,2026-08-19 02:47:44.945403,CUST-10074,9.99,France,Mobile Wallet,Web,26,1,0,2,0
TX-101358,2026-08-14 10:55:44.945403,CUST-10460,9.99,Spain,Mobile Wallet,Web,17,4,0,10,0
TX-101359,2026-07-21 16:17:44.945403,CUST-10695,6.99,Spain,Carrier Billing,Web,5,7,0,16,0
TX-101360,2026-06-14 01:29:44.945403,CUST-10644,19.99,Pakistan,Carrier Billing,Android,25,3,0,1,0
TX-101361,2026-07-18 23:52:44.945403,CUST-10581,14.99,Pakistan,Credit Card,Android,21,8,0,23,0
TX-101362,2026-08-02 18:31:44.945403,CUST-10847,9.99,United Kingdom,Credit Card,iOS,19,3,0,18,0
TX-101363,2026-08-07 18:53:44.945403,CUST-10385,2.99,United Kingdom,Carrier Billing,Android,25,5,0,18,0
TX-101364,2026-07-02 20:13:44.945403,CUST-10052,14.99,United Kingdom,Credit Card,Android,7,5,1,20,0
TX-101365,2026-07-14 10:23:44.945403,CUST-10069,4.99,France,Carrier Billing,Web,18,4,1,10,0
TX-101366,2026-06-17 00:16:44.945403,CUST-10559,19.99,Pakistan,Mobile Wallet,iOS,29,5,0,0,0
TX-101367,2026-07-20 05:06:44.945403,CUST-10267,4.99,France,Carrier Billing,Android,6,6,0,5,0
TX-101368,2026-06-18 11:48:44.945403,CUST-10824,14.99,United Kingdom,Mobile Wallet,Android,11,2,1,11,0
TX-101369,2026-08-06 14:24:44.945403,CUST-10951,2.99,United Kingdom,Credit Card,Android,8,1,0,14,0
TX-101370,2026-07-28 01:24:44.945403,CUST-10230,19.99,France,Credit Card,iOS,9,4,0,1,0
TX-101371,2026-06-14 06:06:44.945403,CUST-10792,4.99,United Kingdom,Mobile Wallet,iOS,21,1,1,6,0
TX-101372,2026-08-20 13:11:44.945403,CUST-10386,19.99,Spain,Credit Card,Web,13,3,0,13,0
TX-101373,2026-09-01 12:22:44.945403,CUST-10630,6.99,France,Carrier Billing,iOS,13,1,0,12,0
TX-101374,2026-08-04 10:23:44.945403,CUST-10010,4.99,Germany,Mobile Wallet,Web,18,1,0,10,0
TX-101375,2026-07-04 14:29:44.945403,CUST-10832,2.99,Pakistan,Carrier Billing,Android,14,3,1,14,0
TX-101376,2026-07-13 16:23:44.945403,CUST-10616,19.99,Spain,Credit Card,Android,19,7,1,16,1
TX-101377,2026-08-10 14:52:44.945403,CUST-10078,2.99,France,Mobile Wallet,Android,15,6,0,14,0
TX-101378,2026-07-09 09:49:44.945403,CUST-10964,6.99,United Kingdom,Credit Card,Web,7,5,1,9,0
TX-101379,2026-07-27 16:19:44.945403,CUST-10106,2.99,France,Credit Card,Web,30,8,1,16,1
TX-101380,2026-09-02 20:56:44.945403,CUST-10140,14.99,Spain,Credit Card,Web,17,4,0,20,0
TX-101381,2026-08-25 03:56:44.945403,CUST-10806,4.99,Pakistan,Carrier Billing,Web,14,8,0,3,1
TX-101382,2026-08-26 23:30:44.945403,CUST-10034,6.99,France,Mobile Wallet,iOS,9,2,0,23,0
TX-101383,2026-08-06 08:32:44.945403,CUST-10393,9.99,Pakistan,Credit Card,iOS,14,1,0,8,0
TX-101384,2026-06-28 15:25:44.945403,CUST-10675,9.99,United Kingdom,Carrier Billing,Web,9,1,1,15,0
TX-101385,2026-09-02 16:34:44.945403,CUST-10623,6.99,France,Mobile Wallet,Android,24,1,1,16,0
TX-101386,2026-08-07 10:17:44.945403,CUST-10444,9.99,Pakistan,Carrier Billing,Web,12,5,1,10,0
TX-101387,2026-08-16 07:41:44.945403,CUST-10581,14.99,France,Carrier Billing,iOS,14,4,0,7,0
TX-101388,2026-07-07 09:43:44.945403,CUST-10818,19.99,France,Carrier Billing,Android,24,5,1,9,0
TX-101389,2026-06-15 08:52:44.945403,CUST-10630,6.99,France,Credit Card,Web,8,1,0,8,0
TX-101390,2026-08-11 00:01:44.945403,CUST-10328,6.99,Spain,Credit Card,iOS,0,8,0,0,1
TX-101391,2026-09-07 18:32:44.945403,CUST-10367,9.99,United Kingdom,Carrier Billing,iOS,1,2,1,18,0
TX-101392,2026-08-01 01:11:44.945403,CUST-10321,2.99,Germany,Carrier Billing,iOS,24,5,1,1,0
TX-101393,2026-06-23 10:27:44.945403,CUST-10232,19.99,Spain,Carrier Billing,Web,20,1,0,10,0
TX-101394,2026-06-15 08:38:44.945403,CUST-10188,19.99,United Kingdom,Credit Card,Web,10,1,0,8,0
TX-101395,2026-08-15 21:29:44.945403,CUST-10265,6.99,Pakistan,Mobile Wallet,iOS,17,1,0,21,0
TX-101396,2026-06-18 21:47:44.945403,CUST-10519,9.99,Pakistan,Mobile Wallet,Android,7,4,1,21,0
TX-101397,2026-08-26 07:48:44.945403,CUST-10842,19.99,Germany,Carrier Billing,Web,13,5,0,7,0
TX-101398,2026-08-06 02:28:44.945403,CUST-10807,6.99,France,Credit Card,Web,11,8,1,2,1
TX-101399,2026-06-26 10:44:44.945403,CUST-10377,2.99,France,Carrier Billing,Web,0,2,0,10,0
TX-101400,2026-07-28 08:23:44.945403,CUST-10732,19.99,United Kingdom,Mobile Wallet,Web,11,4,1,8,0
TX-101401,2026-06-14 19:44:44.945403,CUST-10672,19.99,Spain,Credit Card,Web,2,2,0,19,0
TX-101402,2026-08-03 03:24:44.945403,CUST-10645,14.99,Germany,Mobile Wallet,Web,3,1,1,3,0
TX-101403,2026-07-29 05:13:44.945403,CUST-10451,6.99,France,Carrier Billing,Web,9,4,1,5,0
TX-101404,2026-08-20 17:28:44.945403,CUST-10370,4.99,Germany,Credit Card,Web,3,4,1,17,0
TX-101405,2026-08-30 23:25:44.945403,CUST-10419,6.99,Pakistan,Credit Card,Web,16,2,1,23,0
TX-101406,2026-08-05 22:39:44.945403,CUST-10235,9.99,Germany,Carrier Billing,Web,26,3,0,22,0
TX-101407,2026-07-18 22:59:44.945403,CUST-10690,14.99,Spain,Mobile Wallet,iOS,25,5,1,22,0
TX-101408,2026-06-19 06:35:44.945403,CUST-10418,9.99,United Kingdom,Carrier Billing,Web,15,4,0,6,0
TX-101409,2026-06-13 06:25:44.945403,CUST-10170,2.99,Germany,Credit Card,Web,22,8,0,6,0
TX-101410,2026-06-14 22:58:44.945403,CUST-10853,9.99,Pakistan,Mobile Wallet,Android,2,3,1,22,0
TX-101411,2026-07-14 02:39:44.945403,CUST-10130,9.99,United Kingdom,Carrier Billing,Web,9,2,1,2,0
TX-101412,2026-09-01 15:01:44.945403,CUST-10344,14.99,United Kingdom,Mobile Wallet,Android,23,1,0,15,0
TX-101413,2026-07-14 03:57:44.945403,CUST-10972,9.99,Germany,Mobile Wallet,iOS,23,7,1,3,1
TX-101414,2026-08-14 13:57:44.945403,CUST-10137,19.99,Spain,Mobile Wallet,Web,29,2,0,13,0
TX-101415,2026-08-04 21:10:44.945403,CUST-10607,6.99,Germany,Credit Card,iOS,14,3,1,21,0
TX-101416,2026-06-20 16:12:44.945403,CUST-10237,6.99,Germany,Credit Card,Android,18,7,1,16,0
TX-101417,2026-07-10 20:28:44.945403,CUST-10775,4.99,Spain,Carrier Billing,Web,28,4,1,20,0
TX-101418,2026-08-03 04:56:44.945403,CUST-10900,14.99,France,Carrier Billing,iOS,9,3,0,4,0
TX-101419,2026-07-26 03:36:44.945403,CUST-10449,4.99,Spain,Credit Card,iOS,19,2,0,3,0
TX-101420,2026-06-24 16:33:44.945403,CUST-10098,4.99,United Kingdom,Mobile Wallet,Android,0,1,0,16,1
TX-101421,2026-08-26 15:10:44.945403,CUST-10842,2.99,France,Carrier Billing,iOS,30,7,1,15,0
TX-101422,2026-08-26 11:57:44.945403,CUST-10464,6.99,Pakistan,Mobile Wallet,Web,29,2,1,11,0
TX-101423,2026-07-26 18:03:44.945403,CUST-10269,2.99,Spain,Credit Card,Web,21,2,1,18,0
TX-101424,2026-08-18 14:25:44.945403,CUST-10812,4.99,Pakistan,Credit Card,Android,16,6,1,14,0
TX-101425,2026-08-17 19:18:44.945403,CUST-10525,19.99,Pakistan,Mobile Wallet,Web,10,1,1,19,0
TX-101426,2026-08-15 00:51:44.945403,CUST-10813,14.99,France,Carrier Billing,Web,21,1,0,0,0
TX-101427,2026-08-04 05:25:44.945403,CUST-10385,4.99,Spain,Credit Card,iOS,4,8,0,5,0
TX-101428,2026-07-07 13:52:44.945403,CUST-10134,4.99,Pakistan,Mobile Wallet,Web,23,4,0,13,0
TX-101429,2026-07-26 12:27:44.945403,CUST-10571,14.99,Spain,Mobile Wallet,Android,1,7,1,12,1
TX-101430,2026-08-08 07:01:44.945403,CUST-10597,4.99,France,Credit Card,Web,21,3,1,7,0
TX-101431,2026-08-30 12:05:44.945403,CUST-10299,19.99,Germany,Credit Card,Web,12,6,1,12,0
TX-101432,2026-07-01 18:47:44.945403,CUST-10115,6.99,Germany,Credit Card,iOS,7,7,0,18,0
TX-101433,2026-09-06 21:38:44.945403,CUST-10326,19.99,Pakistan,Credit Card,Web,12,3,1,21,0
TX-101434,2026-08-29 11:59:44.945403,CUST-10500,14.99,Germany,Mobile Wallet,Android,0,5,1,11,0
TX-101435,2026-08-31 20:21:44.945403,CUST-10871,9.99,Pakistan,Mobile Wallet,iOS,8,6,1,20,0
TX-101436,2026-07-22 01:59:44.945403,CUST-10435,9.99,France,Carrier Billing,iOS,15,4,1,1,0
TX-101437,2026-06-16 00:12:44.945403,CUST-10315,9.99,Germany,Carrier Billing,Web,28,3,0,0,0
TX-101438,2026-06-21 21:31:44.945403,CUST-10970,14.99,United Kingdom,Credit Card,Android,19,1,0,21,0
TX-101439,2026-06-20 01:41:44.945403,CUST-10799,19.99,France,Credit Card,Web,2,1,0,1,0
TX-101440,2026-06-29 22:01:44.945403,CUST-10160,14.99,Germany,Mobile Wallet,Android,9,3,1,22,0
TX-101441,2026-07-01 11:33:44.945403,CUST-10566,19.99,Spain,Carrier Billing,Android,27,1,0,11,0
TX-101442,2026-08-22 21:14:44.945403,CUST-10496,2.99,Spain,Credit Card,iOS,0,4,0,21,0
TX-101443,2026-08-19 02:44:44.945403,CUST-10126,9.99,Germany,Carrier Billing,Web,28,5,0,2,0
TX-101444,2026-07-27 18:39:44.945403,CUST-10739,19.99,Germany,Carrier Billing,Android,23,3,0,18,0
TX-101445,2026-08-23 00:02:44.945403,CUST-10400,4.99,United Kingdom,Credit Card,iOS,13,1,1,0,0
TX-101446,2026-06-30 07:15:44.945403,CUST-10102,6.99,United Kingdom,Credit Card,iOS,9,7,0,7,0
TX-101447,2026-07-18 20:10:44.945403,CUST-10574,6.99,Germany,Credit Card,Web,17,4,1,20,0
TX-101448,2026-07-27 02:19:44.945403,CUST-10745,9.99,France,Mobile Wallet,Web,3,8,0,2,1
TX-101449,2026-06-14 02:54:44.945403,CUST-10406,4.99,Germany,Credit Card,iOS,18,2,1,2,0
TX-101450,2026-08-24 13:18:44.945403,CUST-10645,2.99,Pakistan,Mobile Wallet,Android,6,8,0,13,0
TX-101451,2026-07-18 13:19:44.945403,CUST-10631,9.99,United Kingdom,Mobile Wallet,Web,24,4,0,13,0
TX-101452,2026-07-04 19:05:44.945403,CUST-10421,6.99,France,Carrier Billing,Android,10,7,0,19,0
TX-101453,2026-06-30 21:35:44.945403,CUST-10773,14.99,Germany,Mobile Wallet,iOS,10,4,1,21,0
TX-101454,2026-07-25 19:39:44.945403,CUST-10526,14.99,Pakistan,Carrier Billing,iOS,22,2,1,19,0
TX-101455,2026-06-13 02:17:44.945403,CUST-10165,14.99,Pakistan,Carrier Billing,Android,14,2,0,2,0
TX-101456,2026-07-26 22:16:44.945403,CUST-10174,19.99,United Kingdom,Credit Card,Android,23,7,1,22,1
TX-101457,2026-06-22 13:23:44.945403,CUST-10445,6.99,France,Mobile Wallet,iOS,19,6,0,13,0
TX-101458,2026-07-29 11:35:44.945403,CUST-10701,4.99,United Kingdom,Mobile Wallet,iOS,16,5,1,11,0
TX-101459,2026-09-05 01:41:44.945403,CUST-10338,19.99,Spain,Carrier Billing,Web,22,8,0,1,1
TX-101460,2026-06-28 04:03:44.945403,CUST-10153,9.99,Pakistan,Carrier Billing,iOS,22,4,0,4,0
TX-101461,2026-07-30 19:13:44.945403,CUST-10469,6.99,Pakistan,Carrier Billing,Web,14,3,0,19,0
TX-101462,2026-08-01 18:01:44.945403,CUST-10904,4.99,France,Mobile Wallet,Android,29,4,1,18,0
TX-101463,2026-09-02 19:45:44.945403,CUST-10888,9.99,United Kingdom,Mobile Wallet,iOS,11,7,1,19,0
TX-101464,2026-08-09 06:07:44.945403,CUST-10675,4.99,Pakistan,Mobile Wallet,Android,3,4,1,6,0
TX-101465,2026-08-02 03:52:44.945403,CUST-10104,4.99,United Kingdom,Mobile Wallet,Web,24,7,1,3,1
TX-101466,2026-08-28 12:48:44.945403,CUST-10606,14.99,France,Mobile Wallet,Web,21,8,0,12,0
TX-101467,2026-08-22 03:49:44.945403,CUST-10237,4.99,Pakistan,Mobile Wallet,Android,4,3,1,3,0
TX-101468,2026-07-11 06:52:44.945403,CUST-10079,2.99,Spain,Mobile Wallet,iOS,13,8,1,6,1
TX-101469,2026-08-20 00:47:44.945403,CUST-10120,4.99,United Kingdom,Credit Card,iOS,24,7,1,0,1
TX-101470,2026-08-27 04:35:44.945403,CUST-10534,6.99,United Kingdom,Carrier Billing,Web,26,4,0,4,0
TX-101471,2026-08-26 17:34:44.945403,CUST-10284,19.99,Spain,Credit Card,Web,14,8,1,17,1
TX-101472,2026-08-01 15:17:44.945403,CUST-10921,9.99,France,Carrier Billing,Android,27,6,1,15,0
TX-101473,2026-07-13 08:21:44.945403,CUST-10745,9.99,Spain,Mobile Wallet,Web,28,4,1,8,0
TX-101474,2026-09-04 19:07:44.945403,CUST-10765,2.99,Spain,Credit Card,iOS,16,4,0,19,0
TX-101475,2026-07-11 18:02:44.945403,CUST-10096,6.99,France,Mobile Wallet,Android,19,5,0,18,0
TX-101476,2026-08-09 06:17:44.945403,CUST-10490,9.99,Pakistan,Mobile Wallet,Web,8,5,0,6,0
TX-101477,2026-08-25 19:06:44.945403,CUST-10031,19.99,Germany,Mobile Wallet,Web,14,8,0,19,1
TX-101478,2026-08-30 11:51:44.945403,CUST-10663,14.99,Pakistan,Carrier Billing,iOS,0,3,0,11,0
TX-101479,2026-06-23 20:07:44.945403,CUST-10084,9.99,Pakistan,Carrier Billing,iOS,20,1,1,20,0
TX-101480,2026-07-31 09:06:44.945403,CUST-10284,4.99,United Kingdom,Mobile Wallet,Android,10,6,0,9,0
TX-101481,2026-08-04 06:31:44.945403,CUST-10739,6.99,United Kingdom,Carrier Billing,Web,12,7,0,6,0
TX-101482,2026-08-25 22:52:44.945403,CUST-10779,14.99,Spain,Mobile Wallet,iOS,2,3,1,22,0
TX-101483,2026-08-06 05:53:44.945403,CUST-10203,19.99,United Kingdom,Credit Card,Android,20,1,1,5,0
TX-101484,2026-07-13 18:36:44.945403,CUST-10120,6.99,Germany,Mobile Wallet,Web,2,8,0,18,1
TX-101485,2026-06-20 02:22:44.945403,CUST-10186,19.99,Pakistan,Carrier Billing,iOS,18,1,0,2,0
TX-101486,2026-07-01 15:43:44.945403,CUST-10653,6.99,Germany,Carrier Billing,Web,30,4,1,15,0
TX-101487,2026-08-09 07:41:44.945403,CUST-10965,4.99,Spain,Credit Card,Android,12,5,0,7,0
TX-101488,2026-08-02 06:52:44.945403,CUST-10323,9.99,Spain,Carrier Billing,iOS,28,4,0,6,0
TX-101489,2026-07-05 11:06:44.945403,CUST-10714,9.99,France,Carrier Billing,iOS,11,6,1,11,0
TX-101490,2026-07-29 11:08:44.945403,CUST-10460,19.99,Spain,Carrier Billing,Web,12,3,0,11,0
TX-101491,2026-07-21 08:18:44.945403,CUST-10355,19.99,France,Carrier Billing,iOS,22,5,0,8,0
TX-101492,2026-07-01 00:51:44.945403,CUST-10264,4.99,Germany,Credit Card,Android,29,2,0,0,0
TX-101493,2026-07-24 09:14:44.945403,CUST-10600,6.99,France,Mobile Wallet,iOS,21,1,1,9,0
TX-101494,2026-08-08 03:38:44.945403,CUST-10367,2.99,Spain,Credit Card,iOS,10,6,0,3,0
TX-101495,2026-07-14 10:36:44.945403,CUST-10313,4.99,Germany,Mobile Wallet,Android,24,1,1,10,0
TX-101496,2026-07-23 09:39:44.945403,CUST-10607,14.99,Germany,Mobile Wallet,iOS,15,4,1,9,0
TX-101497,2026-08-05 13:18:44.945403,CUST-10345,9.99,Germany,Credit Card,Android,29,4,0,13,0
TX-101498,2026-08-21 07:31:44.945403,CUST-10275,14.99,Germany,Mobile Wallet,Android,5,3,1,7,0
TX-101499,2026-09-07 17:07:44.945403,CUST-10714,14.99,Spain,Mobile Wallet,Android,4,6,0,17,0
TX-101500,2026-07-10 00:09:44.945403,CUST-10811,4.99,France,Credit Card,iOS,5,8,0,0,1
TX-101501,2026-06-30 02:19:44.945403,CUST-10904,4.99,France,Credit Card,Android,5,4,0,2,0
TX-101502,2026-08-16 18:25:44.945403,CUST-10250,4.99,United Kingdom,Credit Card,Android,15,3,1,18,0
TX-101503,2026-07-31 21:39:44.945403,CUST-10703,9.99,Spain,Credit Card,Web,12,8,0,21,0
TX-101504,2026-06-20 13:51:44.945403,CUST-10396,4.99,France,Carrier Billing,iOS,24,6,1,13,0
TX-101505,2026-08-17 08:03:44.945403,CUST-10893,9.99,United Kingdom,Credit Card,Web,2,6,1,8,0
TX-101506,2026-09-08 04:01:44.945403,CUST-10600,2.99,Spain,Mobile Wallet,Android,24,4,1,4,0
TX-101507,2026-07-27 11:58:44.945403,CUST-10842,2.99,United Kingdom,Mobile Wallet,iOS,29,2,0,11,0
TX-101508,2026-06-28 23:09:44.945403,CUST-10045,4.99,France,Credit Card,Android,10,7,0,23,0
TX-101509,2026-07-07 19:02:44.945403,CUST-10318,9.99,Germany,Carrier Billing,iOS,30,7,0,19,0
TX-101510,2026-08-12 23:07:44.945403,CUST-10529,2.99,Germany,Carrier Billing,iOS,21,2,1,23,0
TX-101511,2026-06-12 23:14:44.945403,CUST-10164,6.99,Spain,Mobile Wallet,Web,12,8,0,23,0
TX-101512,2026-09-07 05:30:44.945403,CUST-10686,9.99,Germany,Carrier Billing,iOS,13,5,0,5,0
TX-101513,2026-08-23 21:26:44.945403,CUST-10930,9.99,United Kingdom,Credit Card,iOS,22,6,1,21,0
TX-101514,2026-06-28 03:12:44.945403,CUST-10434,14.99,Germany,Mobile Wallet,Android,4,1,1,3,0
TX-101515,2026-08-15 06:13:44.945403,CUST-10604,6.99,Spain,Mobile Wallet,Web,23,8,1,6,1
TX-101516,2026-07-07 11:56:44.945403,CUST-10040,2.99,Germany,Credit Card,iOS,1,6,1,11,0
TX-101517,2026-08-12 07:05:44.945403,CUST-10303,2.99,United Kingdom,Credit Card,Android,9,6,1,7,0
TX-101518,2026-07-11 09:42:44.945403,CUST-10304,19.99,Pakistan,Mobile Wallet,Android,11,1,1,9,0
TX-101519,2026-06-19 12:08:44.945403,CUST-10547,2.99,Spain,Mobile Wallet,Android,20,8,1,12,1
TX-101520,2026-07-13 07:02:44.945403,CUST-10995,9.99,United Kingdom,Carrier Billing,Web,26,8,0,7,0
TX-101521,2026-07-15 18:55:44.945403,CUST-10039,4.99,United Kingdom,Mobile Wallet,Web,25,2,1,18,0
TX-101522,2026-08-16 21:11:44.945403,CUST-10080,6.99,France,Credit Card,iOS,0,3,1,21,0
TX-101523,2026-08-18 10:57:44.945403,CUST-10904,2.99,Germany,Carrier Billing,Android,18,5,1,10,0
TX-101524,2026-07-30 22:20:44.945403,CUST-10874,4.99,Pakistan,Credit Card,Web,15,4,1,22,0
TX-101525,2026-08-13 13:22:44.945403,CUST-10796,4.99,France,Mobile Wallet,Web,1,7,0,13,0
TX-101526,2026-07-06 16:12:44.945403,CUST-10005,9.99,Spain,Carrier Billing,iOS,21,3,1,16,0
TX-101527,2026-08-05 09:14:44.945403,CUST-10809,19.99,France,Carrier Billing,Android,7,1,1,9,0
TX-101528,2026-08-06 12:07:44.945403,CUST-10294,19.99,United Kingdom,Credit Card,Web,13,6,1,12,0
TX-101529,2026-08-01 14:45:44.945403,CUST-10012,6.99,France,Credit Card,iOS,26,8,0,14,0
TX-101530,2026-08-18 10:42:44.945403,CUST-10510,4.99,United Kingdom,Mobile Wallet,Android,21,7,1,10,0
TX-101531,2026-08-10 23:51:44.945403,CUST-10872,14.99,Pakistan,Mobile Wallet,iOS,17,6,0,23,0
TX-101532,2026-09-09 12:00:44.945403,CUST-10542,6.99,France,Credit Card,iOS,14,8,0,12,0
TX-101533,2026-08-04 02:20:44.945403,CUST-10170,14.99,France,Mobile Wallet,iOS,13,1,1,2,0
TX-101534,2026-07-26 12:36:44.945403,CUST-10240,9.99,United Kingdom,Carrier Billing,iOS,19,2,0,12,0
TX-101535,2026-07-01 02:08:44.945403,CUST-10113,14.99,France,Carrier Billing,Android,24,7,1,2,1
TX-101536,2026-07-01 16:13:44.945403,CUST-10428,14.99,France,Credit Card,iOS,20,2,1,16,0
TX-101537,2026-07-30 07:48:44.945403,CUST-10401,4.99,Germany,Credit Card,iOS,9,8,0,7,0
TX-101538,2026-06-28 00:33:44.945403,CUST-10409,6.99,Pakistan,Mobile Wallet,iOS,24,8,0,0,1
TX-101539,2026-06-20 19:19:44.945403,CUST-10392,14.99,Germany,Credit Card,iOS,6,1,0,19,0
TX-101540,2026-08-07 06:46:44.945403,CUST-10515,2.99,United Kingdom,Mobile Wallet,Web,13,1,1,6,0
TX-101541,2026-06-27 00:10:44.945403,CUST-10582,19.99,Germany,Mobile Wallet,Android,30,6,0,0,0
TX-101542,2026-08-31 06:35:44.945403,CUST-10808,19.99,Germany,Mobile Wallet,Web,27,4,0,6,0
TX-101543,2026-08-16 16:04:44.945403,CUST-10895,4.99,Spain,Credit Card,Web,29,4,1,16,0
TX-101544,2026-06-17 18:07:44.945403,CUST-10915,2.99,Spain,Mobile Wallet,iOS,14,4,1,18,0
TX-101545,2026-08-23 09:04:44.945403,CUST-10181,9.99,United Kingdom,Mobile Wallet,Android,25,6,0,9,0
TX-101546,2026-08-16 13:52:44.945403,CUST-10985,2.99,Pakistan,Mobile Wallet,Android,21,7,1,13,0
TX-101547,2026-06-18 06:14:44.945403,CUST-10801,9.99,France,Mobile Wallet,Web,3,1,1,6,0
TX-101548,2026-08-16 22:34:44.945403,CUST-10061,6.99,Germany,Mobile Wallet,Android,11,7,1,22,0
TX-101549,2026-06-23 03:32:44.945403,CUST-10106,4.99,France,Mobile Wallet,Android,23,3,1,3,0
TX-101550,2026-07-12 18:54:44.945403,CUST-10145,4.99,Germany,Carrier Billing,iOS,3,6,0,18,0
TX-101551,2026-08-15 09:32:44.945403,CUST-10503,4.99,France,Credit Card,iOS,22,8,1,9,1
TX-101552,2026-08-14 12:44:44.945403,CUST-10264,14.99,France,Mobile Wallet,Android,24,3,0,12,0
TX-101553,2026-06-14 05:12:44.945403,CUST-10226,6.99,United Kingdom,Credit Card,Web,9,5,0,5,0
TX-101554,2026-07-09 14:15:44.945403,CUST-10486,19.99,Germany,Mobile Wallet,iOS,4,3,0,14,0
TX-101555,2026-08-29 01:22:44.945403,CUST-10393,6.99,Spain,Carrier Billing,Android,18,5,0,1,0
TX-101556,2026-07-05 11:14:44.945403,CUST-10372,19.99,United Kingdom,Mobile Wallet,Web,12,8,0,11,1
TX-101557,2026-08-09 11:02:44.945403,CUST-10159,14.99,United Kingdom,Credit Card,Web,11,7,1,11,0
TX-101558,2026-08-30 02:47:44.945403,CUST-10537,9.99,Spain,Credit Card,iOS,0,2,1,2,0
TX-101559,2026-06-30 15:29:44.945403,CUST-10229,4.99,France,Mobile Wallet,Web,25,2,0,15,0
TX-101560,2026-07-23 15:56:44.945403,CUST-10583,19.99,Pakistan,Mobile Wallet,Web,28,4,0,15,0
TX-101561,2026-06-14 20:16:44.945403,CUST-10408,19.99,Pakistan,Credit Card,Web,2,5,0,20,0
TX-101562,2026-06-16 22:48:44.945403,CUST-10457,14.99,United Kingdom,Carrier Billing,Android,8,3,0,22,0
TX-101563,2026-08-16 03:40:44.945403,CUST-10467,4.99,Pakistan,Mobile Wallet,iOS,17,5,0,3,0
TX-101564,2026-08-17 14:31:44.945403,CUST-10850,2.99,Spain,Mobile Wallet,iOS,1,4,0,14,0
TX-101565,2026-08-20 04:26:44.945403,CUST-10595,9.99,Germany,Carrier Billing,Web,28,1,1,4,0
TX-101566,2026-06-18 12:07:44.945403,CUST-10201,9.99,Pakistan,Credit Card,Android,15,4,0,12,0
TX-101567,2026-07-01 10:11:44.945403,CUST-10612,9.99,France,Mobile Wallet,Android,18,7,0,10,0
TX-101568,2026-07-22 03:29:44.945403,CUST-10796,19.99,Spain,Mobile Wallet,Web,19,8,0,3,1
TX-101569,2026-07-18 22:00:44.945403,CUST-10615,6.99,Germany,Mobile Wallet,Android,10,8,1,22,1
TX-101570,2026-07-09 03:06:44.945403,CUST-10270,14.99,Spain,Credit Card,iOS,21,5,1,3,0
TX-101571,2026-08-19 17:22:44.945403,CUST-10968,4.99,Germany,Carrier Billing,iOS,28,8,1,17,1
TX-101572,2026-06-17 19:45:44.945403,CUST-10778,9.99,France,Carrier Billing,iOS,10,3,0,19,0
TX-101573,2026-08-20 07:00:44.945403,CUST-10237,4.99,France,Mobile Wallet,iOS,10,8,0,7,0
TX-101574,2026-09-04 06:48:44.945403,CUST-10624,4.99,United Kingdom,Mobile Wallet,Android,10,3,0,6,0
TX-101575,2026-08-22 09:09:44.945403,CUST-10175,4.99,United Kingdom,Mobile Wallet,Android,10,8,1,9,1
TX-101576,2026-07-06 09:00:44.945403,CUST-10234,6.99,Germany,Credit Card,iOS,4,5,1,9,0
TX-101577,2026-08-26 08:01:44.945403,CUST-10763,6.99,Germany,Credit Card,iOS,18,7,1,8,1
TX-101578,2026-09-05 09:58:44.945403,CUST-10413,2.99,Germany,Credit Card,Web,25,3,1,9,0
TX-101579,2026-06-13 15:05:44.945403,CUST-10838,19.99,Spain,Carrier Billing,Web,22,5,1,15,0
TX-101580,2026-06-14 00:15:44.945403,CUST-10329,9.99,Germany,Credit Card,Web,17,4,0,0,0
TX-101581,2026-07-21 21:57:44.945403,CUST-10876,6.99,Pakistan,Carrier Billing,Android,5,6,1,21,0
TX-101582,2026-08-04 19:49:44.945403,CUST-10481,2.99,Germany,Mobile Wallet,Web,15,4,1,19,0
TX-101583,2026-08-04 04:55:44.945403,CUST-10384,2.99,Pakistan,Carrier Billing,Web,10,5,1,4,0
TX-101584,2026-07-07 17:27:44.945403,CUST-10113,9.99,Spain,Mobile Wallet,Android,10,7,0,17,0
TX-101585,2026-08-04 12:59:44.945403,CUST-10306,14.99,Spain,Mobile Wallet,Android,14,4,1,12,0
TX-101586,2026-08-20 06:52:44.945403,CUST-10676,6.99,United Kingdom,Mobile Wallet,iOS,22,1,0,6,0
TX-101587,2026-06-18 01:05:44.945403,CUST-10891,19.99,France,Credit Card,iOS,23,4,0,1,0
TX-101588,2026-07-02 13:54:44.945403,CUST-10471,6.99,France,Carrier Billing,Web,22,5,1,13,0
TX-101589,2026-09-04 18:00:44.945403,CUST-10023,4.99,Pakistan,Mobile Wallet,iOS,13,7,1,18,0
TX-101590,2026-08-26 13:21:44.945403,CUST-10541,2.99,United Kingdom,Credit Card,Android,18,7,0,13,0
TX-101591,2026-08-30 07:48:44.945403,CUST-10817,6.99,United Kingdom,Credit Card,iOS,18,6,0,7,0
TX-101592,2026-08-02 07:27:44.945403,CUST-10094,14.99,Pakistan,Mobile Wallet,Android,25,2,1,7,0
TX-101593,2026-06-29 05:32:44.945403,CUST-10769,2.99,Germany,Credit Card,iOS,14,3,1,5,0
TX-101594,2026-08-09 19:45:44.945403,CUST-10589,6.99,Germany,Mobile Wallet,Web,23,7,0,19,0
TX-101595,2026-07-08 14:22:44.945403,CUST-10006,14.99,Germany,Carrier Billing,Android,7,6,1,14,0
TX-101596,2026-08-28 17:33:44.945403,CUST-10228,14.99,France,Mobile Wallet,iOS,20,4,1,17,0
TX-101597,2026-08-15 22:15:44.945403,CUST-10888,14.99,Spain,Carrier Billing,Android,6,5,0,22,0
TX-101598,2026-07-30 09:48:44.945403,CUST-10616,2.99,Spain,Mobile Wallet,iOS,30,2,1,9,0
TX-101599,2026-09-04 08:47:44.945403,CUST-10235,19.99,Spain,Carrier Billing,iOS,5,7,1,8,1
TX-101600,2026-09-03 14:02:44.945403,CUST-10222,6.99,Pakistan,Carrier Billing,iOS,3,7,0,14,0
TX-101601,2026-08-18 13:42:44.945403,CUST-10874,19.99,Spain,Credit Card,Android,14,8,1,13,1
TX-101602,2026-08-21 00:46:44.945403,CUST-10389,14.99,Pakistan,Carrier Billing,Android,16,2,0,0,0
TX-101603,2026-06-22 19:27:44.945403,CUST-10963,9.99,United Kingdom,Credit Card,Web,10,7,0,19,0
TX-101604,2026-06-20 02:52:44.945403,CUST-10818,14.99,France,Credit Card,iOS,16,2,1,2,0
TX-101605,2026-07-16 10:43:44.945403,CUST-10822,9.99,Germany,Carrier Billing,iOS,11,5,0,10,0
TX-101606,2026-08-28 00:35:44.945403,CUST-10667,6.99,Spain,Mobile Wallet,Android,20,7,1,0,1
TX-101607,2026-09-07 14:56:44.945403,CUST-10281,19.99,France,Carrier Billing,Android,27,4,0,14,0
TX-101608,2026-06-23 12:02:44.945403,CUST-10531,4.99,Spain,Mobile Wallet,iOS,24,1,0,12,0
TX-101609,2026-06-30 22:54:44.945403,CUST-10887,19.99,France,Credit Card,Web,13,3,1,22,0
TX-101610,2026-09-05 01:53:44.945403,CUST-10531,4.99,Spain,Credit Card,Android,25,3,0,1,0
TX-101611,2026-07-09 17:08:44.945403,CUST-10413,19.99,France,Credit Card,Web,10,1,0,17,0
TX-101612,2026-08-31 18:11:44.945403,CUST-10481,2.99,Spain,Credit Card,Android,17,7,0,18,0
TX-101613,2026-06-13 05:10:44.945403,CUST-10357,4.99,Pakistan,Credit Card,Android,3,8,1,5,1
TX-101614,2026-08-28 18:48:44.945403,CUST-10919,14.99,Germany,Carrier Billing,Web,25,1,1,18,0
TX-101615,2026-09-01 17:37:44.945403,CUST-10924,6.99,Spain,Credit Card,Web,17,6,0,17,0
TX-101616,2026-08-19 00:08:44.945403,CUST-10851,14.99,Spain,Carrier Billing,Android,16,3,0,0,0
TX-101617,2026-06-19 08:04:44.945403,CUST-10761,2.99,Germany,Credit Card,Web,3,4,0,8,0
TX-101618,2026-08-17 07:18:44.945403,CUST-10675,6.99,France,Mobile Wallet,iOS,21,5,0,7,0
TX-101619,2026-07-15 23:13:44.945403,CUST-10677,4.99,United Kingdom,Mobile Wallet,Android,23,7,0,23,0
TX-101620,2026-09-09 00:21:44.945403,CUST-10186,2.99,Spain,Mobile Wallet,Android,26,4,0,0,0
TX-101621,2026-06-12 22:07:44.945403,CUST-10585,9.99,Germany,Credit Card,Android,20,7,1,22,0
TX-101622,2026-07-23 02:32:44.945403,CUST-10636,6.99,United Kingdom,Credit Card,Android,23,5,1,2,0
TX-101623,2026-09-01 02:17:44.945403,CUST-10190,6.99,France,Credit Card,Web,14,2,1,2,0
TX-101624,2026-07-05 18:46:44.945403,CUST-10064,6.99,Germany,Mobile Wallet,Android,30,3,0,18,0
TX-101625,2026-07-23 11:48:44.945403,CUST-10849,2.99,Pakistan,Mobile Wallet,Web,9,3,1,11,0
TX-101626,2026-07-21 13:20:44.945403,CUST-10566,2.99,United Kingdom,Carrier Billing,iOS,26,4,0,13,0
TX-101627,2026-07-02 01:11:44.945403,CUST-10794,2.99,Spain,Mobile Wallet,Web,11,3,0,1,0
TX-101628,2026-07-14 20:46:44.945403,CUST-10552,4.99,United Kingdom,Carrier Billing,iOS,5,2,0,20,0
TX-101629,2026-08-29 00:55:44.945403,CUST-10633,4.99,Spain,Mobile Wallet,Web,13,4,1,0,0
TX-101630,2026-09-08 01:39:44.945403,CUST-10971,9.99,France,Credit Card,Web,13,8,1,1,1
TX-101631,2026-08-16 12:46:44.945403,CUST-10960,6.99,Pakistan,Carrier Billing,iOS,22,5,0,12,0
TX-101632,2026-08-06 15:54:44.945403,CUST-10608,2.99,Pakistan,Credit Card,Android,4,8,0,15,0
TX-101633,2026-08-24 07:25:44.945403,CUST-10999,4.99,Germany,Carrier Billing,Web,13,7,0,7,0
TX-101634,2026-07-13 18:00:44.945403,CUST-10072,4.99,France,Carrier Billing,iOS,3,3,0,18,0
TX-101635,2026-08-12 01:03:44.945403,CUST-10282,6.99,Pakistan,Mobile Wallet,Android,16,5,0,1,0
TX-101636,2026-08-05 07:51:44.945403,CUST-10482,4.99,Germany,Credit Card,Android,17,8,0,7,0
TX-101637,2026-09-08 23:10:44.945403,CUST-10772,19.99,France,Credit Card,Android,12,5,0,23,0
TX-101638,2026-07-20 14:56:44.945403,CUST-10599,4.99,Germany,Credit Card,Android,16,2,0,14,0
TX-101639,2026-08-05 18:29:44.945403,CUST-10982,14.99,France,Carrier Billing,Web,15,7,1,18,0
TX-101640,2026-06-21 10:19:44.945403,CUST-10885,6.99,France,Credit Card,Web,16,6,1,10,0
TX-101641,2026-07-04 17:23:44.945403,CUST-10365,2.99,Pakistan,Carrier Billing,Web,25,8,0,17,0
TX-101642,2026-07-02 00:09:44.945403,CUST-10605,9.99,France,Carrier Billing,Web,15,7,1,0,1
TX-101643,2026-06-21 16:01:44.945403,CUST-10604,19.99,Pakistan,Mobile Wallet,Android,3,4,1,16,0
TX-101644,2026-08-15 10:02:44.945403,CUST-10925,14.99,Germany,Credit Card,Web,23,1,1,10,0
TX-101645,2026-07-21 22:15:44.945403,CUST-10872,9.99,United Kingdom,Mobile Wallet,Android,30,7,1,22,0
TX-101646,2026-06-14 04:32:44.945403,CUST-10221,14.99,Spain,Carrier Billing,Web,30,6,0,4,0
TX-101647,2026-07-19 08:52:44.945403,CUST-10821,2.99,Germany,Credit Card,iOS,26,6,1,8,0
TX-101648,2026-07-04 11:49:44.945403,CUST-10283,9.99,Pakistan,Credit Card,iOS,22,5,0,11,0
TX-101649,2026-08-21 00:23:44.945403,CUST-10884,14.99,France,Mobile Wallet,iOS,24,6,0,0,0
TX-101650,2026-08-28 19:54:44.945403,CUST-10091,6.99,France,Mobile Wallet,Web,23,4,1,19,0
TX-101651,2026-06-21 01:49:44.945403,CUST-10936,19.99,Pakistan,Mobile Wallet,iOS,10,8,0,1,1
TX-101652,2026-06-30 06:08:44.945403,CUST-10271,19.99,Germany,Credit Card,iOS,25,8,1,6,1
TX-101653,2026-09-07 04:10:44.945403,CUST-10172,6.99,Pakistan,Carrier Billing,Android,18,5,1,4,0
TX-101654,2026-07-30 20:22:44.945403,CUST-10182,9.99,United Kingdom,Mobile Wallet,Android,6,2,0,20,0
TX-101655,2026-09-03 02:43:44.945403,CUST-10897,19.99,Germany,Credit Card,Android,22,6,1,2,0
TX-101656,2026-09-03 17:03:44.945403,CUST-10394,2.99,France,Mobile Wallet,Web,2,6,0,17,0
TX-101657,2026-06-15 13:36:44.945403,CUST-10251,14.99,Spain,Mobile Wallet,iOS,0,8,0,13,1
TX-101658,2026-09-09 08:30:44.945403,CUST-10224,4.99,Spain,Credit Card,Web,25,4,0,8,0
TX-101659,2026-07-04 00:51:44.945403,CUST-10987,2.99,United Kingdom,Credit Card,iOS,13,4,1,0,0
TX-101660,2026-07-29 01:22:44.945403,CUST-10594,9.99,United Kingdom,Credit Card,Web,8,6,1,1,0
TX-101661,2026-07-15 00:49:44.945403,CUST-10921,4.99,France,Mobile Wallet,iOS,2,3,1,0,0
TX-101662,2026-09-09 15:02:44.945403,CUST-10719,4.99,United Kingdom,Mobile Wallet,Android,3,8,1,15,1
TX-101663,2026-08-26 01:35:44.945403,CUST-10618,4.99,France,Mobile Wallet,Web,20,4,1,1,0
TX-101664,2026-08-27 00:08:44.945403,CUST-10054,9.99,United Kingdom,Credit Card,iOS,18,7,0,0,0
TX-101665,2026-06-27 10:50:44.945403,CUST-10022,14.99,Germany,Mobile Wallet,Web,1,6,1,10,0
TX-101666,2026-06-25 07:34:44.945403,CUST-10065,19.99,France,Carrier Billing,Web,8,5,0,7,0
TX-101667,2026-07-26 12:43:44.945403,CUST-10441,19.99,Spain,Credit Card,Android,21,8,1,12,1
TX-101668,2026-08-12 06:22:44.945403,CUST-10311,6.99,Spain,Mobile Wallet,Web,30,7,0,6,0
TX-101669,2026-09-09 01:45:44.945403,CUST-10697,14.99,France,Carrier Billing,Web,1,6,0,1,0
TX-101670,2026-06-18 07:39:44.945403,CUST-10628,2.99,United Kingdom,Credit Card,Web,5,4,0,7,0
TX-101671,2026-08-21 06:46:44.945403,CUST-10777,4.99,Spain,Carrier Billing,Web,29,8,0,6,0
TX-101672,2026-06-20 10:13:44.945403,CUST-10968,9.99,United Kingdom,Mobile Wallet,Web,12,7,1,10,0
TX-101673,2026-06-24 11:06:44.945403,CUST-10867,6.99,Spain,Carrier Billing,iOS,11,3,1,11,0
TX-101674,2026-07-27 08:06:44.945403,CUST-10092,4.99,France,Credit Card,Android,7,6,0,8,0
TX-101675,2026-08-19 06:53:44.945403,CUST-10096,14.99,France,Carrier Billing,Web,1,1,1,6,0
TX-101676,2026-06-12 00:18:44.945403,CUST-10986,14.99,Pakistan,Carrier Billing,iOS,12,5,0,0,0
TX-101677,2026-08-02 13:31:44.945403,CUST-10576,6.99,Pakistan,Carrier Billing,Android,20,8,0,13,0
TX-101678,2026-09-08 16:08:44.945403,CUST-10353,2.99,Spain,Mobile Wallet,iOS,18,3,1,16,0
TX-101679,2026-08-30 22:12:44.945403,CUST-10790,4.99,United Kingdom,Carrier Billing,iOS,0,1,0,22,0
TX-101680,2026-07-10 05:22:44.945403,CUST-10957,6.99,Pakistan,Credit Card,Web,5,3,0,5,0
TX-101681,2026-08-05 18:54:44.945403,CUST-10158,14.99,France,Credit Card,Web,17,7,1,18,0
TX-101682,2026-08-11 17:20:44.945403,CUST-10567,2.99,France,Carrier Billing,iOS,4,4,1,17,0
TX-101683,2026-07-18 15:42:44.945403,CUST-10042,6.99,Pakistan,Credit Card,Web,22,2,0,15,0
TX-101684,2026-07-11 00:47:44.945403,CUST-10933,14.99,United Kingdom,Mobile Wallet,Web,17,7,0,0,0
TX-101685,2026-06-24 04:29:44.945403,CUST-10458,4.99,France,Mobile Wallet,iOS,12,7,1,4,0
TX-101686,2026-06-14 00:35:44.945403,CUST-10503,2.99,France,Mobile Wallet,iOS,19,7,1,0,1
TX-101687,2026-08-22 10:21:44.945403,CUST-10789,6.99,Pakistan,Mobile Wallet,Android,6,2,1,10,0
TX-101688,2026-08-18 22:14:44.945403,CUST-10921,14.99,United Kingdom,Carrier Billing,Web,10,1,0,22,0
TX-101689,2026-07-09 10:19:44.945403,CUST-10394,4.99,France,Mobile Wallet,Android,26,7,0,10,0
TX-101690,2026-08-12 20:29:44.945403,CUST-10715,2.99,Spain,Carrier Billing,iOS,30,3,0,20,0
TX-101691,2026-06-18 11:55:44.945403,CUST-10731,4.99,Germany,Carrier Billing,Web,20,1,0,11,0
TX-101692,2026-06-30 14:36:44.945403,CUST-10921,19.99,Pakistan,Credit Card,Android,28,4,1,14,0
TX-101693,2026-09-09 16:51:44.945403,CUST-10399,4.99,France,Credit Card,Android,4,3,0,16,0
TX-101694,2026-07-05 08:32:44.945403,CUST-10903,9.99,United Kingdom,Mobile Wallet,Web,9,4,1,8,0
TX-101695,2026-06-12 18:52:44.945403,CUST-10425,9.99,Germany,Credit Card,Android,26,8,1,18,1
TX-101696,2026-08-07 21:13:44.945403,CUST-10709,9.99,Pakistan,Mobile Wallet,iOS,4,4,0,21,0
TX-101697,2026-06-22 08:21:44.945403,CUST-10162,9.99,Pakistan,Carrier Billing,Web,10,3,1,8,0
TX-101698,2026-08-15 22:31:44.945403,CUST-10952,19.99,Germany,Credit Card,Web,9,5,1,22,0
TX-101699,2026-06-22 17:22:44.945403,CUST-10404,4.99,Pakistan,Mobile Wallet,iOS,6,3,0,17,0
TX-101700,2026-06-21 19:23:44.945403,CUST-10114,4.99,Pakistan,Credit Card,Android,2,2,0,19,0
TX-101701,2026-07-15 14:46:44.945403,CUST-10448,19.99,Spain,Credit Card,Web,24,1,0,14,0
TX-101702,2026-08-16 20:07:44.945403,CUST-10325,2.99,United Kingdom,Carrier Billing,Android,10,5,0,20,0
TX-101703,2026-06-30 02:51:44.945403,CUST-10923,19.99,Pakistan,Credit Card,iOS,4,5,0,2,0
TX-101704,2026-08-07 22:42:44.945403,CUST-10199,6.99,Germany,Carrier Billing,iOS,2,4,1,22,0
TX-101705,2026-06-24 21:42:44.945403,CUST-10560,6.99,Pakistan,Carrier Billing,Web,2,7,0,21,0
TX-101706,2026-06-27 07:43:44.945403,CUST-10741,6.99,France,Carrier Billing,Android,28,2,0,7,1
TX-101707,2026-06-12 04:00:44.945403,CUST-10576,2.99,Germany,Mobile Wallet,Android,27,4,0,4,0
TX-101708,2026-06-18 14:01:44.945403,CUST-10020,19.99,Germany,Mobile Wallet,Web,12,5,1,14,0
TX-101709,2026-08-18 22:42:44.945403,CUST-10243,19.99,Germany,Mobile Wallet,iOS,11,8,1,22,1
TX-101710,2026-06-25 19:04:44.945403,CUST-10465,14.99,France,Carrier Billing,Android,9,3,1,19,0
TX-101711,2026-08-31 03:09:44.945403,CUST-10164,6.99,Pakistan,Credit Card,iOS,4,1,1,3,0
TX-101712,2026-08-30 22:29:44.945403,CUST-10554,4.99,Germany,Carrier Billing,Web,11,4,1,22,0
TX-101713,2026-07-19 21:04:44.945403,CUST-10471,19.99,Germany,Credit Card,iOS,14,6,1,21,0
TX-101714,2026-07-18 03:54:44.945403,CUST-10136,19.99,United Kingdom,Carrier Billing,Android,6,4,0,3,0
TX-101715,2026-08-17 05:43:44.945403,CUST-10675,14.99,France,Credit Card,Web,27,7,1,5,0
TX-101716,2026-07-01 06:57:44.945403,CUST-10402,4.99,Germany,Carrier Billing,Web,20,8,1,6,1
TX-101717,2026-09-06 20:21:44.945403,CUST-10793,14.99,Germany,Carrier Billing,Android,6,6,0,20,0
TX-101718,2026-09-05 03:42:44.945403,CUST-10529,9.99,Spain,Credit Card,Android,22,4,1,3,0
TX-101719,2026-06-27 13:01:44.945403,CUST-10279,19.99,United Kingdom,Carrier Billing,Web,12,4,0,13,0
TX-101720,2026-07-24 12:09:44.945403,CUST-10251,19.99,Spain,Credit Card,iOS,19,1,0,12,0
TX-101721,2026-06-19 15:51:44.945403,CUST-10021,2.99,Pakistan,Credit Card,Android,10,6,0,15,0
TX-101722,2026-09-07 01:13:44.945403,CUST-10218,6.99,Pakistan,Credit Card,Web,29,6,1,1,0
TX-101723,2026-08-14 21:34:44.945403,CUST-10179,6.99,France,Carrier Billing,Web,5,3,0,21,0
TX-101724,2026-07-30 07:22:44.945403,CUST-10932,14.99,Germany,Carrier Billing,Web,17,8,1,7,1
TX-101725,2026-09-02 02:35:44.945403,CUST-10255,2.99,Spain,Credit Card,Android,24,1,0,2,0
TX-101726,2026-07-24 21:24:44.945403,CUST-10388,9.99,Spain,Carrier Billing,Web,22,6,1,21,0
TX-101727,2026-06-28 09:45:44.945403,CUST-10458,2.99,Germany,Mobile Wallet,Web,11,6,0,9,0
TX-101728,2026-06-18 03:01:44.945403,CUST-10181,4.99,United Kingdom,Credit Card,Web,12,3,0,3,0
TX-101729,2026-08-22 20:25:44.945403,CUST-10983,19.99,Spain,Mobile Wallet,iOS,9,2,1,20,0
TX-101730,2026-08-23 14:40:44.945403,CUST-10506,2.99,United Kingdom,Mobile Wallet,iOS,5,6,1,14,0
TX-101731,2026-07-07 08:44:44.945403,CUST-10532,2.99,Germany,Credit Card,Android,1,4,1,8,0
TX-101732,2026-07-21 06:19:44.945403,CUST-10345,2.99,France,Mobile Wallet,Web,14,2,1,6,0
TX-101733,2026-06-23 17:56:44.945403,CUST-10892,14.99,Pakistan,Mobile Wallet,Web,0,5,1,17,0
TX-101734,2026-07-24 15:31:44.945403,CUST-10389,9.99,Pakistan,Mobile Wallet,Web,8,7,1,15,0
TX-101735,2026-07-28 12:17:44.945403,CUST-10874,9.99,Germany,Mobile Wallet,iOS,4,6,1,12,0
TX-101736,2026-07-26 08:23:44.945403,CUST-10288,6.99,Pakistan,Credit Card,Web,2,6,0,8,0
TX-101737,2026-06-23 13:18:44.945403,CUST-10825,2.99,Spain,Carrier Billing,Android,11,2,0,13,0
TX-101738,2026-07-03 10:08:44.945403,CUST-10797,2.99,Pakistan,Carrier Billing,Web,0,6,0,10,0
TX-101739,2026-08-07 20:19:44.945403,CUST-10988,9.99,France,Mobile Wallet,Android,19,2,0,20,0
TX-101740,2026-06-30 00:23:44.945403,CUST-10940,19.99,Pakistan,Carrier Billing,Android,22,2,0,0,0
TX-101741,2026-08-13 06:15:44.945403,CUST-10238,4.99,Pakistan,Mobile Wallet,Android,12,6,0,6,0
TX-101742,2026-06-29 19:32:44.945403,CUST-10725,9.99,United Kingdom,Mobile Wallet,Android,15,5,0,19,0
TX-101743,2026-07-28 01:22:44.945403,CUST-10006,2.99,Spain,Carrier Billing,iOS,4,4,0,1,0
TX-101744,2026-06-18 18:04:44.945403,CUST-10192,4.99,France,Carrier Billing,Android,12,5,1,18,0
TX-101745,2026-07-07 20:00:44.945403,CUST-10223,9.99,France,Credit Card,Web,7,1,1,20,0
TX-101746,2026-06-26 12:49:44.945403,CUST-10066,2.99,Pakistan,Credit Card,iOS,28,1,1,12,0
TX-101747,2026-08-20 10:27:44.945403,CUST-10920,19.99,Germany,Carrier Billing,Web,21,2,1,10,0
TX-101748,2026-09-03 06:17:44.945403,CUST-10936,6.99,United Kingdom,Mobile Wallet,Android,18,5,1,6,0
TX-101749,2026-08-18 09:52:44.945403,CUST-10830,9.99,France,Credit Card,iOS,24,8,1,9,1
TX-101750,2026-08-18 15:56:44.945403,CUST-10194,4.99,United Kingdom,Carrier Billing,Android,22,6,1,15,0
TX-101751,2026-07-23 21:00:44.945403,CUST-10332,9.99,Germany,Credit Card,iOS,4,3,1,21,0
TX-101752,2026-06-14 02:00:44.945403,CUST-10894,4.99,France,Credit Card,Web,4,7,1,2,1
TX-101753,2026-08-22 21:19:44.945403,CUST-10837,19.99,Spain,Carrier Billing,Web,30,3,0,21,0
TX-101754,2026-07-17 11:19:44.945403,CUST-10483,4.99,France,Credit Card,Android,0,8,1,11,1
TX-101755,2026-08-26 09:12:44.945403,CUST-10978,14.99,France,Carrier Billing,Android,15,8,1,9,1
TX-101756,2026-08-28 08:52:44.945403,CUST-10163,9.99,Pakistan,Credit Card,Android,2,6,1,8,0
TX-101757,2026-06-24 17:35:44.945403,CUST-10240,14.99,Germany,Carrier Billing,iOS,15,1,1,17,0
TX-101758,2026-07-12 16:10:44.945403,CUST-10645,6.99,United Kingdom,Credit Card,Web,3,3,1,16,0
TX-101759,2026-07-15 20:08:44.945403,CUST-10826,19.99,Spain,Credit Card,Web,15,2,0,20,0
TX-101760,2026-07-19 19:29:44.945403,CUST-10252,4.99,France,Mobile Wallet,Android,29,6,1,19,0
TX-101761,2026-08-01 08:56:44.945403,CUST-10348,14.99,France,Mobile Wallet,Android,28,3,1,8,0
TX-101762,2026-08-02 22:41:44.945403,CUST-10994,4.99,United Kingdom,Mobile Wallet,Android,26,4,1,22,0
TX-101763,2026-08-31 21:59:44.945403,CUST-10019,6.99,United Kingdom,Carrier Billing,iOS,24,3,1,21,0
TX-101764,2026-07-26 13:00:44.945403,CUST-10473,14.99,France,Carrier Billing,iOS,12,4,1,13,0
TX-101765,2026-07-14 23:13:44.945403,CUST-10868,2.99,Germany,Carrier Billing,Android,20,1,1,23,0
TX-101766,2026-08-07 08:22:44.945403,CUST-10494,14.99,Spain,Credit Card,iOS,15,6,0,8,0
TX-101767,2026-08-09 15:23:44.945403,CUST-10192,14.99,United Kingdom,Carrier Billing,iOS,23,1,0,15,0
TX-101768,2026-07-27 17:49:44.945403,CUST-10289,4.99,Germany,Credit Card,Web,26,1,1,17,0
TX-101769,2026-06-24 23:14:44.945403,CUST-10303,2.99,Pakistan,Mobile Wallet,Web,24,7,0,23,0
TX-101770,2026-08-21 11:17:44.945403,CUST-10931,4.99,Germany,Mobile Wallet,iOS,17,3,1,11,0
TX-101771,2026-06-21 15:54:44.945403,CUST-10959,6.99,Germany,Credit Card,Android,22,8,1,15,1
TX-101772,2026-06-23 13:19:44.945403,CUST-10330,2.99,Pakistan,Carrier Billing,iOS,17,8,1,13,1
TX-101773,2026-08-26 13:38:44.945403,CUST-10737,9.99,United Kingdom,Carrier Billing,Web,13,6,1,13,0
TX-101774,2026-08-06 15:49:44.945403,CUST-10856,2.99,France,Credit Card,Web,24,1,0,15,0
TX-101775,2026-08-15 19:33:44.945403,CUST-10135,9.99,Pakistan,Carrier Billing,Android,4,2,0,19,0
TX-101776,2026-07-03 05:55:44.945403,CUST-10094,6.99,France,Credit Card,Android,13,6,0,5,0
TX-101777,2026-07-31 11:20:44.945403,CUST-10063,14.99,Germany,Mobile Wallet,iOS,22,3,0,11,0
TX-101778,2026-07-22 16:17:44.945403,CUST-10162,2.99,France,Carrier Billing,Android,1,1,0,16,0
TX-101779,2026-08-14 07:46:44.945403,CUST-10230,9.99,Pakistan,Carrier Billing,Android,24,4,0,7,0
TX-101780,2026-06-24 09:17:44.945403,CUST-10512,6.99,France,Credit Card,Web,21,7,0,9,0
TX-101781,2026-07-08 05:15:44.945403,CUST-10504,2.99,Germany,Mobile Wallet,Android,1,4,0,5,0
TX-101782,2026-08-03 21:32:44.945403,CUST-10503,2.99,France,Mobile Wallet,Android,18,6,0,21,0
TX-101783,2026-06-25 17:08:44.945403,CUST-10549,2.99,United Kingdom,Credit Card,iOS,17,6,1,17,0
TX-101784,2026-06-30 04:54:44.945403,CUST-10772,14.99,France,Credit Card,Android,10,5,1,4,0
TX-101785,2026-07-07 19:57:44.945403,CUST-10462,2.99,Germany,Mobile Wallet,Web,21,7,0,19,0
TX-101786,2026-06-15 15:32:44.945403,CUST-10396,2.99,Spain,Carrier Billing,Web,23,5,0,15,0
TX-101787,2026-08-25 07:10:44.945403,CUST-10310,6.99,Germany,Carrier Billing,Web,20,4,1,7,0
TX-101788,2026-06-14 00:33:44.945403,CUST-10317,2.99,Spain,Carrier Billing,iOS,6,8,1,0,1
TX-101789,2026-07-23 12:47:44.945403,CUST-10400,14.99,Spain,Credit Card,iOS,17,5,0,12,0
TX-101790,2026-06-21 14:50:44.945403,CUST-10905,2.99,Pakistan,Mobile Wallet,Android,27,1,1,14,0
TX-101791,2026-07-09 11:25:44.945403,CUST-10455,9.99,United Kingdom,Carrier Billing,Android,1,6,0,11,0
TX-101792,2026-09-08 05:35:44.945403,CUST-10433,19.99,France,Carrier Billing,iOS,13,1,1,5,0
TX-101793,2026-09-01 15:23:44.945403,CUST-10122,6.99,Spain,Credit Card,iOS,29,4,0,15,0
TX-101794,2026-08-18 14:23:44.945403,CUST-10975,19.99,Pakistan,Credit Card,Android,0,2,0,14,0
TX-101795,2026-07-23 07:01:44.945403,CUST-10890,14.99,United Kingdom,Credit Card,iOS,0,8,0,7,1
TX-101796,2026-06-25 19:24:44.945403,CUST-10220,2.99,Germany,Mobile Wallet,iOS,0,1,1,19,0
TX-101797,2026-07-24 05:52:44.945403,CUST-10422,4.99,Pakistan,Mobile Wallet,Android,21,2,1,5,0
TX-101798,2026-08-16 06:55:44.945403,CUST-10490,4.99,France,Carrier Billing,Web,8,4,0,6,0
TX-101799,2026-08-24 14:46:44.945403,CUST-10001,19.99,Pakistan,Mobile Wallet,iOS,17,8,0,14,1
TX-101800,2026-08-18 10:36:44.945403,CUST-10048,6.99,France,Carrier Billing,Web,11,8,1,10,1
TX-101801,2026-07-15 19:56:44.945403,CUST-10674,6.99,United Kingdom,Mobile Wallet,Android,10,6,1,19,0
TX-101802,2026-07-18 10:14:44.945403,CUST-10381,9.99,France,Credit Card,Android,26,8,1,10,1
TX-101803,2026-07-21 03:37:44.945403,CUST-10088,14.99,France,Carrier Billing,iOS,29,6,1,3,0
TX-101804,2026-07-30 22:27:44.945403,CUST-10882,19.99,Spain,Carrier Billing,iOS,16,3,1,22,0
TX-101805,2026-08-26 14:05:44.945403,CUST-10762,4.99,United Kingdom,Carrier Billing,Android,26,7,0,14,0
TX-101806,2026-08-31 00:30:44.945403,CUST-10114,14.99,United Kingdom,Carrier Billing,Web,3,1,1,0,0
TX-101807,2026-08-11 08:27:44.945403,CUST-10964,4.99,Spain,Mobile Wallet,Web,25,6,1,8,0
TX-101808,2026-08-17 11:17:44.945403,CUST-10856,6.99,United Kingdom,Credit Card,Web,21,7,0,11,0
TX-101809,2026-08-19 02:33:44.945403,CUST-10417,19.99,Pakistan,Carrier Billing,Web,20,8,0,2,1
TX-101810,2026-09-01 08:12:44.945403,CUST-10771,4.99,Pakistan,Mobile Wallet,Android,15,3,0,8,0
TX-101811,2026-07-09 18:12:44.945403,CUST-10247,9.99,France,Carrier Billing,Web,20,2,0,18,0
TX-101812,2026-06-14 16:28:44.945403,CUST-10302,2.99,Spain,Carrier Billing,Web,2,2,1,16,0
TX-101813,2026-06-22 16:23:44.945403,CUST-10432,6.99,Germany,Carrier Billing,Web,19,5,1,16,0
TX-101814,2026-06-30 19:53:44.945403,CUST-10311,9.99,United Kingdom,Mobile Wallet,iOS,20,1,1,19,0
TX-101815,2026-07-27 08:47:44.945403,CUST-10327,6.99,Pakistan,Credit Card,Web,15,7,0,8,0
TX-101816,2026-08-04 07:07:44.945403,CUST-10635,6.99,Germany,Carrier Billing,iOS,1,8,0,7,1
TX-101817,2026-07-31 08:20:44.945403,CUST-10094,2.99,Spain,Mobile Wallet,Web,20,2,1,8,0
TX-101818,2026-07-12 13:33:44.945403,CUST-10247,14.99,Germany,Carrier Billing,iOS,9,8,0,13,0
TX-101819,2026-06-20 11:57:44.945403,CUST-10010,19.99,Spain,Mobile Wallet,Web,24,1,1,11,0
TX-101820,2026-06-28 08:26:44.945403,CUST-10474,6.99,United Kingdom,Credit Card,Web,20,1,1,8,0
TX-101821,2026-08-14 09:48:44.945403,CUST-10529,9.99,Spain,Credit Card,iOS,27,3,0,9,0
TX-101822,2026-07-12 00:31:44.945403,CUST-10436,2.99,Spain,Carrier Billing,Android,15,8,0,0,1
TX-101823,2026-08-21 11:09:44.945403,CUST-10762,19.99,Spain,Credit Card,Android,9,3,0,11,0
TX-101824,2026-08-13 00:38:44.945403,CUST-10597,9.99,Spain,Mobile Wallet,iOS,25,2,0,0,0
TX-101825,2026-06-23 20:53:44.945403,CUST-10758,14.99,United Kingdom,Carrier Billing,iOS,15,6,1,20,0
TX-101826,2026-07-29 15:47:44.945403,CUST-10919,19.99,France,Mobile Wallet,Web,3,7,1,15,1
TX-101827,2026-07-21 13:37:44.945403,CUST-10570,19.99,Germany,Carrier Billing,Android,2,5,1,13,0
TX-101828,2026-07-28 00:20:44.945403,CUST-10941,4.99,Spain,Carrier Billing,Android,5,2,0,0,0
TX-101829,2026-07-22 11:03:44.945403,CUST-10675,14.99,France,Mobile Wallet,iOS,15,2,0,11,0
TX-101830,2026-06-22 09:36:44.945403,CUST-10573,2.99,Spain,Carrier Billing,Android,9,3,1,9,0
TX-101831,2026-06-17 07:35:44.945403,CUST-10522,2.99,Pakistan,Mobile Wallet,Web,8,1,1,7,0
TX-101832,2026-06-24 07:56:44.945403,CUST-10327,4.99,Germany,Carrier Billing,Android,21,8,1,7,1
TX-101833,2026-06-20 20:54:44.945403,CUST-10176,9.99,United Kingdom,Mobile Wallet,Web,17,2,0,20,0
TX-101834,2026-08-28 22:31:44.945403,CUST-10522,4.99,Pakistan,Credit Card,Web,2,3,0,22,0
TX-101835,2026-07-19 11:51:44.945403,CUST-10859,19.99,France,Carrier Billing,iOS,13,1,1,11,0
TX-101836,2026-07-11 00:38:44.945403,CUST-10799,9.99,Pakistan,Carrier Billing,Web,23,6,1,0,0
TX-101837,2026-08-26 23:37:44.945403,CUST-10887,4.99,Spain,Credit Card,Web,30,7,0,23,0
TX-101838,2026-07-29 07:14:44.945403,CUST-10294,9.99,Pakistan,Credit Card,Web,0,7,0,7,0
TX-101839,2026-08-14 23:28:44.945403,CUST-10913,4.99,Pakistan,Credit Card,iOS,12,5,1,23,0
TX-101840,2026-09-09 15:57:44.945403,CUST-10939,6.99,France,Mobile Wallet,Web,10,5,1,15,0
TX-101841,2026-07-16 23:58:44.945403,CUST-10775,19.99,United Kingdom,Mobile Wallet,Web,29,3,1,23,0
TX-101842,2026-08-13 18:58:44.945403,CUST-10501,6.99,United Kingdom,Mobile Wallet,Web,20,2,1,18,0
TX-101843,2026-09-04 21:14:44.945403,CUST-10277,6.99,United Kingdom,Mobile Wallet,Android,10,6,0,21,0
TX-101844,2026-07-13 13:52:44.945403,CUST-10995,6.99,Spain,Credit Card,Web,21,7,1,13,0
TX-101845,2026-07-20 10:26:44.945403,CUST-10685,19.99,Spain,Mobile Wallet,Android,25,5,0,10,0
TX-101846,2026-07-14 18:12:44.945403,CUST-10729,14.99,United Kingdom,Credit Card,Android,25,8,0,18,0
TX-101847,2026-08-16 15:23:44.945403,CUST-10897,6.99,Spain,Carrier Billing,Web,25,6,0,15,0
TX-101848,2026-08-24 13:04:44.945403,CUST-10508,6.99,Spain,Credit Card,iOS,22,5,1,13,0
TX-101849,2026-06-25 04:13:44.945403,CUST-10260,14.99,Pakistan,Credit Card,Android,30,7,1,4,1
TX-101850,2026-06-29 01:15:44.945403,CUST-10831,6.99,Germany,Credit Card,Web,18,5,1,1,0
TX-101851,2026-06-16 11:55:44.945403,CUST-10437,19.99,Germany,Mobile Wallet,Android,15,7,1,11,1
TX-101852,2026-06-24 13:46:44.945403,CUST-10185,2.99,France,Carrier Billing,Android,27,2,1,13,0
TX-101853,2026-07-30 13:44:44.945403,CUST-10274,4.99,Pakistan,Mobile Wallet,Web,13,4,0,13,0
TX-101854,2026-08-02 10:13:44.945403,CUST-10061,2.99,Pakistan,Credit Card,Web,23,5,1,10,0
TX-101855,2026-07-02 20:02:44.945403,CUST-10225,14.99,United Kingdom,Mobile Wallet,iOS,29,6,0,20,0
TX-101856,2026-08-01 06:07:44.945403,CUST-10598,6.99,Spain,Carrier Billing,iOS,6,1,0,6,0
TX-101857,2026-08-18 06:05:44.945403,CUST-10628,6.99,Germany,Carrier Billing,Android,7,7,0,6,0
TX-101858,2026-08-06 08:14:44.945403,CUST-10169,4.99,Spain,Credit Card,Android,0,4,1,8,0
TX-101859,2026-08-29 05:11:44.945403,CUST-10614,9.99,Germany,Carrier Billing,Android,3,2,1,5,0
TX-101860,2026-07-22 03:14:44.945403,CUST-10153,19.99,Germany,Mobile Wallet,iOS,0,5,0,3,0
TX-101861,2026-07-26 14:16:44.945403,CUST-10447,14.99,France,Credit Card,Android,15,7,1,14,0
TX-101862,2026-07-15 19:16:44.945403,CUST-10147,19.99,Pakistan,Mobile Wallet,Web,21,7,0,19,0
TX-101863,2026-06-30 17:01:44.945403,CUST-10223,6.99,France,Credit Card,iOS,7,5,0,17,0
TX-101864,2026-08-30 17:57:44.945403,CUST-10480,2.99,United Kingdom,Carrier Billing,Web,22,2,1,17,0
TX-101865,2026-06-13 20:19:44.945403,CUST-10398,14.99,France,Credit Card,iOS,0,8,1,20,1
TX-101866,2026-09-02 14:41:44.945403,CUST-10434,2.99,Germany,Credit Card,iOS,7,5,1,14,0
TX-101867,2026-07-05 12:12:44.945403,CUST-10490,4.99,Spain,Carrier Billing,Web,20,4,0,12,0
TX-101868,2026-07-15 00:57:44.945403,CUST-10049,4.99,Pakistan,Mobile Wallet,Android,2,1,1,0,0
TX-101869,2026-09-04 16:32:44.945403,CUST-10261,9.99,Spain,Credit Card,Android,27,7,1,16,0
TX-101870,2026-06-28 18:54:44.945403,CUST-10234,9.99,France,Carrier Billing,Web,2,4,0,18,0
TX-101871,2026-08-02 23:25:44.945403,CUST-10670,19.99,Spain,Credit Card,Web,15,7,0,23,0
TX-101872,2026-08-24 09:02:44.945403,CUST-10984,4.99,United Kingdom,Mobile Wallet,Android,2,2,1,9,0
TX-101873,2026-06-28 02:58:44.945403,CUST-10546,2.99,Germany,Mobile Wallet,iOS,23,3,0,2,0
TX-101874,2026-06-28 20:37:44.945403,CUST-10251,2.99,France,Carrier Billing,iOS,16,1,0,20,0
TX-101875,2026-06-27 01:21:44.945403,CUST-10049,9.99,Spain,Carrier Billing,Android,27,6,1,1,0
TX-101876,2026-07-23 06:22:44.945403,CUST-10179,19.99,Pakistan,Mobile Wallet,Android,5,1,0,6,0
TX-101877,2026-06-24 05:25:44.945403,CUST-10000,6.99,Germany,Mobile Wallet,iOS,21,7,1,5,0
TX-101878,2026-07-24 07:52:44.945403,CUST-10985,19.99,United Kingdom,Credit Card,Web,18,7,1,7,1
TX-101879,2026-07-18 23:07:44.945403,CUST-10170,14.99,Germany,Carrier Billing,Android,6,2,1,23,0
TX-101880,2026-06-22 08:55:44.945403,CUST-10618,9.99,Germany,Credit Card,iOS,11,1,1,8,0
TX-101881,2026-08-19 03:36:44.945403,CUST-10016,4.99,Germany,Mobile Wallet,Android,14,3,1,3,0
TX-101882,2026-06-24 19:25:44.945403,CUST-10016,4.99,Germany,Credit Card,iOS,12,8,1,19,1
TX-101883,2026-06-30 11:41:44.945403,CUST-10474,4.99,Germany,Carrier Billing,Android,30,3,0,11,0
TX-101884,2026-06-16 16:34:44.945403,CUST-10358,9.99,Germany,Mobile Wallet,iOS,2,5,1,16,0
TX-101885,2026-08-01 01:32:44.945403,CUST-10488,2.99,Germany,Carrier Billing,iOS,10,4,1,1,0
TX-101886,2026-06-26 23:02:44.945403,CUST-10011,2.99,Spain,Mobile Wallet,Web,17,5,0,23,0
TX-101887,2026-07-01 18:16:44.945403,CUST-10645,14.99,France,Carrier Billing,iOS,12,6,1,18,0
TX-101888,2026-07-11 13:52:44.945403,CUST-10291,6.99,Pakistan,Mobile Wallet,Web,3,8,1,13,1
TX-101889,2026-07-28 15:19:44.945403,CUST-10037,19.99,United Kingdom,Mobile Wallet,Web,18,2,0,15,0
TX-101890,2026-07-16 06:07:44.945403,CUST-10338,19.99,Germany,Mobile Wallet,Web,20,5,0,6,0
TX-101891,2026-09-03 03:22:44.945403,CUST-10201,2.99,United Kingdom,Credit Card,iOS,12,4,0,3,0
TX-101892,2026-06-12 22:59:44.945403,CUST-10976,4.99,Spain,Credit Card,Web,6,7,0,22,0
TX-101893,2026-08-02 13:45:44.945403,CUST-10261,4.99,Pakistan,Carrier Billing,Android,27,1,1,13,0
TX-101894,2026-08-22 11:47:44.945403,CUST-10067,4.99,Germany,Carrier Billing,Web,15,2,0,11,0
TX-101895,2026-08-24 17:41:44.945403,CUST-10920,6.99,United Kingdom,Mobile Wallet,iOS,27,8,1,17,1
TX-101896,2026-07-31 17:29:44.945403,CUST-10910,19.99,France,Mobile Wallet,Web,10,3,1,17,0
TX-101897,2026-08-21 16:44:44.945403,CUST-10918,4.99,Spain,Carrier Billing,iOS,15,5,1,16,0
TX-101898,2026-07-09 05:08:44.945403,CUST-10510,19.99,Germany,Carrier Billing,Web,9,5,0,5,0
TX-101899,2026-08-01 08:58:44.945403,CUST-10228,4.99,Spain,Credit Card,Android,29,2,1,8,0
TX-101900,2026-07-18 06:01:44.945403,CUST-10429,14.99,France,Credit Card,Android,7,3,1,6,0
TX-101901,2026-08-11 04:37:44.945403,CUST-10067,6.99,Pakistan,Credit Card,iOS,26,7,0,4,0
TX-101902,2026-09-08 21:47:44.945403,CUST-10031,6.99,France,Carrier Billing,iOS,7,8,1,21,1
TX-101903,2026-07-17 22:21:44.945403,CUST-10602,4.99,Germany,Credit Card,Android,9,4,0,22,0
TX-101904,2026-08-05 06:50:44.945403,CUST-10334,14.99,Germany,Carrier Billing,Android,2,2,0,6,0
TX-101905,2026-07-20 20:41:44.945403,CUST-10504,2.99,Spain,Carrier Billing,Android,15,3,0,20,0
TX-101906,2026-09-09 09:27:44.945403,CUST-10863,6.99,France,Mobile Wallet,Web,2,1,0,9,0
TX-101907,2026-07-11 21:44:44.945403,CUST-10102,2.99,United Kingdom,Carrier Billing,Android,19,1,0,21,0
TX-101908,2026-09-01 12:10:44.945403,CUST-10400,9.99,Pakistan,Credit Card,Web,9,2,1,12,0
TX-101909,2026-07-23 22:31:44.945403,CUST-10620,6.99,Spain,Mobile Wallet,Web,16,2,1,22,0
TX-101910,2026-08-13 13:44:44.945403,CUST-10290,2.99,Germany,Credit Card,Web,5,8,1,13,1
TX-101911,2026-07-28 04:11:44.945403,CUST-10313,6.99,Germany,Credit Card,Android,25,5,1,4,0
TX-101912,2026-07-23 20:13:44.945403,CUST-10152,19.99,Spain,Carrier Billing,Android,1,2,0,20,0
TX-101913,2026-07-22 17:12:44.945403,CUST-10129,4.99,Pakistan,Credit Card,iOS,22,6,0,17,0
TX-101914,2026-07-21 11:32:44.945403,CUST-10419,2.99,United Kingdom,Mobile Wallet,Web,9,4,1,11,0
TX-101915,2026-07-15 00:09:44.945403,CUST-10160,9.99,Spain,Credit Card,Android,1,1,1,0,0
TX-101916,2026-08-24 19:30:44.945403,CUST-10509,9.99,Germany,Mobile Wallet,iOS,14,3,1,19,0
TX-101917,2026-08-15 05:50:44.945403,CUST-10432,19.99,France,Mobile Wallet,Web,5,1,0,5,0
TX-101918,2026-07-19 16:51:44.945403,CUST-10095,9.99,France,Carrier Billing,Android,28,3,0,16,0
TX-101919,2026-07-26 22:39:44.945403,CUST-10980,6.99,Spain,Mobile Wallet,Android,13,1,0,22,0
TX-101920,2026-08-15 14:32:44.945403,CUST-10351,14.99,France,Credit Card,Android,3,8,0,14,0
TX-101921,2026-07-12 02:55:44.945403,CUST-10696,19.99,United Kingdom,Credit Card,Web,12,4,1,2,0
TX-101922,2026-08-17 10:01:44.945403,CUST-10819,2.99,Germany,Mobile Wallet,Web,17,5,1,10,0
TX-101923,2026-07-12 03:07:44.945403,CUST-10018,9.99,United Kingdom,Mobile Wallet,Android,15,7,1,3,1
TX-101924,2026-08-06 06:23:44.945403,CUST-10585,4.99,France,Mobile Wallet,Android,14,5,1,6,0
TX-101925,2026-08-28 10:06:44.945403,CUST-10039,4.99,United Kingdom,Credit Card,iOS,8,1,0,10,0
TX-101926,2026-09-06 12:13:44.945403,CUST-10841,9.99,Spain,Credit Card,Android,13,1,0,12,0
TX-101927,2026-07-06 18:17:44.945403,CUST-10548,14.99,Germany,Carrier Billing,Web,27,5,0,18,0
TX-101928,2026-08-03 15:56:44.945403,CUST-10218,14.99,United Kingdom,Credit Card,Android,27,4,1,15,0
TX-101929,2026-07-11 18:20:44.945403,CUST-10181,14.99,Spain,Carrier Billing,Web,13,2,1,18,0
TX-101930,2026-09-06 00:21:44.945403,CUST-10491,2.99,Pakistan,Carrier Billing,Web,23,5,0,0,0
TX-101931,2026-08-12 00:07:44.945403,CUST-10263,9.99,Spain,Credit Card,Android,23,3,1,0,0
TX-101932,2026-09-04 15:57:44.945403,CUST-10295,6.99,United Kingdom,Mobile Wallet,Web,20,2,0,15,0
TX-101933,2026-08-30 08:06:44.945403,CUST-10124,2.99,Spain,Carrier Billing,iOS,30,3,0,8,0
TX-101934,2026-07-12 13:52:44.945403,CUST-10124,14.99,United Kingdom,Credit Card,Web,3,8,1,13,1
TX-101935,2026-07-14 06:47:44.945403,CUST-10807,2.99,France,Carrier Billing,iOS,25,4,1,6,0
TX-101936,2026-09-02 18:28:44.945403,CUST-10935,14.99,Pakistan,Carrier Billing,Android,4,6,0,18,0
TX-101937,2026-08-13 14:50:44.945403,CUST-10547,4.99,Germany,Mobile Wallet,iOS,0,6,1,14,0
TX-101938,2026-07-21 05:07:44.945403,CUST-10106,14.99,Germany,Carrier Billing,Android,6,8,0,5,0
TX-101939,2026-08-18 15:14:44.945403,CUST-10232,19.99,Germany,Mobile Wallet,iOS,12,6,1,15,0
TX-101940,2026-06-15 16:12:44.945403,CUST-10037,9.99,Spain,Carrier Billing,Web,11,1,1,16,0
TX-101941,2026-07-19 16:16:44.945403,CUST-10767,2.99,France,Credit Card,Android,4,2,0,16,0
TX-101942,2026-07-24 22:45:44.945403,CUST-10506,14.99,United Kingdom,Mobile Wallet,iOS,3,1,1,22,0
TX-101943,2026-07-30 17:48:44.945403,CUST-10841,9.99,France,Carrier Billing,Android,1,5,0,17,0
TX-101944,2026-08-25 02:26:44.945403,CUST-10388,4.99,France,Credit Card,iOS,2,6,0,2,0
TX-101945,2026-08-18 02:05:44.945403,CUST-10307,9.99,Pakistan,Carrier Billing,iOS,10,3,0,2,0
TX-101946,2026-09-04 15:13:44.945403,CUST-10537,14.99,United Kingdom,Carrier Billing,iOS,3,2,1,15,0
TX-101947,2026-07-10 19:53:44.945403,CUST-10909,2.99,Spain,Mobile Wallet,Android,18,2,0,19,0
TX-101948,2026-07-10 04:59:44.945403,CUST-10861,14.99,United Kingdom,Carrier Billing,Web,17,5,1,4,0
TX-101949,2026-07-18 14:19:44.945403,CUST-10770,2.99,France,Credit Card,Android,21,6,1,14,0
TX-101950,2026-06-24 07:34:44.945403,CUST-10070,2.99,United Kingdom,Carrier Billing,Android,28,8,0,7,0
TX-101951,2026-07-14 17:25:44.945403,CUST-10415,14.99,Pakistan,Credit Card,Android,18,4,0,17,0
TX-101952,2026-06-28 16:57:44.945403,CUST-10664,14.99,Pakistan,Mobile Wallet,Android,15,4,0,16,0
TX-101953,2026-09-06 23:46:44.945403,CUST-10841,19.99,United Kingdom,Carrier Billing,iOS,0,5,0,23,0
TX-101954,2026-07-03 12:15:44.945403,CUST-10060,9.99,Spain,Mobile Wallet,Web,12,4,1,12,0
TX-101955,2026-07-18 16:13:44.945403,CUST-10997,14.99,Germany,Mobile Wallet,iOS,8,4,0,16,0
TX-101956,2026-07-05 01:35:44.945403,CUST-10663,14.99,Germany,Carrier Billing,Android,12,4,1,1,0
TX-101957,2026-08-03 08:10:44.945403,CUST-10188,19.99,United Kingdom,Carrier Billing,Web,7,3,0,8,0
TX-101958,2026-07-04 14:39:44.945403,CUST-10762,2.99,Pakistan,Mobile Wallet,iOS,4,4,1,14,0
TX-101959,2026-08-03 03:42:44.945403,CUST-10002,19.99,Spain,Mobile Wallet,Android,26,1,1,3,0
TX-101960,2026-06-30 15:16:44.945403,CUST-10457,4.99,Spain,Mobile Wallet,Web,25,2,1,15,0
TX-101961,2026-07-19 06:39:44.945403,CUST-10387,19.99,United Kingdom,Mobile Wallet,iOS,14,4,0,6,0
TX-101962,2026-07-14 00:03:44.945403,CUST-10192,19.99,Spain,Credit Card,iOS,30,5,1,0,0
TX-101963,2026-06-12 03:12:44.945403,CUST-10443,9.99,Spain,Carrier Billing,Android,23,8,1,3,1
TX-101964,2026-06-21 21:44:44.945403,CUST-10902,6.99,Spain,Credit Card,iOS,5,7,0,21,0
TX-101965,2026-08-20 06:31:44.945403,CUST-10542,2.99,United Kingdom,Credit Card,iOS,9,4,1,6,0
TX-101966,2026-08-29 11:38:44.945403,CUST-10282,9.99,Germany,Credit Card,Android,15,4,1,11,0
TX-101967,2026-06-13 09:59:44.945403,CUST-10799,4.99,Germany,Credit Card,Android,30,3,0,9,0
TX-101968,2026-07-15 14:37:44.945403,CUST-10534,6.99,Pakistan,Credit Card,Web,16,5,1,14,0
TX-101969,2026-08-02 11:30:44.945403,CUST-10980,2.99,Spain,Credit Card,iOS,25,4,0,11,0
TX-101970,2026-09-08 19:48:44.945403,CUST-10541,2.99,Spain,Carrier Billing,iOS,24,7,1,19,1
TX-101971,2026-06-29 11:03:44.945403,CUST-10191,2.99,France,Mobile Wallet,iOS,8,5,0,11,0
TX-101972,2026-08-11 19:48:44.945403,CUST-10862,14.99,United Kingdom,Mobile Wallet,iOS,3,7,1,19,0
TX-101973,2026-08-31 21:19:44.945403,CUST-10250,6.99,Pakistan,Credit Card,iOS,15,4,1,21,0
TX-101974,2026-07-21 01:40:44.945403,CUST-10980,14.99,Pakistan,Mobile Wallet,Android,3,3,0,1,0
TX-101975,2026-06-15 20:23:44.945403,CUST-10209,9.99,Germany,Mobile Wallet,Web,2,2,1,20,0
TX-101976,2026-07-01 22:43:44.945403,CUST-10755,4.99,Spain,Credit Card,Android,1,5,0,22,0
TX-101977,2026-07-19 02:18:44.945403,CUST-10123,6.99,United Kingdom,Credit Card,Android,2,6,0,2,0
TX-101978,2026-06-20 08:48:44.945403,CUST-10824,6.99,United Kingdom,Mobile Wallet,Web,20,4,0,8,0
TX-101979,2026-07-07 01:49:44.945403,CUST-10554,4.99,Pakistan,Credit Card,Android,25,7,1,1,1
TX-101980,2026-07-27 16:53:44.945403,CUST-10596,4.99,United Kingdom,Credit Card,Android,13,6,1,16,0
TX-101981,2026-08-01 11:45:44.945403,CUST-10712,4.99,Pakistan,Mobile Wallet,Android,20,1,1,11,0
TX-101982,2026-08-25 16:54:44.945403,CUST-10160,4.99,Pakistan,Mobile Wallet,Android,6,4,0,16,0
TX-101983,2026-07-23 19:17:44.945403,CUST-10062,19.99,Germany,Carrier Billing,Web,4,1,0,19,0
TX-101984,2026-08-16 18:16:44.945403,CUST-10209,6.99,France,Mobile Wallet,iOS,4,2,0,18,0
TX-101985,2026-06-12 13:11:44.945403,CUST-10175,6.99,Pakistan,Mobile Wallet,Android,21,7,0,13,0
TX-101986,2026-06-26 04:40:44.945403,CUST-10216,2.99,Spain,Credit Card,Android,13,4,0,4,0
TX-101987,2026-07-29 05:03:44.945403,CUST-10730,14.99,United Kingdom,Mobile Wallet,Web,10,8,0,5,0
TX-101988,2026-08-04 22:44:44.945403,CUST-10545,19.99,United Kingdom,Carrier Billing,iOS,13,3,1,22,0
TX-101989,2026-07-05 13:00:44.945403,CUST-10620,4.99,Pakistan,Carrier Billing,iOS,9,7,1,13,0
TX-101990,2026-08-30 11:23:44.945403,CUST-10595,2.99,Spain,Carrier Billing,Android,23,2,1,11,0
TX-101991,2026-08-09 23:43:44.945403,CUST-10594,19.99,Spain,Carrier Billing,Web,5,4,0,23,0
TX-101992,2026-06-16 11:24:44.945403,CUST-10520,14.99,United Kingdom,Carrier Billing,Android,17,2,1,11,0
TX-101993,2026-06-20 08:52:44.945403,CUST-10265,6.99,France,Mobile Wallet,Android,26,3,0,8,0
TX-101994,2026-08-28 05:55:44.945403,CUST-10858,4.99,Spain,Carrier Billing,Web,20,2,0,5,0
TX-101995,2026-06-18 08:35:44.945403,CUST-10432,19.99,United Kingdom,Carrier Billing,Web,24,6,1,8,0
TX-101996,2026-07-07 00:08:44.945403,CUST-10867,6.99,Pakistan,Carrier Billing,Android,24,1,0,0,0
TX-101997,2026-08-16 16:08:44.945403,CUST-10031,2.99,France,Carrier Billing,Web,25,2,0,16,0
TX-101998,2026-07-25 14:48:44.945403,CUST-10975,2.99,Germany,Mobile Wallet,Web,11,1,0,14,0
TX-101999,2026-09-09 19:43:44.945403,CUST-10361,6.99,Germany,Mobile Wallet,Android,25,5,1,19,0
TX-102000,2026-06-19 14:18:44.945403,CUST-10558,4.99,United Kingdom,Mobile Wallet,Web,17,8,1,14,1
TX-102001,2026-09-02 17:00:44.945403,CUST-10786,2.99,Spain,Carrier Billing,iOS,16,1,1,17,0
TX-102002,2026-06-15 12:45:44.945403,CUST-10519,9.99,Germany,Carrier Billing,Android,19,1,0,12,0
TX-102003,2026-08-31 11:34:44.945403,CUST-10251,9.99,France,Mobile Wallet,iOS,2,6,1,11,0
TX-102004,2026-07-18 17:40:44.945403,CUST-10386,14.99,Pakistan,Carrier Billing,iOS,4,5,0,17,0
TX-102005,2026-07-15 11:51:44.945403,CUST-10677,2.99,France,Credit Card,Android,25,7,0,11,0
TX-102006,2026-06-15 10:33:44.945403,CUST-10640,9.99,Pakistan,Credit Card,Android,7,7,1,10,0
TX-102007,2026-08-22 10:43:44.945403,CUST-10017,14.99,United Kingdom,Carrier Billing,Android,2,1,1,10,0
TX-102008,2026-09-04 08:04:44.945403,CUST-10125,9.99,France,Mobile Wallet,Android,28,1,1,8,0
TX-102009,2026-07-05 09:35:44.945403,CUST-10985,19.99,Spain,Mobile Wallet,iOS,15,4,0,9,0
TX-102010,2026-08-20 09:11:44.945403,CUST-10192,14.99,Pakistan,Credit Card,iOS,7,3,0,9,0
TX-102011,2026-07-18 06:31:44.945403,CUST-10633,19.99,France,Mobile Wallet,Android,16,5,1,6,0
TX-102012,2026-06-13 17:46:44.945403,CUST-10248,9.99,Spain,Credit Card,Web,23,7,0,17,0
TX-102013,2026-09-07 07:22:44.945403,CUST-10796,6.99,Pakistan,Credit Card,Android,26,7,1,7,0
TX-102014,2026-08-08 08:21:44.945403,CUST-10399,4.99,France,Credit Card,iOS,27,1,0,8,0
TX-102015,2026-07-02 16:57:44.945403,CUST-10738,19.99,France,Credit Card,Web,21,3,1,16,0
TX-102016,2026-08-29 15:10:44.945403,CUST-10933,19.99,Pakistan,Mobile Wallet,Android,15,7,1,15,1
TX-102017,2026-07-07 07:44:44.945403,CUST-10883,6.99,United Kingdom,Mobile Wallet,Web,16,1,0,7,0
TX-102018,2026-07-15 09:15:44.945403,CUST-10247,14.99,United Kingdom,Mobile Wallet,Android,26,5,1,9,0
TX-102019,2026-06-24 01:48:44.945403,CUST-10476,14.99,Pakistan,Mobile Wallet,Web,10,1,1,1,0
TX-102020,2026-06-17 02:11:44.945403,CUST-10873,6.99,Spain,Carrier Billing,Android,6,6,0,2,0
TX-102021,2026-07-05 07:31:44.945403,CUST-10601,6.99,Pakistan,Credit Card,Web,7,3,0,7,0
TX-102022,2026-08-15 14:24:44.945403,CUST-10614,9.99,United Kingdom,Credit Card,Web,28,2,0,14,0
TX-102023,2026-06-29 22:25:44.945403,CUST-10246,14.99,Pakistan,Mobile Wallet,Web,6,8,0,22,0
TX-102024,2026-08-09 11:26:44.945403,CUST-10330,4.99,Pakistan,Credit Card,Android,23,2,0,11,0
TX-102025,2026-08-06 13:11:44.945403,CUST-10779,14.99,Germany,Credit Card,iOS,3,8,1,13,1
TX-102026,2026-08-16 10:01:44.945403,CUST-10884,14.99,Pakistan,Carrier Billing,Android,6,1,0,10,0
TX-102027,2026-07-12 07:27:44.945403,CUST-10797,9.99,Pakistan,Mobile Wallet,Android,26,1,0,7,0
TX-102028,2026-07-12 05:50:44.945403,CUST-10483,19.99,Germany,Credit Card,Web,9,2,1,5,0
TX-102029,2026-08-31 03:54:44.945403,CUST-10635,19.99,Spain,Credit Card,iOS,19,6,0,3,0
TX-102030,2026-06-18 19:06:44.945403,CUST-10318,14.99,Pakistan,Carrier Billing,Web,20,5,0,19,0
TX-102031,2026-07-02 09:53:44.945403,CUST-10236,9.99,United Kingdom,Credit Card,iOS,26,1,0,9,0
TX-102032,2026-07-18 22:14:44.945403,CUST-10199,4.99,Spain,Carrier Billing,Web,19,3,0,22,0
TX-102033,2026-07-06 21:19:44.945403,CUST-10343,6.99,Germany,Carrier Billing,Android,8,1,1,21,0
TX-102034,2026-07-30 15:40:44.945403,CUST-10417,19.99,Pakistan,Credit Card,Web,0,6,0,15,0
TX-102035,2026-07-17 20:30:44.945403,CUST-10438,9.99,Pakistan,Mobile Wallet,Web,3,2,0,20,0
TX-102036,2026-08-27 21:49:44.945403,CUST-10018,2.99,Spain,Carrier Billing,Web,28,4,1,21,0
TX-102037,2026-08-31 08:50:44.945403,CUST-10622,2.99,Pakistan,Credit Card,Android,21,8,0,8,0
TX-102038,2026-08-18 16:21:44.945403,CUST-10217,2.99,Spain,Carrier Billing,iOS,28,6,1,16,0
TX-102039,2026-07-20 23:25:44.945403,CUST-10521,14.99,Spain,Credit Card,Web,3,8,1,23,1
TX-102040,2026-08-01 22:52:44.945403,CUST-10659,4.99,United Kingdom,Carrier Billing,Web,26,5,1,22,0
TX-102041,2026-06-15 12:39:44.945403,CUST-10118,4.99,France,Mobile Wallet,Android,25,8,0,12,0
TX-102042,2026-07-03 11:11:44.945403,CUST-10488,19.99,United Kingdom,Mobile Wallet,Web,4,7,0,11,0
TX-102043,2026-08-09 13:51:44.945403,CUST-10383,14.99,Pakistan,Carrier Billing,Android,21,6,1,13,0
TX-102044,2026-06-13 11:58:44.945403,CUST-10620,2.99,United Kingdom,Credit Card,Web,18,2,1,11,0
TX-102045,2026-06-28 09:38:44.945403,CUST-10957,2.99,Germany,Credit Card,Web,25,3,1,9,0
TX-102046,2026-08-15 03:10:44.945403,CUST-10586,14.99,Germany,Mobile Wallet,Web,25,7,1,3,1
TX-102047,2026-08-09 06:27:44.945403,CUST-10619,14.99,Germany,Carrier Billing,Web,9,3,1,6,0
TX-102048,2026-08-08 19:35:44.945403,CUST-10974,14.99,Spain,Carrier Billing,iOS,18,2,1,19,0
TX-102049,2026-07-27 09:45:44.945403,CUST-10908,6.99,United Kingdom,Mobile Wallet,Android,30,3,0,9,0
TX-102050,2026-08-27 05:45:44.945403,CUST-10799,4.99,France,Carrier Billing,iOS,12,1,1,5,0
TX-102051,2026-06-13 22:41:44.945403,CUST-10571,9.99,Spain,Credit Card,Web,3,8,1,22,1
TX-102052,2026-06-14 15:12:44.945403,CUST-10657,9.99,Spain,Mobile Wallet,Android,9,4,0,15,0
TX-102053,2026-08-11 03:52:44.945403,CUST-10616,6.99,Spain,Mobile Wallet,Android,21,1,1,3,0
TX-102054,2026-09-01 12:36:44.945403,CUST-10352,9.99,Pakistan,Carrier Billing,Web,18,7,1,12,0
TX-102055,2026-08-24 02:10:44.945403,CUST-10869,4.99,Germany,Mobile Wallet,iOS,17,3,1,2,0
TX-102056,2026-06-20 08:46:44.945403,CUST-10802,14.99,Germany,Mobile Wallet,iOS,11,7,0,8,0
TX-102057,2026-07-01 13:46:44.945403,CUST-10015,14.99,Germany,Credit Card,Android,21,3,0,13,0
TX-102058,2026-07-10 09:48:44.945403,CUST-10585,6.99,Pakistan,Credit Card,Android,24,5,1,9,0
TX-102059,2026-07-03 18:08:44.945403,CUST-10601,6.99,United Kingdom,Credit Card,Web,28,1,0,18,0
TX-102060,2026-06-26 19:19:44.945403,CUST-10489,4.99,Pakistan,Carrier Billing,Web,27,7,1,19,0
TX-102061,2026-07-17 06:56:44.945403,CUST-10064,2.99,Pakistan,Credit Card,Web,6,2,0,6,0
TX-102062,2026-08-24 23:25:44.945403,CUST-10626,6.99,Pakistan,Carrier Billing,Android,12,1,1,23,0
TX-102063,2026-08-08 04:29:44.945403,CUST-10621,2.99,France,Carrier Billing,iOS,13,3,0,4,0
TX-102064,2026-09-06 06:34:44.945403,CUST-10453,19.99,Germany,Mobile Wallet,Android,1,6,0,6,0
TX-102065,2026-07-06 10:37:44.945403,CUST-10017,9.99,Germany,Credit Card,Web,9,7,0,10,0
TX-102066,2026-09-05 16:23:44.945403,CUST-10459,4.99,Germany,Credit Card,Web,4,3,1,16,0
TX-102067,2026-08-23 13:14:44.945403,CUST-10094,19.99,Germany,Mobile Wallet,Web,26,8,1,13,1
TX-102068,2026-09-09 05:42:44.945403,CUST-10164,14.99,United Kingdom,Carrier Billing,iOS,0,7,1,5,1
TX-102069,2026-06-29 15:06:44.945403,CUST-10203,4.99,Germany,Carrier Billing,Android,29,3,1,15,0
TX-102070,2026-09-04 13:29:44.945403,CUST-10175,4.99,France,Credit Card,Android,14,2,1,13,0
TX-102071,2026-08-28 04:23:44.945403,CUST-10920,4.99,Pakistan,Carrier Billing,Web,5,1,1,4,0
TX-102072,2026-08-19 03:40:44.945403,CUST-10432,4.99,United Kingdom,Mobile Wallet,iOS,4,8,1,3,1
TX-102073,2026-09-08 17:35:44.945403,CUST-10353,9.99,Pakistan,Carrier Billing,Android,14,2,1,17,0
TX-102074,2026-08-04 18:59:44.945403,CUST-10050,19.99,Spain,Mobile Wallet,iOS,1,3,1,18,0
TX-102075,2026-06-15 18:28:44.945403,CUST-10996,2.99,Germany,Credit Card,iOS,1,4,1,18,0
TX-102076,2026-07-04 14:56:44.945403,CUST-10851,2.99,Germany,Credit Card,Web,3,3,1,14,0
TX-102077,2026-07-27 08:03:44.945403,CUST-10683,14.99,Spain,Carrier Billing,Android,0,3,0,8,0
TX-102078,2026-09-01 06:05:44.945403,CUST-10840,14.99,United Kingdom,Carrier Billing,Android,20,4,1,6,0
TX-102079,2026-09-08 11:33:44.945403,CUST-10429,4.99,United Kingdom,Mobile Wallet,iOS,23,8,1,11,1
TX-102080,2026-07-20 15:11:44.945403,CUST-10887,4.99,United Kingdom,Carrier Billing,Android,27,3,1,15,0
TX-102081,2026-07-12 15:56:44.945403,CUST-10234,14.99,Germany,Mobile Wallet,Android,15,7,1,15,0
TX-102082,2026-06-22 16:28:44.945403,CUST-10464,9.99,Pakistan,Credit Card,iOS,7,7,0,16,0
TX-102083,2026-06-13 06:18:44.945403,CUST-10373,2.99,Germany,Mobile Wallet,Android,2,3,0,6,0
TX-102084,2026-07-13 15:35:44.945403,CUST-10335,19.99,Spain,Carrier Billing,iOS,21,6,0,15,0
TX-102085,2026-07-30 22:09:44.945403,CUST-10458,2.99,France,Credit Card,Web,4,2,0,22,0
TX-102086,2026-08-02 19:04:44.945403,CUST-10142,6.99,United Kingdom,Credit Card,iOS,24,1,1,19,0
TX-102087,2026-08-07 14:27:44.945403,CUST-10623,14.99,France,Mobile Wallet,Android,30,3,0,14,0
TX-102088,2026-06-15 07:04:44.945403,CUST-10871,6.99,Pakistan,Mobile Wallet,Web,23,4,1,7,0
TX-102089,2026-08-05 07:22:44.945403,CUST-10733,19.99,France,Mobile Wallet,iOS,20,3,1,7,0
TX-102090,2026-07-12 14:17:44.945403,CUST-10866,19.99,United Kingdom,Mobile Wallet,Web,20,2,0,14,0
TX-102091,2026-07-22 23:38:44.945403,CUST-10641,14.99,United Kingdom,Credit Card,Android,22,8,0,23,0
TX-102092,2026-06-28 03:39:44.945403,CUST-10240,14.99,Germany,Credit Card,iOS,15,4,0,3,0
TX-102093,2026-08-06 21:17:44.945403,CUST-10462,6.99,Germany,Carrier Billing,Web,2,8,1,21,1
TX-102094,2026-07-26 16:21:44.945403,CUST-10393,14.99,Spain,Mobile Wallet,Web,29,7,1,16,0
TX-102095,2026-06-25 20:45:44.945403,CUST-10857,4.99,France,Mobile Wallet,Web,6,8,0,20,0
TX-102096,2026-07-30 07:00:44.945403,CUST-10325,19.99,United Kingdom,Carrier Billing,iOS,20,3,0,7,0
TX-102097,2026-08-14 03:52:44.945403,CUST-10275,2.99,France,Credit Card,iOS,23,6,1,3,0
TX-102098,2026-06-14 15:27:44.945403,CUST-10689,2.99,Spain,Credit Card,Web,5,6,1,15,0
TX-102099,2026-06-28 11:19:44.945403,CUST-10956,14.99,Germany,Credit Card,Web,12,4,0,11,0
TX-102100,2026-08-25 01:25:44.945403,CUST-10626,6.99,Spain,Mobile Wallet,Android,20,3,1,1,0
TX-102101,2026-08-26 10:22:44.945403,CUST-10887,4.99,Spain,Mobile Wallet,Web,29,2,1,10,0
TX-102102,2026-07-05 14:06:44.945403,CUST-10081,19.99,France,Carrier Billing,Web,24,6,1,14,0
TX-102103,2026-09-05 20:58:44.945403,CUST-10351,9.99,Spain,Mobile Wallet,Android,12,4,0,20,0
TX-102104,2026-08-06 04:35:44.945403,CUST-10800,19.99,France,Carrier Billing,Android,27,2,1,4,0
TX-102105,2026-06-14 04:35:44.945403,CUST-10974,19.99,Germany,Mobile Wallet,iOS,30,7,1,4,1
TX-102106,2026-07-11 00:32:44.945403,CUST-10774,9.99,France,Credit Card,Android,0,4,1,0,0
TX-102107,2026-06-22 18:37:44.945403,CUST-10898,19.99,United Kingdom,Mobile Wallet,Android,29,2,1,18,0
TX-102108,2026-06-26 20:34:44.945403,CUST-10048,4.99,United Kingdom,Mobile Wallet,iOS,18,4,1,20,0
TX-102109,2026-06-19 16:25:44.945403,CUST-10858,6.99,Spain,Credit Card,iOS,2,6,1,16,0
TX-102110,2026-07-11 14:22:44.945403,CUST-10847,6.99,Spain,Carrier Billing,Android,23,3,1,14,0
TX-102111,2026-07-01 09:02:44.945403,CUST-10837,9.99,Germany,Mobile Wallet,Web,3,4,1,9,0
TX-102112,2026-07-10 17:43:44.945403,CUST-10046,2.99,United Kingdom,Credit Card,Android,22,2,1,17,0
TX-102113,2026-08-22 23:40:44.945403,CUST-10089,2.99,France,Carrier Billing,iOS,12,2,1,23,0
TX-102114,2026-08-05 22:19:44.945403,CUST-10750,4.99,Germany,Carrier Billing,iOS,11,3,0,22,0
TX-102115,2026-07-29 19:18:44.945403,CUST-10571,6.99,Germany,Carrier Billing,Android,29,6,1,19,0
TX-102116,2026-09-06 19:57:44.945403,CUST-10332,14.99,United Kingdom,Credit Card,iOS,17,8,1,19,1
TX-102117,2026-06-27 02:38:44.945403,CUST-10141,9.99,France,Mobile Wallet,iOS,23,5,1,2,0
TX-102118,2026-07-20 06:19:44.945403,CUST-10987,6.99,France,Mobile Wallet,Web,9,3,0,6,0
TX-102119,2026-08-06 18:40:44.945403,CUST-10932,2.99,Pakistan,Mobile Wallet,iOS,10,1,0,18,0
TX-102120,2026-06-12 10:12:44.945403,CUST-10903,2.99,Pakistan,Carrier Billing,iOS,11,4,0,10,0
TX-102121,2026-07-03 09:00:44.945403,CUST-10134,19.99,Pakistan,Credit Card,iOS,2,4,0,9,0
TX-102122,2026-07-25 14:15:44.945403,CUST-10034,14.99,Spain,Mobile Wallet,Web,13,3,0,14,0
TX-102123,2026-07-07 17:44:44.945403,CUST-10871,14.99,United Kingdom,Mobile Wallet,iOS,12,8,0,17,0
TX-102124,2026-08-28 06:08:44.945403,CUST-10706,4.99,Germany,Credit Card,Web,25,8,1,6,1
TX-102125,2026-06-25 11:34:44.945403,CUST-10764,2.99,Spain,Credit Card,Web,23,3,1,11,0
TX-102126,2026-09-06 07:11:44.945403,CUST-10981,2.99,United Kingdom,Carrier Billing,Android,22,2,0,7,0
TX-102127,2026-06-17 13:58:44.945403,CUST-10129,4.99,United Kingdom,Carrier Billing,Web,0,5,0,13,0
TX-102128,2026-08-18 01:21:44.945403,CUST-10008,2.99,United Kingdom,Carrier Billing,iOS,8,8,0,1,1
TX-102129,2026-08-01 04:01:44.945403,CUST-10474,6.99,Pakistan,Mobile Wallet,Android,24,8,1,4,1
TX-102130,2026-06-19 18:47:44.945403,CUST-10681,9.99,Spain,Carrier Billing,iOS,15,8,1,18,1
TX-102131,2026-09-08 10:43:44.945403,CUST-10371,14.99,France,Credit Card,Android,12,3,0,10,0
TX-102132,2026-08-07 03:54:44.945403,CUST-10092,14.99,Germany,Credit Card,Web,17,4,0,3,0
TX-102133,2026-07-31 20:39:44.945403,CUST-10889,4.99,Germany,Carrier Billing,Web,15,3,0,20,0
TX-102134,2026-07-01 10:21:44.945403,CUST-10203,9.99,Spain,Mobile Wallet,Web,18,3,0,10,0
TX-102135,2026-06-27 13:27:44.945403,CUST-10158,14.99,United Kingdom,Mobile Wallet,Android,23,7,0,13,0
TX-102136,2026-08-17 13:22:44.945403,CUST-10437,6.99,United Kingdom,Carrier Billing,Web,9,4,0,13,0
TX-102137,2026-06-27 00:23:44.945403,CUST-10332,19.99,France,Mobile Wallet,Android,25,4,1,0,0
TX-102138,2026-07-09 21:30:44.945403,CUST-10273,9.99,Pakistan,Credit Card,Web,20,8,1,21,1
TX-102139,2026-08-24 10:09:44.945403,CUST-10402,6.99,Spain,Carrier Billing,Web,10,5,1,10,0
TX-102140,2026-09-06 14:33:44.945403,CUST-10793,9.99,United Kingdom,Mobile Wallet,Web,3,3,1,14,0
TX-102141,2026-08-28 00:53:44.945403,CUST-10881,14.99,Germany,Carrier Billing,Android,18,3,1,0,0
TX-102142,2026-06-16 21:38:44.945403,CUST-10339,4.99,United Kingdom,Credit Card,Web,29,8,0,21,0
TX-102143,2026-08-15 07:00:44.945403,CUST-10916,6.99,Spain,Mobile Wallet,Web,30,4,0,7,0
TX-102144,2026-08-24 19:04:44.945403,CUST-10691,2.99,Spain,Credit Card,iOS,23,1,0,19,0
TX-102145,2026-08-31 06:17:44.945403,CUST-10045,6.99,United Kingdom,Credit Card,Web,25,8,1,6,1
TX-102146,2026-07-01 00:33:44.945403,CUST-10709,19.99,France,Mobile Wallet,Web,11,3,0,0,0
TX-102147,2026-07-17 17:59:44.945403,CUST-10946,2.99,Pakistan,Carrier Billing,Android,8,5,0,17,0
TX-102148,2026-08-09 14:26:44.945403,CUST-10083,14.99,United Kingdom,Credit Card,Android,14,2,1,14,0
TX-102149,2026-06-26 16:37:44.945403,CUST-10976,4.99,United Kingdom,Carrier Billing,Android,24,3,0,16,0
TX-102150,2026-08-17 06:43:44.945403,CUST-10964,14.99,France,Mobile Wallet,Android,2,5,0,6,0
TX-102151,2026-08-10 08:40:44.945403,CUST-10888,19.99,United Kingdom,Carrier Billing,Android,19,4,0,8,0
TX-102152,2026-07-24 15:28:44.945403,CUST-10084,4.99,United Kingdom,Credit Card,Android,19,2,0,15,0
TX-102153,2026-08-08 11:58:44.945403,CUST-10154,19.99,Spain,Carrier Billing,Android,5,2,1,11,0
TX-102154,2026-08-19 08:44:44.945403,CUST-10676,4.99,Pakistan,Carrier Billing,Web,24,2,0,8,0
TX-102155,2026-07-18 12:14:44.945403,CUST-10107,4.99,Spain,Carrier Billing,Android,19,1,1,12,0
TX-102156,2026-07-13 01:41:44.945403,CUST-10677,19.99,United Kingdom,Credit Card,Android,6,4,0,1,0
TX-102157,2026-06-29 08:56:44.945403,CUST-10441,9.99,France,Carrier Billing,Web,0,3,1,8,0
TX-102158,2026-08-11 09:33:44.945403,CUST-10830,6.99,United Kingdom,Carrier Billing,Android,24,5,0,9,0
TX-102159,2026-07-07 17:55:44.945403,CUST-10023,14.99,Germany,Mobile Wallet,Web,4,6,0,17,0
TX-102160,2026-07-11 14:05:44.945403,CUST-10137,4.99,United Kingdom,Credit Card,iOS,4,1,0,14,0
TX-102161,2026-07-15 05:39:44.945403,CUST-10990,6.99,Germany,Carrier Billing,Web,23,1,0,5,0
TX-102162,2026-08-02 15:14:44.945403,CUST-10610,6.99,Spain,Mobile Wallet,Web,15,1,0,15,0
TX-102163,2026-07-23 03:43:44.945403,CUST-10121,4.99,France,Carrier Billing,iOS,29,6,1,3,0
TX-102164,2026-07-17 02:45:44.945403,CUST-10314,4.99,Spain,Carrier Billing,iOS,30,2,0,2,0
TX-102165,2026-07-25 17:09:44.945403,CUST-10952,2.99,Germany,Carrier Billing,iOS,19,3,1,17,0
TX-102166,2026-07-26 21:33:44.945403,CUST-10284,2.99,Spain,Mobile Wallet,Web,1,8,0,21,1
TX-102167,2026-08-29 07:31:44.945403,CUST-10604,2.99,Germany,Carrier Billing,Android,4,5,0,7,0
TX-102168,2026-07-05 14:49:44.945403,CUST-10975,4.99,Pakistan,Carrier Billing,Web,22,5,0,14,0
TX-102169,2026-06-23 04:55:44.945403,CUST-10017,14.99,France,Credit Card,iOS,18,8,1,4,1
TX-102170,2026-08-22 11:24:44.945403,CUST-10315,14.99,Pakistan,Credit Card,iOS,18,6,1,11,0
TX-102171,2026-08-27 15:11:44.945403,CUST-10176,4.99,France,Credit Card,Android,4,5,1,15,0
TX-102172,2026-06-21 22:03:44.945403,CUST-10045,14.99,Pakistan,Carrier Billing,Web,3,1,0,22,0
TX-102173,2026-09-02 19:39:44.945403,CUST-10754,9.99,United Kingdom,Carrier Billing,Android,14,7,1,19,0
TX-102174,2026-06-20 01:05:44.945403,CUST-10500,4.99,Germany,Mobile Wallet,Android,17,1,0,1,0
TX-102175,2026-08-11 20:35:44.945403,CUST-10375,9.99,Pakistan,Carrier Billing,Web,0,2,1,20,0
TX-102176,2026-07-24 00:58:44.945403,CUST-10086,4.99,United Kingdom,Carrier Billing,iOS,14,2,0,0,0
TX-102177,2026-08-15 17:16:44.945403,CUST-10234,6.99,Pakistan,Carrier Billing,iOS,11,5,1,17,0
TX-102178,2026-08-23 18:24:44.945403,CUST-10410,4.99,Pakistan,Mobile Wallet,Android,0,1,1,18,0
TX-102179,2026-07-30 06:01:44.945403,CUST-10880,14.99,France,Credit Card,iOS,22,7,1,6,0
TX-102180,2026-06-30 11:24:44.945403,CUST-10123,14.99,Pakistan,Credit Card,Android,21,4,1,11,0
TX-102181,2026-08-24 13:42:44.945403,CUST-10941,9.99,France,Credit Card,iOS,13,3,0,13,0
TX-102182,2026-06-17 16:30:44.945403,CUST-10537,4.99,Spain,Mobile Wallet,iOS,0,1,0,16,0
TX-102183,2026-07-18 12:51:44.945403,CUST-10424,9.99,Pakistan,Credit Card,iOS,20,1,0,12,0
TX-102184,2026-06-16 11:01:44.945403,CUST-10457,14.99,Germany,Mobile Wallet,iOS,3,5,0,11,0
TX-102185,2026-08-10 11:37:44.945403,CUST-10268,14.99,Spain,Mobile Wallet,Web,2,5,0,11,0
TX-102186,2026-08-11 15:10:44.945403,CUST-10724,2.99,France,Carrier Billing,Android,8,1,1,15,0
TX-102187,2026-08-05 06:44:44.945403,CUST-10841,9.99,Germany,Mobile Wallet,Web,15,4,0,6,0
TX-102188,2026-08-04 14:06:44.945403,CUST-10449,19.99,Pakistan,Credit Card,iOS,19,5,0,14,0
TX-102189,2026-07-16 15:02:44.945403,CUST-10978,2.99,Spain,Carrier Billing,iOS,9,1,1,15,0
TX-102190,2026-07-06 01:59:44.945403,CUST-10254,4.99,Spain,Credit Card,iOS,5,4,1,1,0
TX-102191,2026-09-02 20:45:44.945403,CUST-10116,14.99,Germany,Carrier Billing,Android,22,5,0,20,0
TX-102192,2026-08-28 01:16:44.945403,CUST-10978,19.99,Spain,Carrier Billing,Android,14,1,1,1,0
TX-102193,2026-07-31 01:23:44.945403,CUST-10864,4.99,Pakistan,Carrier Billing,iOS,1,3,0,1,0
TX-102194,2026-08-10 23:17:44.945403,CUST-10642,6.99,Pakistan,Mobile Wallet,Android,7,6,1,23,0
TX-102195,2026-09-01 13:02:44.945403,CUST-10114,2.99,Germany,Carrier Billing,Web,26,5,0,13,0
TX-102196,2026-08-28 08:26:44.945403,CUST-10072,14.99,Germany,Credit Card,iOS,17,3,0,8,0
TX-102197,2026-07-22 22:23:44.945403,CUST-10969,6.99,United Kingdom,Mobile Wallet,Web,29,4,1,22,0
TX-102198,2026-07-15 21:06:44.945403,CUST-10448,2.99,United Kingdom,Carrier Billing,Android,25,1,1,21,0
TX-102199,2026-07-19 23:23:44.945403,CUST-10485,6.99,Germany,Mobile Wallet,Android,26,3,0,23,0
TX-102200,2026-06-19 14:29:44.945403,CUST-10306,14.99,Germany,Carrier Billing,Web,21,2,0,14,0
TX-102201,2026-07-27 08:06:44.945403,CUST-10690,14.99,France,Carrier Billing,Web,21,7,0,8,0
TX-102202,2026-08-19 07:38:44.945403,CUST-10401,14.99,Germany,Mobile Wallet,Web,1,5,0,7,0
TX-102203,2026-07-02 17:31:44.945403,CUST-10730,2.99,France,Carrier Billing,Web,13,2,1,17,0
TX-102204,2026-07-26 20:28:44.945403,CUST-10921,14.99,Spain,Carrier Billing,iOS,9,4,1,20,0
TX-102205,2026-07-14 01:57:44.945403,CUST-10109,9.99,United Kingdom,Mobile Wallet,Web,20,7,0,1,0
TX-102206,2026-06-15 23:12:44.945403,CUST-10906,14.99,Germany,Mobile Wallet,Web,9,7,1,23,0
TX-102207,2026-08-16 10:10:44.945403,CUST-10271,14.99,Germany,Carrier Billing,iOS,14,5,0,10,0
TX-102208,2026-06-12 21:54:44.945403,CUST-10156,14.99,France,Carrier Billing,iOS,4,3,1,21,0
TX-102209,2026-07-03 23:43:44.945403,CUST-10845,19.99,Germany,Credit Card,Web,17,3,0,23,0
TX-102210,2026-08-03 02:10:44.945403,CUST-10983,4.99,France,Mobile Wallet,iOS,17,4,0,2,0
TX-102211,2026-06-24 08:49:44.945403,CUST-10264,9.99,Germany,Carrier Billing,Web,14,2,1,8,0
TX-102212,2026-08-26 16:17:44.945403,CUST-10064,2.99,France,Carrier Billing,Android,26,2,0,16,0
TX-102213,2026-08-19 14:55:44.945403,CUST-10614,19.99,Spain,Carrier Billing,Web,13,2,0,14,0
TX-102214,2026-08-16 08:46:44.945403,CUST-10417,2.99,France,Carrier Billing,Android,1,5,1,8,0
TX-102215,2026-06-20 10:44:44.945403,CUST-10410,6.99,Pakistan,Carrier Billing,iOS,29,5,1,10,0
TX-102216,2026-07-05 17:16:44.945403,CUST-10127,14.99,Pakistan,Credit Card,iOS,20,1,0,17,0
TX-102217,2026-07-06 18:13:44.945403,CUST-10028,14.99,Germany,Credit Card,Android,15,8,0,18,0
TX-102218,2026-06-23 09:28:44.945403,CUST-10716,6.99,United Kingdom,Mobile Wallet,Web,24,1,0,9,0
TX-102219,2026-07-23 21:11:44.945403,CUST-10853,14.99,Spain,Carrier Billing,iOS,2,8,1,21,1
TX-102220,2026-08-28 00:33:44.945403,CUST-10107,4.99,France,Mobile Wallet,Android,29,7,1,0,1
TX-102221,2026-07-31 13:06:44.945403,CUST-10432,14.99,United Kingdom,Mobile Wallet,Android,22,7,1,13,0
TX-102222,2026-07-27 23:29:44.945403,CUST-10390,14.99,France,Mobile Wallet,Android,10,6,1,23,0
TX-102223,2026-08-23 23:58:44.945403,CUST-10675,2.99,Pakistan,Carrier Billing,Web,4,3,0,23,0
TX-102224,2026-08-21 22:45:44.945403,CUST-10489,6.99,Spain,Mobile Wallet,iOS,28,1,1,22,0
TX-102225,2026-07-25 01:03:44.945403,CUST-10080,9.99,Pakistan,Carrier Billing,Web,17,7,0,1,0
TX-102226,2026-07-04 11:30:44.945403,CUST-10420,19.99,Spain,Carrier Billing,Web,18,5,1,11,0
TX-102227,2026-06-16 22:27:44.945403,CUST-10388,9.99,Pakistan,Carrier Billing,Android,19,5,0,22,0
TX-102228,2026-09-08 06:18:44.945403,CUST-10594,6.99,Spain,Carrier Billing,iOS,29,7,1,6,0
TX-102229,2026-07-06 19:02:44.945403,CUST-10804,19.99,United Kingdom,Mobile Wallet,iOS,13,8,1,19,1
TX-102230,2026-08-22 16:31:44.945403,CUST-10446,6.99,Spain,Carrier Billing,iOS,10,7,1,16,0
TX-102231,2026-07-22 04:29:44.945403,CUST-10348,14.99,Pakistan,Mobile Wallet,iOS,25,5,1,4,0
TX-102232,2026-06-29 08:35:44.945403,CUST-10800,14.99,United Kingdom,Carrier Billing,iOS,4,4,1,8,0
TX-102233,2026-07-18 16:02:44.945403,CUST-10896,9.99,Spain,Mobile Wallet,Android,24,7,1,16,0
TX-102234,2026-06-16 18:55:44.945403,CUST-10111,9.99,France,Mobile Wallet,Web,11,4,0,18,1
TX-102235,2026-09-04 16:20:44.945403,CUST-10691,9.99,Spain,Carrier Billing,Android,5,3,1,16,0
TX-102236,2026-08-20 05:13:44.945403,CUST-10817,9.99,Germany,Credit Card,Web,21,8,1,5,1
TX-102237,2026-08-20 09:05:44.945403,CUST-10323,14.99,Pakistan,Credit Card,Android,3,2,0,9,0
TX-102238,2026-09-09 09:00:44.945403,CUST-10102,2.99,France,Mobile Wallet,iOS,17,7,0,9,1
TX-102239,2026-09-02 04:18:44.945403,CUST-10549,2.99,Pakistan,Credit Card,Web,16,7,1,4,0
TX-102240,2026-08-01 17:18:44.945403,CUST-10130,4.99,Pakistan,Carrier Billing,Web,19,6,1,17,0
TX-102241,2026-09-01 12:38:44.945403,CUST-10013,6.99,Germany,Carrier Billing,Web,13,5,0,12,0
TX-102242,2026-07-20 12:56:44.945403,CUST-10077,4.99,Pakistan,Carrier Billing,Android,6,5,0,12,0
TX-102243,2026-08-31 08:44:44.945403,CUST-10490,6.99,Spain,Credit Card,iOS,22,7,0,8,0
TX-102244,2026-07-13 17:53:44.945403,CUST-10997,19.99,Spain,Credit Card,iOS,30,3,1,17,0
TX-102245,2026-08-11 23:59:44.945403,CUST-10570,19.99,Spain,Mobile Wallet,iOS,28,5,1,23,0
TX-102246,2026-09-09 01:15:44.945403,CUST-10972,6.99,Pakistan,Carrier Billing,Web,30,7,1,1,1
TX-102247,2026-07-15 07:11:44.945403,CUST-10292,19.99,Germany,Credit Card,Web,4,4,0,7,0
TX-102248,2026-09-05 19:44:44.945403,CUST-10198,4.99,Germany,Credit Card,Web,19,8,0,19,0
TX-102249,2026-09-01 21:10:44.945403,CUST-10792,9.99,Spain,Carrier Billing,Web,9,3,1,21,0
TX-102250,2026-06-29 07:09:44.945403,CUST-10888,14.99,United Kingdom,Credit Card,Web,5,2,1,7,0
TX-102251,2026-06-13 00:05:44.945403,CUST-10670,14.99,Pakistan,Carrier Billing,Web,25,7,0,0,0
TX-102252,2026-07-05 01:26:44.945403,CUST-10336,19.99,Spain,Carrier Billing,iOS,19,4,1,1,0
TX-102253,2026-07-27 15:26:44.945403,CUST-10849,4.99,France,Mobile Wallet,Android,10,4,1,15,0
TX-102254,2026-08-28 22:30:44.945403,CUST-10942,19.99,Pakistan,Mobile Wallet,Android,22,7,1,22,1
TX-102255,2026-07-07 22:37:44.945403,CUST-10526,2.99,Germany,Credit Card,Android,8,5,1,22,0
TX-102256,2026-09-06 19:52:44.945403,CUST-10368,6.99,France,Credit Card,Android,26,4,1,19,0
TX-102257,2026-07-25 02:25:44.945403,CUST-10617,14.99,Spain,Credit Card,Web,25,2,0,2,0
TX-102258,2026-08-10 02:28:44.945403,CUST-10773,19.99,France,Carrier Billing,Web,19,2,0,2,0
TX-102259,2026-09-07 06:26:44.945403,CUST-10514,14.99,France,Mobile Wallet,Web,12,7,0,6,0
TX-102260,2026-08-20 10:14:44.945403,CUST-10707,14.99,Pakistan,Credit Card,iOS,15,3,1,10,0
TX-102261,2026-08-27 06:59:44.945403,CUST-10460,19.99,Spain,Credit Card,iOS,7,1,0,6,0
TX-102262,2026-09-09 15:33:44.945403,CUST-10612,14.99,Germany,Mobile Wallet,iOS,5,5,0,15,0
TX-102263,2026-08-26 13:16:44.945403,CUST-10570,19.99,Spain,Mobile Wallet,iOS,5,4,0,13,0
TX-102264,2026-06-21 05:59:44.945403,CUST-10154,2.99,United Kingdom,Credit Card,Android,12,3,0,5,0
TX-102265,2026-07-28 22:06:44.945403,CUST-10887,14.99,Pakistan,Mobile Wallet,Web,17,4,0,22,0
TX-102266,2026-06-15 22:21:44.945403,CUST-10835,2.99,Pakistan,Carrier Billing,Android,5,1,0,22,0
TX-102267,2026-07-29 08:54:44.945403,CUST-10395,9.99,Germany,Credit Card,Android,1,1,1,8,0
TX-102268,2026-06-22 22:23:44.945403,CUST-10011,14.99,Pakistan,Credit Card,Android,11,7,0,22,0
TX-102269,2026-09-03 08:20:44.945403,CUST-10741,4.99,United Kingdom,Credit Card,iOS,20,4,0,8,0
TX-102270,2026-08-19 14:06:44.945403,CUST-10048,9.99,France,Credit Card,Web,20,3,0,14,0
TX-102271,2026-07-19 01:16:44.945403,CUST-10887,14.99,France,Mobile Wallet,Android,1,1,0,1,0
TX-102272,2026-06-13 09:27:44.945403,CUST-10468,9.99,Spain,Carrier Billing,iOS,26,5,1,9,0
TX-102273,2026-08-04 09:45:44.945403,CUST-10388,9.99,Pakistan,Credit Card,Android,28,1,1,9,0
TX-102274,2026-09-01 11:48:44.945403,CUST-10684,9.99,Germany,Credit Card,Android,2,1,1,11,0
TX-102275,2026-07-09 01:54:44.945403,CUST-10888,2.99,Pakistan,Mobile Wallet,Android,9,1,1,1,0
TX-102276,2026-06-21 00:14:44.945403,CUST-10408,14.99,United Kingdom,Credit Card,Web,15,1,0,0,0
TX-102277,2026-08-01 23:34:44.945403,CUST-10778,4.99,Germany,Credit Card,Web,6,5,0,23,0
TX-102278,2026-08-16 21:39:44.945403,CUST-10581,14.99,United Kingdom,Credit Card,Android,12,8,0,21,0
TX-102279,2026-07-31 00:02:44.945403,CUST-10443,14.99,United Kingdom,Mobile Wallet,Web,18,2,1,0,0
TX-102280,2026-08-12 22:39:44.945403,CUST-10676,19.99,Germany,Mobile Wallet,Android,11,1,1,22,0
TX-102281,2026-07-20 21:09:44.945403,CUST-10184,6.99,Germany,Carrier Billing,Web,14,7,0,21,0
TX-102282,2026-07-03 09:42:44.945403,CUST-10129,2.99,Pakistan,Carrier Billing,iOS,28,6,1,9,0
TX-102283,2026-08-08 07:06:44.945403,CUST-10534,14.99,United Kingdom,Carrier Billing,iOS,0,5,0,7,0
TX-102284,2026-06-12 09:18:44.945403,CUST-10779,14.99,France,Carrier Billing,Android,25,8,1,9,1
TX-102285,2026-07-10 11:15:44.945403,CUST-10994,2.99,Germany,Credit Card,iOS,9,2,0,11,0
TX-102286,2026-07-16 21:47:44.945403,CUST-10616,4.99,Pakistan,Carrier Billing,Web,21,3,1,21,0
TX-102287,2026-08-15 17:36:44.945403,CUST-10606,9.99,Spain,Credit Card,iOS,5,3,0,17,0
TX-102288,2026-07-25 07:42:44.945403,CUST-10342,14.99,United Kingdom,Carrier Billing,iOS,1,5,1,7,0
TX-102289,2026-06-23 20:39:44.945403,CUST-10107,14.99,France,Mobile Wallet,iOS,11,8,0,20,0
TX-102290,2026-08-21 19:22:44.945403,CUST-10517,4.99,Pakistan,Mobile Wallet,Android,4,6,1,19,0
TX-102291,2026-08-15 12:13:44.945403,CUST-10588,2.99,Pakistan,Carrier Billing,Web,12,4,1,12,0
TX-102292,2026-09-06 09:14:44.945403,CUST-10054,9.99,Spain,Carrier Billing,Android,8,8,0,9,0
TX-102293,2026-09-03 13:18:44.945403,CUST-10573,14.99,France,Mobile Wallet,iOS,0,1,0,13,0
TX-102294,2026-08-10 04:44:44.945403,CUST-10968,14.99,Spain,Carrier Billing,Web,8,8,0,4,0
TX-102295,2026-07-20 01:20:44.945403,CUST-10074,9.99,United Kingdom,Credit Card,Android,15,2,0,1,0
TX-102296,2026-09-05 16:29:44.945403,CUST-10575,19.99,Pakistan,Carrier Billing,Android,18,6,0,16,0
TX-102297,2026-08-27 15:55:44.945403,CUST-10474,2.99,Pakistan,Credit Card,Android,13,2,0,15,0
TX-102298,2026-07-02 13:19:44.945403,CUST-10969,9.99,Pakistan,Mobile Wallet,Android,6,1,0,13,0
TX-102299,2026-08-24 13:16:44.945403,CUST-10440,14.99,France,Mobile Wallet,Android,0,8,1,13,1
TX-102300,2026-08-26 09:38:44.945403,CUST-10669,2.99,United Kingdom,Mobile Wallet,iOS,17,6,1,9,0
TX-102301,2026-08-09 15:26:44.945403,CUST-10144,14.99,United Kingdom,Credit Card,iOS,18,4,1,15,0
TX-102302,2026-08-05 00:43:44.945403,CUST-10263,6.99,Germany,Carrier Billing,iOS,26,2,0,0,0
TX-102303,2026-06-30 06:12:44.945403,CUST-10824,6.99,United Kingdom,Carrier Billing,Android,28,2,0,6,0
TX-102304,2026-06-15 23:43:44.945403,CUST-10157,6.99,United Kingdom,Mobile Wallet,Web,12,4,0,23,0
TX-102305,2026-09-01 02:00:44.945403,CUST-10303,4.99,France,Credit Card,iOS,16,4,1,2,0
TX-102306,2026-06-25 15:14:44.945403,CUST-10430,14.99,Pakistan,Credit Card,iOS,17,7,0,15,0
TX-102307,2026-07-22 14:46:44.945403,CUST-10198,14.99,United Kingdom,Carrier Billing,Web,8,5,0,14,0
TX-102308,2026-09-07 22:26:44.945403,CUST-10181,6.99,Spain,Credit Card,Web,27,5,1,22,0
TX-102309,2026-07-31 00:36:44.945403,CUST-10048,6.99,France,Carrier Billing,iOS,26,8,1,0,1
TX-102310,2026-07-17 16:05:44.945403,CUST-10368,9.99,United Kingdom,Credit Card,iOS,2,6,1,16,0
TX-102311,2026-08-02 05:51:44.945403,CUST-10187,19.99,Pakistan,Mobile Wallet,Android,17,6,1,5,0
TX-102312,2026-07-26 18:20:44.945403,CUST-10644,19.99,France,Mobile Wallet,Android,21,2,0,18,0
TX-102313,2026-06-19 10:34:44.945403,CUST-10102,9.99,United Kingdom,Credit Card,Android,19,1,0,10,0
TX-102314,2026-07-08 16:49:44.945403,CUST-10721,9.99,Germany,Carrier Billing,Web,22,3,0,16,0
TX-102315,2026-07-18 19:43:44.945403,CUST-10734,14.99,France,Carrier Billing,iOS,26,5,0,19,0
TX-102316,2026-06-11 21:57:44.945403,CUST-10914,2.99,Spain,Carrier Billing,iOS,28,6,1,21,0
TX-102317,2026-06-17 06:33:44.945403,CUST-10010,4.99,Germany,Mobile Wallet,Android,2,6,0,6,0
TX-102318,2026-08-29 09:24:44.945403,CUST-10736,4.99,France,Mobile Wallet,Web,21,5,1,9,0
TX-102319,2026-08-07 01:46:44.945403,CUST-10347,2.99,Germany,Credit Card,Android,30,8,0,1,1
TX-102320,2026-08-14 22:50:44.945403,CUST-10195,4.99,Germany,Mobile Wallet,Web,1,6,1,22,0
TX-102321,2026-09-03 00:00:44.945403,CUST-10236,19.99,Pakistan,Carrier Billing,Android,12,5,0,0,0
TX-102322,2026-08-21 04:52:44.945403,CUST-10738,2.99,Spain,Mobile Wallet,Web,3,1,1,4,0
TX-102323,2026-09-05 04:56:44.945403,CUST-10032,4.99,Germany,Carrier Billing,Web,19,5,0,4,0
TX-102324,2026-07-09 03:39:44.945403,CUST-10641,14.99,Pakistan,Carrier Billing,Web,10,3,1,3,0
TX-102325,2026-08-19 03:01:44.945403,CUST-10249,6.99,United Kingdom,Credit Card,Android,1,6,1,3,0
TX-102326,2026-06-17 06:07:44.945403,CUST-10417,9.99,United Kingdom,Mobile Wallet,Android,20,1,1,6,0
TX-102327,2026-09-05 16:20:44.945403,CUST-10935,14.99,Pakistan,Carrier Billing,Web,12,8,1,16,1
TX-102328,2026-08-21 16:44:44.945403,CUST-10712,4.99,Germany,Mobile Wallet,iOS,22,3,0,16,0
TX-102329,2026-08-02 18:19:44.945403,CUST-10868,6.99,France,Mobile Wallet,Web,30,6,0,18,0
TX-102330,2026-07-17 14:14:44.945403,CUST-10502,9.99,Germany,Carrier Billing,iOS,10,1,0,14,0
TX-102331,2026-07-13 12:37:44.945403,CUST-10848,2.99,Pakistan,Credit Card,Android,12,6,1,12,0
TX-102332,2026-07-17 11:02:44.945403,CUST-10188,6.99,Pakistan,Credit Card,Web,8,3,0,11,0
TX-102333,2026-08-11 01:35:44.945403,CUST-10969,14.99,Spain,Carrier Billing,Android,9,6,0,1,0
TX-102334,2026-08-17 23:02:44.945403,CUST-10806,2.99,United Kingdom,Carrier Billing,Web,28,7,0,23,0
TX-102335,2026-06-12 08:48:44.945403,CUST-10652,14.99,United Kingdom,Credit Card,Web,8,4,0,8,0
TX-102336,2026-09-02 00:50:44.945403,CUST-10119,2.99,Germany,Credit Card,iOS,7,3,0,0,0
TX-102337,2026-08-12 14:23:44.945403,CUST-10342,9.99,France,Mobile Wallet,Web,25,8,1,14,1
TX-102338,2026-08-29 04:46:44.945403,CUST-10190,2.99,Spain,Mobile Wallet,Web,18,7,1,4,0
TX-102339,2026-06-16 01:57:44.945403,CUST-10236,4.99,Germany,Mobile Wallet,Android,25,1,0,1,0
TX-102340,2026-07-14 01:15:44.945403,CUST-10533,4.99,Pakistan,Credit Card,iOS,14,1,0,1,1
TX-102341,2026-07-22 08:28:44.945403,CUST-10117,2.99,France,Carrier Billing,Android,22,1,0,8,0
TX-102342,2026-08-14 14:37:44.945403,CUST-10980,4.99,Pakistan,Mobile Wallet,Web,23,3,0,14,0
TX-102343,2026-09-02 17:18:44.945403,CUST-10537,2.99,United Kingdom,Mobile Wallet,iOS,23,1,1,17,0
TX-102344,2026-07-21 08:02:44.945403,CUST-10108,2.99,United Kingdom,Credit Card,Android,17,6,1,8,0
TX-102345,2026-06-19 06:41:44.945403,CUST-10747,14.99,France,Mobile Wallet,Web,14,8,0,6,0
TX-102346,2026-06-20 10:18:44.945403,CUST-10390,14.99,United Kingdom,Carrier Billing,Web,1,6,0,10,0
TX-102347,2026-08-20 12:59:44.945403,CUST-10827,19.99,United Kingdom,Carrier Billing,Android,17,7,0,12,0
TX-102348,2026-08-03 19:40:44.945403,CUST-10491,4.99,United Kingdom,Credit Card,iOS,30,5,0,19,0
TX-102349,2026-07-28 15:11:44.945403,CUST-10141,4.99,Germany,Carrier Billing,Android,1,3,0,15,0
TX-102350,2026-07-30 16:52:44.945403,CUST-10130,19.99,Spain,Carrier Billing,Web,30,3,0,16,0
TX-102351,2026-07-07 02:34:44.945403,CUST-10285,9.99,France,Mobile Wallet,Android,23,3,0,2,0
TX-102352,2026-09-08 12:08:44.945403,CUST-10976,6.99,United Kingdom,Mobile Wallet,Web,6,1,0,12,0
TX-102353,2026-08-17 17:41:44.945403,CUST-10013,4.99,Pakistan,Mobile Wallet,Android,1,5,0,17,0
TX-102354,2026-06-23 19:08:44.945403,CUST-10133,19.99,Germany,Credit Card,iOS,27,3,0,19,0
TX-102355,2026-08-16 04:42:44.945403,CUST-10198,2.99,Spain,Mobile Wallet,Android,13,6,0,4,0
TX-102356,2026-07-17 21:19:44.945403,CUST-10201,2.99,Pakistan,Credit Card,Web,25,4,1,21,0
TX-102357,2026-07-14 05:55:44.945403,CUST-10407,14.99,Pakistan,Mobile Wallet,Web,7,3,0,5,0
TX-102358,2026-08-10 04:19:44.945403,CUST-10165,14.99,Pakistan,Credit Card,Web,28,2,1,4,0
TX-102359,2026-08-29 14:34:44.945403,CUST-10622,2.99,Spain,Mobile Wallet,Web,30,4,0,14,0
TX-102360,2026-06-14 12:15:44.945403,CUST-10269,4.99,United Kingdom,Credit Card,Android,19,7,1,12,0
TX-102361,2026-08-02 12:13:44.945403,CUST-10083,4.99,Pakistan,Credit Card,iOS,0,1,1,12,0
TX-102362,2026-08-31 09:24:44.945403,CUST-10377,9.99,Germany,Credit Card,Android,12,4,1,9,0
TX-102363,2026-06-19 12:16:44.945403,CUST-10584,14.99,Germany,Credit Card,iOS,1,5,1,12,0
TX-102364,2026-08-22 03:30:44.945403,CUST-10260,6.99,Pakistan,Credit Card,iOS,12,4,1,3,0
TX-102365,2026-06-29 00:27:44.945403,CUST-10734,4.99,United Kingdom,Credit Card,iOS,0,5,1,0,0
TX-102366,2026-06-29 03:05:44.945403,CUST-10132,4.99,Germany,Carrier Billing,iOS,28,2,0,3,0
TX-102367,2026-06-25 05:20:44.945403,CUST-10261,4.99,Germany,Mobile Wallet,Android,29,6,1,5,0
TX-102368,2026-06-25 15:03:44.945403,CUST-10103,19.99,United Kingdom,Mobile Wallet,Web,28,1,1,15,0
TX-102369,2026-08-04 22:24:44.945403,CUST-10973,19.99,United Kingdom,Carrier Billing,Web,19,7,0,22,0
TX-102370,2026-08-16 18:54:44.945403,CUST-10318,19.99,Pakistan,Mobile Wallet,Web,18,7,1,18,1
TX-102371,2026-08-01 19:13:44.945403,CUST-10346,4.99,Spain,Mobile Wallet,iOS,30,8,0,19,0
TX-102372,2026-08-11 12:59:44.945403,CUST-10058,6.99,United Kingdom,Carrier Billing,Android,7,5,0,12,0
TX-102373,2026-06-15 00:24:44.945403,CUST-10828,19.99,Spain,Carrier Billing,Android,22,6,1,0,0
TX-102374,2026-07-15 21:14:44.945403,CUST-10736,6.99,France,Credit Card,Web,12,5,1,21,0
TX-102375,2026-07-23 03:17:44.945403,CUST-10411,14.99,France,Mobile Wallet,Web,10,4,1,3,0
TX-102376,2026-07-21 14:16:44.945403,CUST-10379,14.99,Germany,Credit Card,iOS,12,7,0,14,0
TX-102377,2026-09-02 07:35:44.945403,CUST-10287,4.99,Pakistan,Carrier Billing,iOS,9,6,0,7,0
TX-102378,2026-09-02 12:39:44.945403,CUST-10008,14.99,France,Mobile Wallet,iOS,16,2,1,12,0
TX-102379,2026-07-18 04:22:44.945403,CUST-10610,4.99,France,Credit Card,Web,12,7,1,4,0
TX-102380,2026-06-28 09:30:44.945403,CUST-10115,4.99,Pakistan,Credit Card,iOS,4,4,1,9,0
TX-102381,2026-08-04 10:08:44.945403,CUST-10121,6.99,Spain,Credit Card,Android,29,5,0,10,0
TX-102382,2026-09-06 15:49:44.945403,CUST-10271,19.99,United Kingdom,Mobile Wallet,Android,7,3,1,15,0
TX-102383,2026-07-09 06:04:44.945403,CUST-10795,6.99,France,Carrier Billing,Web,25,1,1,6,0
TX-102384,2026-07-01 21:09:44.945403,CUST-10673,9.99,Spain,Carrier Billing,Web,28,1,0,21,0
TX-102385,2026-08-13 07:41:44.945403,CUST-10748,2.99,Germany,Mobile Wallet,iOS,29,3,0,7,0
TX-102386,2026-06-19 01:59:44.945403,CUST-10377,19.99,United Kingdom,Credit Card,Android,29,5,1,1,0
TX-102387,2026-07-14 20:58:44.945403,CUST-10835,19.99,France,Mobile Wallet,Android,13,8,1,20,1
TX-102388,2026-08-12 18:37:44.945403,CUST-10666,19.99,Germany,Carrier Billing,Android,15,4,0,18,0
TX-102389,2026-09-04 20:21:44.945403,CUST-10835,19.99,Pakistan,Mobile Wallet,Web,13,6,0,20,0
TX-102390,2026-07-22 08:00:44.945403,CUST-10473,9.99,Spain,Mobile Wallet,iOS,12,6,1,8,0
TX-102391,2026-07-24 10:57:44.945403,CUST-10003,2.99,France,Carrier Billing,Web,26,1,1,10,0
TX-102392,2026-08-24 22:01:44.945403,CUST-10449,14.99,Pakistan,Carrier Billing,iOS,10,1,0,22,0
TX-102393,2026-06-25 16:32:44.945403,CUST-10495,19.99,Spain,Mobile Wallet,Android,2,5,0,16,0
TX-102394,2026-08-11 03:56:44.945403,CUST-10867,4.99,Pakistan,Credit Card,Android,19,5,0,3,0
TX-102395,2026-08-13 20:53:44.945403,CUST-10810,2.99,Spain,Credit Card,Web,25,2,1,20,0
TX-102396,2026-09-02 13:02:44.945403,CUST-10035,4.99,Pakistan,Carrier Billing,iOS,19,6,1,13,0
TX-102397,2026-07-29 00:20:44.945403,CUST-10794,9.99,Spain,Mobile Wallet,Android,19,3,1,0,0
TX-102398,2026-07-13 03:56:44.945403,CUST-10130,19.99,France,Mobile Wallet,iOS,26,4,0,3,0
TX-102399,2026-06-25 13:54:44.945403,CUST-10655,19.99,Germany,Carrier Billing,Web,19,4,0,13,1
TX-102400,2026-07-14 22:48:44.945403,CUST-10873,9.99,Spain,Credit Card,Android,4,4,1,22,0
TX-102401,2026-07-28 00:41:44.945403,CUST-10358,2.99,Germany,Credit Card,Android,29,1,1,0,0
TX-102402,2026-06-28 21:59:44.945403,CUST-10398,14.99,Germany,Carrier Billing,Web,25,3,0,21,0
TX-102403,2026-06-20 20:04:44.945403,CUST-10014,9.99,Pakistan,Carrier Billing,iOS,3,6,0,20,0
TX-102404,2026-08-01 16:06:44.945403,CUST-10694,14.99,Spain,Mobile Wallet,Android,30,8,1,16,1
TX-102405,2026-08-20 05:14:44.945403,CUST-10268,14.99,France,Credit Card,iOS,6,6,1,5,0
TX-102406,2026-06-23 18:45:44.945403,CUST-10148,4.99,Spain,Mobile Wallet,Android,4,3,0,18,0
TX-102407,2026-08-19 12:30:44.945403,CUST-10622,6.99,France,Carrier Billing,iOS,17,3,0,12,0
TX-102408,2026-09-07 02:05:44.945403,CUST-10362,9.99,Pakistan,Credit Card,Android,26,6,0,2,0
TX-102409,2026-06-16 08:15:44.945403,CUST-10921,9.99,Spain,Mobile Wallet,Web,15,4,0,8,0
TX-102410,2026-06-22 07:11:44.945403,CUST-10544,2.99,France,Credit Card,Web,25,8,1,7,1
TX-102411,2026-07-03 08:46:44.945403,CUST-10006,9.99,France,Carrier Billing,Web,30,5,0,8,0
TX-102412,2026-07-11 08:13:44.945403,CUST-10152,2.99,Pakistan,Carrier Billing,iOS,5,7,0,8,0
TX-102413,2026-07-07 23:06:44.945403,CUST-10679,9.99,Spain,Mobile Wallet,Web,15,6,1,23,0
TX-102414,2026-08-17 08:19:44.945403,CUST-10283,9.99,Pakistan,Credit Card,iOS,8,2,0,8,0
TX-102415,2026-08-10 21:38:44.945403,CUST-10068,6.99,Pakistan,Credit Card,Web,8,2,0,21,0
TX-102416,2026-09-03 10:36:44.945403,CUST-10689,6.99,France,Credit Card,iOS,0,2,1,10,0
TX-102417,2026-07-01 02:36:44.945403,CUST-10605,6.99,Germany,Mobile Wallet,iOS,11,3,0,2,0
TX-102418,2026-06-11 21:41:44.945403,CUST-10830,4.99,Pakistan,Credit Card,Android,13,3,0,21,0
TX-102419,2026-08-29 18:15:44.945403,CUST-10667,9.99,Pakistan,Carrier Billing,Web,21,2,0,18,0
TX-102420,2026-09-05 11:44:44.945403,CUST-10206,14.99,Spain,Mobile Wallet,iOS,28,7,1,11,0
TX-102421,2026-08-09 18:30:44.945403,CUST-10464,9.99,Pakistan,Mobile Wallet,Web,15,4,0,18,0
TX-102422,2026-07-26 12:09:44.945403,CUST-10914,9.99,Spain,Carrier Billing,Web,24,3,0,12,0
TX-102423,2026-07-17 07:11:44.945403,CUST-10691,2.99,Germany,Credit Card,Web,18,8,1,7,1
TX-102424,2026-08-27 08:58:44.945403,CUST-10652,4.99,United Kingdom,Mobile Wallet,Web,9,4,0,8,0
TX-102425,2026-08-08 04:42:44.945403,CUST-10788,9.99,France,Credit Card,Android,0,6,0,4,0
TX-102426,2026-06-25 00:42:44.945403,CUST-10046,4.99,Pakistan,Mobile Wallet,Android,11,1,1,0,0
TX-102427,2026-07-16 06:35:44.945403,CUST-10278,6.99,United Kingdom,Mobile Wallet,iOS,25,5,1,6,1
TX-102428,2026-06-16 09:37:44.945403,CUST-10001,4.99,Germany,Mobile Wallet,iOS,12,5,1,9,0
TX-102429,2026-08-20 06:16:44.945403,CUST-10445,9.99,Germany,Credit Card,Web,14,8,1,6,1
TX-102430,2026-06-19 23:00:44.945403,CUST-10429,4.99,Germany,Credit Card,iOS,22,1,1,23,0
TX-102431,2026-06-14 20:40:44.945403,CUST-10023,9.99,Spain,Credit Card,iOS,22,4,1,20,0
TX-102432,2026-08-04 10:55:44.945403,CUST-10756,9.99,France,Mobile Wallet,iOS,19,3,1,10,0
TX-102433,2026-06-21 20:38:44.945403,CUST-10903,19.99,United Kingdom,Mobile Wallet,iOS,4,7,0,20,0
TX-102434,2026-06-16 08:46:44.945403,CUST-10711,6.99,United Kingdom,Credit Card,Web,0,3,1,8,0
TX-102435,2026-06-26 13:21:44.945403,CUST-10541,4.99,Germany,Credit Card,Web,6,7,1,13,0
TX-102436,2026-06-18 23:43:44.945403,CUST-10873,6.99,United Kingdom,Credit Card,Web,19,6,1,23,0
TX-102437,2026-07-07 11:54:44.945403,CUST-10423,19.99,Germany,Carrier Billing,iOS,10,5,1,11,0
TX-102438,2026-07-09 20:02:44.945403,CUST-10726,6.99,Pakistan,Credit Card,Web,3,7,0,20,0
TX-102439,2026-07-03 22:11:44.945403,CUST-10853,19.99,France,Credit Card,Web,14,5,0,22,0
TX-102440,2026-07-06 09:34:44.945403,CUST-10898,9.99,France,Carrier Billing,Web,24,3,0,9,0
TX-102441,2026-08-04 20:39:44.945403,CUST-10336,14.99,Germany,Carrier Billing,Web,23,8,0,20,0
TX-102442,2026-08-11 18:00:44.945403,CUST-10837,14.99,United Kingdom,Mobile Wallet,iOS,3,4,0,18,0
TX-102443,2026-06-12 13:57:44.945403,CUST-10915,14.99,Germany,Carrier Billing,Android,22,3,0,13,0
TX-102444,2026-08-20 04:27:44.945403,CUST-10044,9.99,France,Credit Card,Web,11,4,1,4,0
TX-102445,2026-08-22 06:00:44.945403,CUST-10422,6.99,France,Credit Card,Web,4,3,0,6,0
TX-102446,2026-06-15 18:16:44.945403,CUST-10309,6.99,United Kingdom,Credit Card,iOS,12,2,0,18,0
TX-102447,2026-07-02 04:39:44.945403,CUST-10580,2.99,Pakistan,Carrier Billing,Web,27,6,0,4,0
TX-102448,2026-06-22 07:18:44.945403,CUST-10208,19.99,Germany,Credit Card,iOS,27,6,1,7,0
TX-102449,2026-08-03 20:41:44.945403,CUST-10345,19.99,Germany,Carrier Billing,Web,30,7,0,20,0
TX-102450,2026-08-06 07:58:44.945403,CUST-10223,2.99,France,Mobile Wallet,iOS,17,5,0,7,0
TX-102451,2026-07-11 15:26:44.945403,CUST-10406,9.99,Spain,Carrier Billing,Android,7,6,0,15,0
TX-102452,2026-07-08 20:31:44.945403,CUST-10911,4.99,Spain,Credit Card,Android,29,3,0,20,0
TX-102453,2026-06-29 14:18:44.945403,CUST-10317,9.99,France,Carrier Billing,iOS,13,4,0,14,0
TX-102454,2026-07-02 23:19:44.945403,CUST-10679,9.99,United Kingdom,Credit Card,Web,23,7,0,23,0
TX-102455,2026-08-22 21:31:44.945403,CUST-10923,19.99,France,Mobile Wallet,Web,28,3,1,21,0
TX-102456,2026-08-03 21:10:44.945403,CUST-10982,2.99,Spain,Mobile Wallet,Android,20,8,1,21,1
TX-102457,2026-06-17 17:14:44.945403,CUST-10476,6.99,Spain,Carrier Billing,iOS,6,6,0,17,0
TX-102458,2026-07-30 16:40:44.945403,CUST-10812,6.99,Pakistan,Carrier Billing,Android,26,5,1,16,0
TX-102459,2026-06-28 08:18:44.945403,CUST-10459,6.99,Spain,Carrier Billing,Android,4,3,0,8,1
TX-102460,2026-06-13 08:00:44.945403,CUST-10137,6.99,Germany,Mobile Wallet,Android,6,4,0,8,0
TX-102461,2026-07-01 19:57:44.945403,CUST-10202,6.99,Germany,Credit Card,iOS,2,2,1,19,0
TX-102462,2026-07-15 02:19:44.945403,CUST-10955,2.99,Germany,Credit Card,Android,24,8,1,2,1
TX-102463,2026-07-10 13:04:44.945403,CUST-10255,19.99,Pakistan,Carrier Billing,iOS,20,6,0,13,0
TX-102464,2026-09-05 13:24:44.945403,CUST-10925,4.99,Spain,Mobile Wallet,Web,17,5,1,13,0
TX-102465,2026-06-14 11:58:44.945403,CUST-10221,6.99,Spain,Carrier Billing,Android,17,5,1,11,0
TX-102466,2026-09-08 08:20:44.945403,CUST-10818,14.99,Pakistan,Carrier Billing,iOS,22,3,0,8,0
TX-102467,2026-06-23 21:46:44.945403,CUST-10299,2.99,France,Carrier Billing,iOS,26,7,1,21,0
TX-102468,2026-07-31 14:18:44.945403,CUST-10473,19.99,Pakistan,Credit Card,Web,20,8,1,14,1
TX-102469,2026-07-19 12:45:44.945403,CUST-10108,14.99,United Kingdom,Carrier Billing,iOS,1,7,1,12,1
TX-102470,2026-07-02 13:16:44.945403,CUST-10549,9.99,Spain,Mobile Wallet,iOS,20,3,1,13,0
TX-102471,2026-09-04 14:37:44.945403,CUST-10065,4.99,Spain,Credit Card,Web,1,6,1,14,0
TX-102472,2026-07-30 10:35:44.945403,CUST-10288,19.99,France,Mobile Wallet,Web,23,3,0,10,0
TX-102473,2026-08-07 22:40:44.945403,CUST-10192,9.99,United Kingdom,Carrier Billing,Android,3,3,0,22,0
TX-102474,2026-06-16 03:31:44.945403,CUST-10122,14.99,Germany,Mobile Wallet,Android,7,6,1,3,0
TX-102475,2026-08-18 11:05:44.945403,CUST-10628,2.99,Pakistan,Credit Card,Android,27,8,1,11,1
TX-102476,2026-08-23 11:39:44.945403,CUST-10644,4.99,United Kingdom,Carrier Billing,iOS,3,5,1,11,0
TX-102477,2026-07-10 19:57:44.945403,CUST-10752,2.99,Germany,Carrier Billing,Android,5,3,1,19,0
TX-102478,2026-08-18 23:31:44.945403,CUST-10260,4.99,Spain,Mobile Wallet,iOS,5,3,0,23,0
TX-102479,2026-07-08 04:26:44.945403,CUST-10153,4.99,Pakistan,Credit Card,Android,12,6,1,4,0
TX-102480,2026-08-09 15:50:44.945403,CUST-10391,4.99,Spain,Mobile Wallet,Web,0,4,0,15,0
TX-102481,2026-07-08 15:43:44.945403,CUST-10309,9.99,Pakistan,Credit Card,Web,26,8,1,15,1
TX-102482,2026-07-24 03:31:44.945403,CUST-10021,4.99,Pakistan,Credit Card,Web,21,7,1,3,1
TX-102483,2026-08-20 14:04:44.945403,CUST-10895,6.99,Spain,Mobile Wallet,iOS,15,5,0,14,0
TX-102484,2026-08-08 14:58:44.945403,CUST-10673,4.99,Spain,Mobile Wallet,Web,10,7,0,14,0
TX-102485,2026-07-23 00:42:44.945403,CUST-10943,9.99,Germany,Credit Card,Android,5,6,0,0,0
TX-102486,2026-06-19 04:30:44.945403,CUST-10907,9.99,France,Mobile Wallet,Android,4,3,0,4,0
TX-102487,2026-08-02 23:37:44.945403,CUST-10742,4.99,Spain,Mobile Wallet,iOS,3,2,1,23,0
TX-102488,2026-09-06 18:52:44.945403,CUST-10951,9.99,Spain,Carrier Billing,Android,18,6,1,18,0
TX-102489,2026-08-14 16:10:44.945403,CUST-10595,9.99,Spain,Credit Card,Android,14,3,1,16,0
TX-102490,2026-08-07 12:14:44.945403,CUST-10740,6.99,Spain,Carrier Billing,iOS,12,2,1,12,0
TX-102491,2026-08-07 14:35:44.945403,CUST-10526,2.99,United Kingdom,Credit Card,Android,6,4,0,14,0
TX-102492,2026-07-30 20:29:44.945403,CUST-10778,2.99,Pakistan,Credit Card,Web,17,4,0,20,0
TX-102493,2026-08-09 07:48:44.945403,CUST-10085,4.99,Spain,Carrier Billing,Android,25,2,1,7,0
TX-102494,2026-07-28 09:37:44.945403,CUST-10678,2.99,France,Mobile Wallet,Android,27,7,1,9,0
TX-102495,2026-07-18 09:32:44.945403,CUST-10305,2.99,Pakistan,Mobile Wallet,Android,16,6,1,9,0
TX-102496,2026-06-17 04:18:44.945403,CUST-10398,6.99,France,Carrier Billing,Web,0,1,1,4,0
TX-102497,2026-09-04 07:55:44.945403,CUST-10514,9.99,Germany,Mobile Wallet,Web,15,4,1,7,0
TX-102498,2026-08-21 11:35:44.945403,CUST-10754,9.99,Germany,Credit Card,iOS,23,5,0,11,0
TX-102499,2026-08-16 18:37:44.945403,CUST-10132,4.99,France,Mobile Wallet,Android,3,3,1,18,0
TX-102500,2026-06-28 03:39:44.945403,CUST-10076,4.99,Spain,Carrier Billing,iOS,22,2,0,3,0
TX-102501,2026-08-06 12:53:44.945403,CUST-10259,14.99,Spain,Carrier Billing,iOS,23,8,0,12,0
TX-102502,2026-08-29 09:07:44.945403,CUST-10629,9.99,Spain,Credit Card,Web,19,5,0,9,0
TX-102503,2026-07-28 14:42:44.945403,CUST-10715,4.99,Pakistan,Mobile Wallet,Web,0,1,0,14,0
TX-102504,2026-07-20 06:56:44.945403,CUST-10419,2.99,Spain,Mobile Wallet,Android,1,1,1,6,0
TX-102505,2026-08-18 22:33:44.945403,CUST-10165,14.99,France,Carrier Billing,Web,12,4,0,22,1
TX-102506,2026-08-08 08:44:44.945403,CUST-10047,6.99,Spain,Credit Card,Android,28,4,0,8,0
TX-102507,2026-08-01 04:54:44.945403,CUST-10705,4.99,Germany,Mobile Wallet,Android,21,1,0,4,0
TX-102508,2026-07-30 11:02:44.945403,CUST-10714,9.99,Spain,Credit Card,iOS,29,4,0,11,0
TX-102509,2026-08-01 10:43:44.945403,CUST-10910,4.99,United Kingdom,Mobile Wallet,iOS,21,4,0,10,0
TX-102510,2026-07-18 22:45:44.945403,CUST-10921,19.99,Pakistan,Mobile Wallet,iOS,20,2,1,22,0
TX-102511,2026-07-23 06:13:44.945403,CUST-10107,4.99,Germany,Mobile Wallet,iOS,30,2,0,6,0
TX-102512,2026-06-29 03:18:44.945403,CUST-10158,19.99,United Kingdom,Carrier Billing,Android,28,4,0,3,0
TX-102513,2026-07-31 01:24:44.945403,CUST-10869,14.99,Spain,Credit Card,Android,14,2,1,1,0
TX-102514,2026-09-05 05:23:44.945403,CUST-10782,19.99,Pakistan,Credit Card,iOS,15,7,0,5,0
TX-102515,2026-07-20 07:28:44.945403,CUST-10773,19.99,France,Mobile Wallet,Android,0,2,1,7,0
TX-102516,2026-06-18 16:30:44.945403,CUST-10636,4.99,Germany,Mobile Wallet,iOS,30,7,0,16,0
TX-102517,2026-07-27 15:43:44.945403,CUST-10711,2.99,France,Mobile Wallet,iOS,18,4,1,15,0
TX-102518,2026-07-27 03:17:44.945403,CUST-10182,19.99,Pakistan,Mobile Wallet,Web,4,7,1,3,1
TX-102519,2026-09-06 15:08:44.945403,CUST-10841,9.99,United Kingdom,Credit Card,Android,19,6,0,15,0
TX-102520,2026-07-22 15:40:44.945403,CUST-10209,6.99,United Kingdom,Mobile Wallet,Web,18,3,1,15,0
TX-102521,2026-08-05 16:22:44.945403,CUST-10279,19.99,Germany,Mobile Wallet,Web,0,8,1,16,1
TX-102522,2026-08-03 14:06:44.945403,CUST-10882,14.99,Pakistan,Credit Card,iOS,20,8,0,14,0
TX-102523,2026-07-19 08:34:44.945403,CUST-10433,14.99,France,Carrier Billing,iOS,18,7,1,8,0
TX-102524,2026-06-12 04:56:44.945403,CUST-10566,14.99,Germany,Credit Card,Web,21,8,1,4,1
TX-102525,2026-08-13 06:12:44.945403,CUST-10632,14.99,France,Credit Card,iOS,2,4,1,6,0
TX-102526,2026-07-23 21:52:44.945403,CUST-10248,6.99,Germany,Mobile Wallet,Web,10,4,1,21,0
TX-102527,2026-07-30 16:23:44.945403,CUST-10827,14.99,Pakistan,Credit Card,iOS,24,1,1,16,0
TX-102528,2026-06-12 18:06:44.945403,CUST-10811,14.99,Spain,Mobile Wallet,Web,16,7,0,18,0
TX-102529,2026-06-27 09:52:44.945403,CUST-10121,2.99,Spain,Credit Card,Android,30,8,0,9,0
TX-102530,2026-07-08 05:46:44.945403,CUST-10566,14.99,Pakistan,Carrier Billing,Web,5,5,1,5,0
TX-102531,2026-06-21 08:32:44.945403,CUST-10788,4.99,Pakistan,Mobile Wallet,Web,18,4,0,8,0
TX-102532,2026-07-09 15:04:44.945403,CUST-10682,14.99,United Kingdom,Carrier Billing,Web,19,8,1,15,1
TX-102533,2026-08-18 12:45:44.945403,CUST-10108,14.99,France,Credit Card,Android,0,3,1,12,0
TX-102534,2026-09-03 03:48:44.945403,CUST-10013,2.99,Pakistan,Carrier Billing,Android,21,6,1,3,0
TX-102535,2026-07-18 13:32:44.945403,CUST-10104,14.99,United Kingdom,Credit Card,Web,6,1,1,13,0
TX-102536,2026-06-20 16:37:44.945403,CUST-10571,6.99,United Kingdom,Carrier Billing,iOS,17,5,1,16,0
TX-102537,2026-06-16 13:39:44.945403,CUST-10514,9.99,Pakistan,Mobile Wallet,Android,16,8,0,13,0
TX-102538,2026-08-09 08:37:44.945403,CUST-10822,2.99,Pakistan,Carrier Billing,Web,24,4,1,8,0
TX-102539,2026-08-13 11:20:44.945403,CUST-10125,2.99,Spain,Credit Card,iOS,9,5,0,11,0
TX-102540,2026-09-05 05:56:44.945403,CUST-10044,9.99,Germany,Credit Card,Web,10,7,1,5,0
TX-102541,2026-07-15 22:02:44.945403,CUST-10168,6.99,Pakistan,Credit Card,Android,25,3,0,22,0
TX-102542,2026-07-13 04:26:44.945403,CUST-10625,14.99,Germany,Credit Card,Android,10,7,0,4,0
TX-102543,2026-08-28 16:32:44.945403,CUST-10185,2.99,United Kingdom,Carrier Billing,iOS,7,4,1,16,0
TX-102544,2026-06-14 12:45:44.945403,CUST-10264,9.99,France,Credit Card,iOS,9,5,1,12,0
TX-102545,2026-07-02 03:19:44.945403,CUST-10615,9.99,France,Carrier Billing,Android,27,4,0,3,0
TX-102546,2026-07-26 08:59:44.945403,CUST-10850,2.99,Spain,Credit Card,iOS,23,6,0,8,0
TX-102547,2026-08-14 17:01:44.945403,CUST-10848,14.99,Pakistan,Carrier Billing,Web,7,7,0,17,0
TX-102548,2026-09-06 00:12:44.945403,CUST-10093,2.99,Germany,Carrier Billing,Web,4,8,1,0,1
TX-102549,2026-08-21 03:52:44.945403,CUST-10277,14.99,United Kingdom,Mobile Wallet,Android,19,6,1,3,0
TX-102550,2026-07-11 02:16:44.945403,CUST-10567,6.99,Spain,Carrier Billing,Web,21,5,0,2,0
TX-102551,2026-07-13 08:59:44.945403,CUST-10143,19.99,France,Carrier Billing,iOS,3,6,1,8,0
TX-102552,2026-06-19 12:06:44.945403,CUST-10459,2.99,Pakistan,Credit Card,Android,16,1,1,12,0
TX-102553,2026-06-20 07:08:44.945403,CUST-10264,9.99,Germany,Credit Card,iOS,15,4,1,7,0
TX-102554,2026-07-14 07:35:44.945403,CUST-10790,4.99,France,Credit Card,Web,23,5,0,7,0
TX-102555,2026-08-27 16:30:44.945403,CUST-10472,2.99,France,Mobile Wallet,iOS,22,8,0,16,0
TX-102556,2026-08-27 23:43:44.945403,CUST-10922,14.99,Spain,Carrier Billing,iOS,7,8,0,23,0
TX-102557,2026-06-23 05:11:44.945403,CUST-10542,4.99,Germany,Carrier Billing,Android,22,4,0,5,0
TX-102558,2026-07-29 07:02:44.945403,CUST-10940,14.99,Spain,Credit Card,Android,16,8,0,7,0
TX-102559,2026-08-01 12:55:44.945403,CUST-10069,6.99,Spain,Credit Card,Web,15,4,0,12,0
TX-102560,2026-08-01 08:37:44.945403,CUST-10445,4.99,France,Mobile Wallet,Android,10,3,0,8,0
TX-102561,2026-07-09 16:24:44.945403,CUST-10418,6.99,Spain,Credit Card,Web,7,8,0,16,0
TX-102562,2026-08-02 05:45:44.945403,CUST-10884,2.99,France,Credit Card,Web,15,4,1,5,0
TX-102563,2026-07-16 13:58:44.945403,CUST-10508,2.99,Germany,Credit Card,Web,12,3,1,13,0
TX-102564,2026-06-17 19:11:44.945403,CUST-10317,4.99,Spain,Credit Card,Android,18,5,1,19,0
TX-102565,2026-07-20 23:54:44.945403,CUST-10268,6.99,Pakistan,Mobile Wallet,Web,18,1,0,23,0
TX-102566,2026-07-30 07:17:44.945403,CUST-10609,14.99,France,Credit Card,Android,18,1,0,7,0
TX-102567,2026-08-13 02:13:44.945403,CUST-10725,6.99,Spain,Carrier Billing,Web,2,7,1,2,1
TX-102568,2026-06-27 08:20:44.945403,CUST-10666,6.99,Germany,Credit Card,Web,30,5,1,8,0
TX-102569,2026-07-21 17:26:44.945403,CUST-10174,14.99,France,Credit Card,iOS,20,6,0,17,0
TX-102570,2026-08-18 09:13:44.945403,CUST-10113,14.99,Pakistan,Carrier Billing,Android,2,8,1,9,1
TX-102571,2026-08-06 07:21:44.945403,CUST-10676,19.99,Pakistan,Carrier Billing,iOS,16,4,1,7,0
TX-102572,2026-07-23 22:03:44.945403,CUST-10014,6.99,United Kingdom,Mobile Wallet,iOS,29,5,1,22,0
TX-102573,2026-08-22 18:06:44.945403,CUST-10272,4.99,Germany,Credit Card,Android,16,7,0,18,0
TX-102574,2026-08-16 22:45:44.945403,CUST-10222,19.99,Pakistan,Carrier Billing,Web,16,6,1,22,0
TX-102575,2026-06-22 05:44:44.945403,CUST-10793,2.99,United Kingdom,Carrier Billing,Web,15,2,1,5,0
TX-102576,2026-07-12 11:45:44.945403,CUST-10590,2.99,Pakistan,Mobile Wallet,Web,21,3,0,11,0
TX-102577,2026-08-03 09:12:44.945403,CUST-10048,6.99,France,Carrier Billing,Web,27,7,1,9,0
TX-102578,2026-07-01 23:20:44.945403,CUST-10842,6.99,Pakistan,Mobile Wallet,Web,10,1,1,23,0
TX-102579,2026-06-12 22:30:44.945403,CUST-10787,19.99,France,Carrier Billing,Android,21,7,0,22,0
TX-102580,2026-06-22 22:02:44.945403,CUST-10124,14.99,Spain,Mobile Wallet,Android,0,4,0,22,0
TX-102581,2026-09-09 11:46:44.945403,CUST-10485,6.99,Spain,Mobile Wallet,iOS,11,2,0,11,0
TX-102582,2026-06-15 16:51:44.945403,CUST-10587,2.99,United Kingdom,Credit Card,Web,25,2,0,16,0
TX-102583,2026-07-11 16:29:44.945403,CUST-10062,4.99,France,Carrier Billing,Web,14,4,1,16,0
TX-102584,2026-07-13 02:22:44.945403,CUST-10955,19.99,United Kingdom,Credit Card,Android,12,7,0,2,1
TX-102585,2026-06-19 00:49:44.945403,CUST-10222,19.99,France,Mobile Wallet,Web,19,7,0,0,1
TX-102586,2026-07-03 21:10:44.945403,CUST-10817,14.99,Pakistan,Mobile Wallet,Android,20,6,1,21,0
TX-102587,2026-09-08 17:53:44.945403,CUST-10769,9.99,Pakistan,Credit Card,Web,30,5,1,17,0
TX-102588,2026-06-19 16:17:44.945403,CUST-10666,6.99,Germany,Credit Card,Android,18,8,0,16,0
TX-102589,2026-08-22 17:59:44.945403,CUST-10898,2.99,Pakistan,Credit Card,iOS,7,7,0,17,0
TX-102590,2026-08-27 03:52:44.945403,CUST-10520,4.99,Germany,Credit Card,Android,14,1,0,3,0
TX-102591,2026-07-20 06:01:44.945403,CUST-10784,19.99,Germany,Credit Card,Android,10,4,1,6,0
TX-102592,2026-06-19 08:07:44.945403,CUST-10386,6.99,France,Carrier Billing,Web,21,7,0,8,0
TX-102593,2026-06-21 09:33:44.945403,CUST-10638,19.99,Germany,Credit Card,Web,28,4,1,9,0
TX-102594,2026-08-25 07:46:44.945403,CUST-10650,6.99,Germany,Credit Card,Android,11,2,0,7,0
TX-102595,2026-08-01 20:20:44.945403,CUST-10559,2.99,Spain,Credit Card,Android,0,5,0,20,0
TX-102596,2026-06-30 20:04:44.945403,CUST-10432,4.99,United Kingdom,Carrier Billing,iOS,20,5,1,20,0
TX-102597,2026-07-29 23:51:44.945403,CUST-10773,14.99,Spain,Mobile Wallet,iOS,25,4,0,23,0
TX-102598,2026-08-03 04:55:44.945403,CUST-10816,2.99,Germany,Credit Card,iOS,8,1,0,4,0
TX-102599,2026-07-30 16:42:44.945403,CUST-10781,6.99,United Kingdom,Mobile Wallet,iOS,24,5,1,16,0
TX-102600,2026-07-13 18:26:44.945403,CUST-10114,19.99,Spain,Credit Card,Web,23,8,0,18,1
TX-102601,2026-06-23 01:51:44.945403,CUST-10464,6.99,Spain,Carrier Billing,Web,30,7,0,1,0
TX-102602,2026-08-19 19:26:44.945403,CUST-10392,6.99,Pakistan,Carrier Billing,iOS,30,4,0,19,0
TX-102603,2026-06-30 13:33:44.945403,CUST-10561,9.99,Germany,Mobile Wallet,Web,11,4,0,13,0
TX-102604,2026-07-07 16:51:44.945403,CUST-10779,9.99,Germany,Carrier Billing,iOS,3,4,0,16,0
TX-102605,2026-08-07 12:49:44.945403,CUST-10935,2.99,France,Carrier Billing,Web,26,7,0,12,0
TX-102606,2026-06-23 11:32:44.945403,CUST-10405,4.99,France,Credit Card,Android,1,5,0,11,0
TX-102607,2026-06-27 08:44:44.945403,CUST-10883,4.99,Pakistan,Mobile Wallet,Android,23,6,1,8,0
TX-102608,2026-06-12 12:31:44.945403,CUST-10274,6.99,Pakistan,Carrier Billing,Android,22,8,1,12,1
TX-102609,2026-07-01 10:24:44.945403,CUST-10163,6.99,France,Carrier Billing,Web,20,2,0,10,0
TX-102610,2026-08-15 21:34:44.945403,CUST-10630,6.99,Pakistan,Mobile Wallet,Android,4,5,1,21,0
TX-102611,2026-08-17 07:39:44.945403,CUST-10753,14.99,Germany,Carrier Billing,Web,12,5,1,7,0
TX-102612,2026-06-28 00:11:44.945403,CUST-10382,2.99,Germany,Credit Card,Android,5,5,0,0,0
TX-102613,2026-08-31 20:55:44.945403,CUST-10710,19.99,Spain,Carrier Billing,iOS,3,2,0,20,0
TX-102614,2026-07-09 15:51:44.945403,CUST-10391,14.99,Germany,Carrier Billing,Web,12,4,0,15,0
TX-102615,2026-06-25 10:42:44.945403,CUST-10559,9.99,Germany,Mobile Wallet,Web,5,1,0,10,0
TX-102616,2026-06-14 17:59:44.945403,CUST-10608,6.99,Spain,Credit Card,iOS,23,3,0,17,0
TX-102617,2026-06-29 17:59:44.945403,CUST-10419,14.99,United Kingdom,Carrier Billing,Android,10,8,1,17,1
TX-102618,2026-06-14 14:07:44.945403,CUST-10061,2.99,Germany,Carrier Billing,Android,10,1,0,14,0
TX-102619,2026-07-01 12:48:44.945403,CUST-10630,9.99,Pakistan,Carrier Billing,Android,20,8,0,12,0
TX-102620,2026-06-21 18:59:44.945403,CUST-10209,14.99,Germany,Mobile Wallet,Android,23,8,0,18,0
TX-102621,2026-07-26 23:13:44.945403,CUST-10145,4.99,Pakistan,Carrier Billing,iOS,10,5,1,23,0
TX-102622,2026-07-27 00:00:44.945403,CUST-10113,14.99,Spain,Mobile Wallet,Android,15,1,1,0,0
TX-102623,2026-07-04 03:28:44.945403,CUST-10416,2.99,Spain,Carrier Billing,iOS,9,3,0,3,0
TX-102624,2026-06-20 07:21:44.945403,CUST-10663,9.99,Pakistan,Carrier Billing,iOS,5,4,1,7,0
TX-102625,2026-06-24 18:33:44.945403,CUST-10977,19.99,Pakistan,Mobile Wallet,iOS,9,8,1,18,1
TX-102626,2026-07-16 01:32:44.945403,CUST-10631,2.99,Spain,Mobile Wallet,Android,13,6,1,1,0
TX-102627,2026-09-03 20:44:44.945403,CUST-10133,9.99,Germany,Carrier Billing,Web,14,5,0,20,0
TX-102628,2026-08-12 11:44:44.945403,CUST-10137,6.99,France,Mobile Wallet,iOS,18,6,0,11,0
TX-102629,2026-06-23 19:36:44.945403,CUST-10108,2.99,United Kingdom,Mobile Wallet,Android,10,2,0,19,0
TX-102630,2026-07-31 01:15:44.945403,CUST-10901,9.99,France,Mobile Wallet,Web,25,7,1,1,1
TX-102631,2026-07-20 19:25:44.945403,CUST-10810,14.99,Germany,Carrier Billing,Android,14,7,0,19,0
TX-102632,2026-07-27 09:14:44.945403,CUST-10538,6.99,France,Credit Card,iOS,0,4,1,9,0
TX-102633,2026-08-01 14:23:44.945403,CUST-10999,2.99,United Kingdom,Carrier Billing,Web,1,8,1,14,1
TX-102634,2026-08-02 11:43:44.945403,CUST-10133,2.99,Germany,Credit Card,Android,1,7,0,11,0
TX-102635,2026-09-07 09:56:44.945403,CUST-10747,19.99,Spain,Carrier Billing,iOS,7,5,1,9,0
TX-102636,2026-07-06 11:16:44.945403,CUST-10459,2.99,United Kingdom,Carrier Billing,Android,7,7,1,11,0
TX-102637,2026-06-28 22:06:44.945403,CUST-10151,19.99,Pakistan,Carrier Billing,Android,5,4,1,22,0
TX-102638,2026-08-18 10:38:44.945403,CUST-10151,2.99,France,Credit Card,Android,28,4,0,10,1
TX-102639,2026-06-13 17:34:44.945403,CUST-10018,14.99,United Kingdom,Credit Card,Android,25,5,1,17,0
TX-102640,2026-08-04 21:35:44.945403,CUST-10113,14.99,Pakistan,Carrier Billing,Web,16,2,0,21,0
TX-102641,2026-07-18 19:52:44.945403,CUST-10817,2.99,Pakistan,Mobile Wallet,Android,12,3,0,19,0
TX-102642,2026-07-26 20:43:44.945403,CUST-10206,9.99,United Kingdom,Mobile Wallet,Web,30,8,0,20,0
TX-102643,2026-07-31 04:03:44.945403,CUST-10814,19.99,France,Credit Card,Web,26,2,1,4,0
TX-102644,2026-07-05 08:10:44.945403,CUST-10397,4.99,Pakistan,Carrier Billing,Android,29,5,0,8,0
TX-102645,2026-06-22 15:55:44.945403,CUST-10911,2.99,Spain,Credit Card,Android,29,2,0,15,0
TX-102646,2026-08-11 03:01:44.945403,CUST-10618,14.99,France,Mobile Wallet,iOS,10,3,1,3,0
TX-102647,2026-06-13 12:13:44.945403,CUST-10193,19.99,France,Mobile Wallet,Android,2,6,0,12,0
TX-102648,2026-07-03 15:00:44.945403,CUST-10284,9.99,Germany,Carrier Billing,iOS,10,7,1,15,0
TX-102649,2026-08-31 22:00:44.945403,CUST-10720,6.99,Germany,Credit Card,iOS,4,1,0,22,0
TX-102650,2026-06-24 09:53:44.945403,CUST-10273,19.99,Pakistan,Carrier Billing,Web,24,2,0,9,0
TX-102651,2026-08-10 06:11:44.945403,CUST-10227,14.99,Germany,Mobile Wallet,iOS,30,1,0,6,0
TX-102652,2026-07-17 10:51:44.945403,CUST-10144,2.99,United Kingdom,Credit Card,Web,28,2,1,10,0
TX-102653,2026-07-11 09:59:44.945403,CUST-10926,4.99,Germany,Carrier Billing,iOS,20,4,1,9,0
TX-102654,2026-09-06 10:06:44.945403,CUST-10952,4.99,France,Credit Card,Android,0,5,0,10,0
TX-102655,2026-06-20 11:24:44.945403,CUST-10790,14.99,Spain,Mobile Wallet,Web,10,2,0,11,0
TX-102656,2026-09-05 06:12:44.945403,CUST-10071,19.99,Spain,Mobile Wallet,iOS,11,1,1,6,0
TX-102657,2026-09-01 01:41:44.945403,CUST-10407,2.99,Pakistan,Carrier Billing,iOS,19,3,0,1,0
TX-102658,2026-07-20 16:10:44.945403,CUST-10418,2.99,Pakistan,Carrier Billing,Android,17,4,0,16,0
TX-102659,2026-06-14 13:14:44.945403,CUST-10091,19.99,Spain,Carrier Billing,Android,18,7,0,13,0
TX-102660,2026-06-23 05:48:44.945403,CUST-10030,19.99,France,Mobile Wallet,Web,11,1,1,5,0
TX-102661,2026-07-21 11:17:44.945403,CUST-10769,6.99,Spain,Mobile Wallet,iOS,9,7,0,11,0
TX-102662,2026-07-09 15:49:44.945403,CUST-10670,4.99,Spain,Credit Card,iOS,7,5,1,15,0
TX-102663,2026-06-14 03:28:44.945403,CUST-10109,14.99,Pakistan,Credit Card,Android,0,6,1,3,0
TX-102664,2026-08-23 12:59:44.945403,CUST-10640,4.99,France,Credit Card,Android,8,4,1,12,0
TX-102665,2026-07-20 06:05:44.945403,CUST-10085,9.99,Germany,Mobile Wallet,Android,5,6,0,6,0
TX-102666,2026-06-23 08:15:44.945403,CUST-10845,9.99,Spain,Credit Card,iOS,0,7,1,8,1
TX-102667,2026-07-17 02:52:44.945403,CUST-10957,6.99,Germany,Carrier Billing,Android,8,2,1,2,0
TX-102668,2026-07-19 01:30:44.945403,CUST-10872,14.99,Germany,Mobile Wallet,iOS,25,5,1,1,0
TX-102669,2026-06-19 04:25:44.945403,CUST-10678,4.99,United Kingdom,Carrier Billing,Web,6,6,0,4,0
TX-102670,2026-09-08 14:22:44.945403,CUST-10955,2.99,United Kingdom,Credit Card,Web,18,8,1,14,1
TX-102671,2026-06-23 06:48:44.945403,CUST-10240,6.99,France,Carrier Billing,iOS,1,5,1,6,0
TX-102672,2026-08-19 11:27:44.945403,CUST-10387,14.99,Spain,Carrier Billing,Android,2,6,1,11,0
TX-102673,2026-08-05 21:18:44.945403,CUST-10755,6.99,Spain,Credit Card,iOS,18,3,0,21,0
TX-102674,2026-08-10 22:09:44.945403,CUST-10707,6.99,France,Mobile Wallet,Android,24,2,0,22,0
TX-102675,2026-08-06 14:28:44.945403,CUST-10504,4.99,United Kingdom,Mobile Wallet,Android,16,3,1,14,0
TX-102676,2026-08-28 21:03:44.945403,CUST-10684,9.99,Spain,Credit Card,Android,10,5,0,21,0
TX-102677,2026-07-29 22:28:44.945403,CUST-10529,6.99,United Kingdom,Credit Card,Web,0,7,1,22,1
TX-102678,2026-08-21 07:38:44.945403,CUST-10018,6.99,Pakistan,Carrier Billing,Android,5,2,0,7,0
TX-102679,2026-07-15 15:08:44.945403,CUST-10318,4.99,France,Carrier Billing,Web,5,4,0,15,0
TX-102680,2026-07-18 09:30:44.945403,CUST-10052,6.99,United Kingdom,Mobile Wallet,Web,13,1,0,9,0
TX-102681,2026-06-21 00:02:44.945403,CUST-10730,19.99,United Kingdom,Credit Card,Android,1,4,0,0,0
TX-102682,2026-08-14 11:13:44.945403,CUST-10206,2.99,United Kingdom,Credit Card,Web,26,1,0,11,0
TX-102683,2026-07-06 23:30:44.945403,CUST-10033,2.99,Spain,Credit Card,iOS,26,2,0,23,0
TX-102684,2026-08-13 15:33:44.945403,CUST-10508,19.99,Pakistan,Mobile Wallet,iOS,24,7,0,15,0
TX-102685,2026-06-21 09:49:44.945403,CUST-10905,19.99,Germany,Carrier Billing,iOS,21,1,1,9,0
TX-102686,2026-08-09 20:08:44.945403,CUST-10291,19.99,Germany,Mobile Wallet,iOS,27,6,0,20,0
TX-102687,2026-06-18 20:49:44.945403,CUST-10210,9.99,France,Carrier Billing,iOS,16,3,0,20,0
TX-102688,2026-09-03 20:02:44.945403,CUST-10170,14.99,United Kingdom,Mobile Wallet,iOS,16,1,1,20,0
TX-102689,2026-07-24 10:51:44.945403,CUST-10613,2.99,Spain,Credit Card,Android,30,7,0,10,0
TX-102690,2026-08-01 03:32:44.945403,CUST-10706,14.99,Pakistan,Mobile Wallet,iOS,26,3,0,3,0
TX-102691,2026-08-12 11:07:44.945403,CUST-10610,14.99,Germany,Credit Card,iOS,15,2,0,11,0
TX-102692,2026-08-27 02:04:44.945403,CUST-10232,2.99,Germany,Credit Card,Web,27,2,0,2,0
TX-102693,2026-07-07 23:02:44.945403,CUST-10560,2.99,United Kingdom,Credit Card,iOS,14,1,0,23,0
TX-102694,2026-07-05 05:43:44.945403,CUST-10685,6.99,Spain,Carrier Billing,Android,28,7,0,5,0
TX-102695,2026-08-25 21:06:44.945403,CUST-10124,9.99,United Kingdom,Carrier Billing,iOS,19,7,1,21,0
TX-102696,2026-07-05 11:35:44.945403,CUST-10407,19.99,Germany,Carrier Billing,iOS,25,8,1,11,1
TX-102697,2026-08-07 06:23:44.945403,CUST-10706,2.99,Spain,Mobile Wallet,iOS,22,3,0,6,0
TX-102698,2026-08-17 19:54:44.945403,CUST-10118,9.99,France,Carrier Billing,iOS,2,1,1,19,0
TX-102699,2026-07-01 15:51:44.945403,CUST-10202,6.99,Pakistan,Mobile Wallet,Web,24,5,0,15,0
TX-102700,2026-07-01 03:23:44.945403,CUST-10719,19.99,Pakistan,Mobile Wallet,Web,27,4,0,3,0
TX-102701,2026-08-28 16:55:44.945403,CUST-10299,14.99,Pakistan,Carrier Billing,Android,0,5,0,16,0
TX-102702,2026-08-05 12:45:44.945403,CUST-10828,2.99,Pakistan,Credit Card,Android,1,3,0,12,0
TX-102703,2026-06-18 08:13:44.945403,CUST-10386,9.99,France,Mobile Wallet,Web,12,5,1,8,0
TX-102704,2026-07-04 03:53:44.945403,CUST-10236,19.99,United Kingdom,Credit Card,Android,9,2,0,3,1
TX-102705,2026-06-13 09:50:44.945403,CUST-10839,2.99,France,Credit Card,iOS,8,3,1,9,0
TX-102706,2026-08-24 10:28:44.945403,CUST-10599,9.99,Pakistan,Credit Card,iOS,7,6,1,10,0
TX-102707,2026-09-03 02:03:44.945403,CUST-10884,2.99,Spain,Mobile Wallet,Android,28,8,1,2,1
TX-102708,2026-06-20 19:40:44.945403,CUST-10137,4.99,United Kingdom,Credit Card,Web,15,2,1,19,0
TX-102709,2026-06-25 22:37:44.945403,CUST-10385,19.99,Pakistan,Mobile Wallet,Web,14,3,0,22,0
TX-102710,2026-06-13 13:44:44.945403,CUST-10157,6.99,France,Credit Card,Web,26,6,1,13,0
TX-102711,2026-07-23 23:02:44.945403,CUST-10479,4.99,Pakistan,Credit Card,Android,14,2,0,23,0
TX-102712,2026-06-17 10:06:44.945403,CUST-10846,14.99,Germany,Carrier Billing,iOS,12,5,1,10,0
TX-102713,2026-08-09 05:17:44.945403,CUST-10770,4.99,Germany,Mobile Wallet,Web,1,4,0,5,0
TX-102714,2026-07-09 18:57:44.945403,CUST-10233,14.99,Pakistan,Carrier Billing,iOS,9,2,1,18,0
TX-102715,2026-07-11 09:00:44.945403,CUST-10722,9.99,Spain,Credit Card,Android,5,3,1,9,0
TX-102716,2026-08-19 06:44:44.945403,CUST-10403,19.99,United Kingdom,Credit Card,Android,28,8,0,6,1
TX-102717,2026-08-26 18:13:44.945403,CUST-10307,2.99,Germany,Credit Card,iOS,8,3,0,18,0
TX-102718,2026-09-01 01:56:44.945403,CUST-10386,19.99,Spain,Carrier Billing,iOS,30,2,0,1,0
TX-102719,2026-06-30 19:27:44.945403,CUST-10744,14.99,Germany,Credit Card,iOS,22,3,1,19,0
TX-102720,2026-07-01 16:31:44.945403,CUST-10914,14.99,Germany,Mobile Wallet,Web,26,8,0,16,0
TX-102721,2026-08-12 00:09:44.945403,CUST-10710,2.99,France,Mobile Wallet,Web,12,4,0,0,0
TX-102722,2026-07-12 07:29:44.945403,CUST-10798,6.99,Spain,Credit Card,Android,11,1,0,7,0
TX-102723,2026-08-03 10:33:44.945403,CUST-10428,19.99,Pakistan,Credit Card,Web,27,8,1,10,1
TX-102724,2026-08-21 12:50:44.945403,CUST-10009,6.99,Spain,Mobile Wallet,Web,23,6,1,12,0
TX-102725,2026-08-17 21:58:44.945403,CUST-10485,14.99,United Kingdom,Credit Card,iOS,22,6,1,21,0
TX-102726,2026-07-21 13:43:44.945403,CUST-10870,2.99,United Kingdom,Mobile Wallet,Android,7,5,0,13,0
TX-102727,2026-07-25 06:14:44.945403,CUST-10215,9.99,Spain,Credit Card,Web,6,3,0,6,0
TX-102728,2026-06-27 19:47:44.945403,CUST-10966,19.99,Spain,Credit Card,Android,3,2,1,19,0
TX-102729,2026-08-10 03:12:44.945403,CUST-10908,9.99,Germany,Mobile Wallet,Android,30,8,0,3,1
TX-102730,2026-06-17 01:30:44.945403,CUST-10798,6.99,Spain,Mobile Wallet,Web,11,2,1,1,0
TX-102731,2026-08-01 03:27:44.945403,CUST-10413,14.99,United Kingdom,Carrier Billing,Android,11,3,0,3,0
TX-102732,2026-09-06 19:32:44.945403,CUST-10592,2.99,Spain,Mobile Wallet,Android,5,1,0,19,0
TX-102733,2026-09-07 08:02:44.945403,CUST-10582,14.99,Pakistan,Carrier Billing,iOS,5,7,1,8,0
TX-102734,2026-06-18 21:41:44.945403,CUST-10062,9.99,United Kingdom,Carrier Billing,Android,14,8,0,21,0
TX-102735,2026-08-24 05:45:44.945403,CUST-10082,9.99,Spain,Credit Card,Android,28,6,0,5,0
TX-102736,2026-07-08 08:40:44.945403,CUST-10597,4.99,Spain,Carrier Billing,iOS,26,8,0,8,0
TX-102737,2026-07-07 07:27:44.945403,CUST-10385,14.99,Spain,Carrier Billing,iOS,5,5,1,7,0
TX-102738,2026-07-03 20:27:44.945403,CUST-10937,14.99,Pakistan,Mobile Wallet,Android,30,1,1,20,0
TX-102739,2026-07-11 10:43:44.945403,CUST-10266,2.99,Spain,Credit Card,Web,23,6,0,10,0
TX-102740,2026-07-01 18:54:44.945403,CUST-10755,14.99,Spain,Carrier Billing,iOS,22,3,1,18,0
TX-102741,2026-08-29 05:48:44.945403,CUST-10089,4.99,United Kingdom,Carrier Billing,iOS,7,6,0,5,0
TX-102742,2026-08-21 03:52:44.945403,CUST-10576,9.99,Pakistan,Carrier Billing,iOS,22,7,1,3,1
TX-102743,2026-07-11 23:53:44.945403,CUST-10843,4.99,Germany,Carrier Billing,Web,20,5,1,23,0
TX-102744,2026-08-04 09:17:44.945403,CUST-10500,6.99,United Kingdom,Mobile Wallet,Web,18,6,0,9,0
TX-102745,2026-06-11 21:46:44.945403,CUST-10517,14.99,Germany,Credit Card,Android,13,8,1,21,1
TX-102746,2026-08-27 21:42:44.945403,CUST-10891,2.99,Spain,Carrier Billing,Web,0,2,0,21,0
TX-102747,2026-06-26 22:57:44.945403,CUST-10190,2.99,France,Credit Card,Android,19,1,1,22,0
TX-102748,2026-08-02 23:00:44.945403,CUST-10935,2.99,United Kingdom,Carrier Billing,Android,28,3,1,23,0
TX-102749,2026-07-04 08:41:44.945403,CUST-10211,4.99,Pakistan,Carrier Billing,Android,11,2,0,8,0
TX-102750,2026-07-15 22:04:44.945403,CUST-10927,19.99,France,Credit Card,Android,3,4,1,22,0
TX-102751,2026-08-23 07:53:44.945403,CUST-10735,19.99,Pakistan,Carrier Billing,iOS,18,5,0,7,0
TX-102752,2026-08-19 13:58:44.945403,CUST-10794,4.99,Spain,Carrier Billing,iOS,27,4,1,13,0
TX-102753,2026-08-04 17:59:44.945403,CUST-10436,4.99,Pakistan,Mobile Wallet,Android,11,4,0,17,0
TX-102754,2026-09-07 18:36:44.945403,CUST-10807,6.99,France,Carrier Billing,Android,28,1,1,18,0
TX-102755,2026-08-19 05:53:44.945403,CUST-10612,9.99,France,Mobile Wallet,Web,19,3,0,5,0
TX-102756,2026-07-03 22:46:44.945403,CUST-10990,9.99,Germany,Carrier Billing,Android,15,8,1,22,1
TX-102757,2026-07-07 03:31:44.945403,CUST-10163,2.99,Pakistan,Credit Card,Android,19,5,0,3,0
TX-102758,2026-09-01 22:17:44.945403,CUST-10458,6.99,United Kingdom,Carrier Billing,Web,4,3,1,22,0
TX-102759,2026-08-14 20:14:44.945403,CUST-10234,2.99,Germany,Credit Card,Android,23,7,0,20,0
TX-102760,2026-08-28 16:14:44.945403,CUST-10973,6.99,Germany,Credit Card,Android,21,7,1,16,0
TX-102761,2026-09-01 12:42:44.945403,CUST-10927,4.99,Pakistan,Mobile Wallet,iOS,3,8,0,12,0
TX-102762,2026-08-02 20:04:44.945403,CUST-10607,4.99,United Kingdom,Credit Card,iOS,27,3,1,20,0
TX-102763,2026-06-26 23:38:44.945403,CUST-10722,2.99,Pakistan,Credit Card,Web,7,6,1,23,1
TX-102764,2026-06-20 10:04:44.945403,CUST-10277,4.99,Spain,Carrier Billing,Web,20,2,1,10,0
TX-102765,2026-08-27 10:24:44.945403,CUST-10050,14.99,Germany,Credit Card,Web,14,3,1,10,0
TX-102766,2026-09-08 11:53:44.945403,CUST-10129,6.99,France,Carrier Billing,Android,2,4,1,11,0
TX-102767,2026-08-12 07:58:44.945403,CUST-10329,19.99,United Kingdom,Carrier Billing,Web,5,1,1,7,0
TX-102768,2026-07-25 19:53:44.945403,CUST-10504,2.99,Germany,Credit Card,Web,12,4,0,19,0
TX-102769,2026-08-19 19:26:44.945403,CUST-10174,14.99,United Kingdom,Mobile Wallet,iOS,11,2,1,19,0
TX-102770,2026-09-05 16:00:44.945403,CUST-10058,4.99,France,Credit Card,Web,17,5,1,16,0
TX-102771,2026-08-31 06:23:44.945403,CUST-10532,6.99,United Kingdom,Credit Card,Web,16,4,0,6,0
TX-102772,2026-07-11 00:58:44.945403,CUST-10716,9.99,Germany,Carrier Billing,iOS,25,3,0,0,0
TX-102773,2026-07-06 01:53:44.945403,CUST-10407,9.99,Spain,Mobile Wallet,Web,24,3,1,1,0
TX-102774,2026-07-01 13:56:44.945403,CUST-10882,19.99,France,Mobile Wallet,iOS,2,7,0,13,1
TX-102775,2026-06-27 13:36:44.945403,CUST-10187,6.99,Pakistan,Carrier Billing,Web,5,6,1,13,0
TX-102776,2026-08-31 05:18:44.945403,CUST-10307,9.99,Spain,Mobile Wallet,iOS,6,5,0,5,0
TX-102777,2026-06-20 02:32:44.945403,CUST-10871,4.99,Spain,Carrier Billing,iOS,2,5,0,2,0
TX-102778,2026-08-22 14:04:44.945403,CUST-10013,14.99,Germany,Credit Card,Android,26,8,0,14,0
TX-102779,2026-07-18 03:04:44.945403,CUST-10000,6.99,France,Carrier Billing,Web,11,7,0,3,0
TX-102780,2026-07-25 07:01:44.945403,CUST-10856,6.99,Pakistan,Carrier Billing,Web,7,2,0,7,0
TX-102781,2026-06-19 12:54:44.945403,CUST-10588,4.99,Spain,Credit Card,Android,17,3,0,12,0
TX-102782,2026-08-26 23:34:44.945403,CUST-10474,2.99,Pakistan,Mobile Wallet,Android,12,1,0,23,0
TX-102783,2026-06-13 18:59:44.945403,CUST-10954,14.99,Spain,Credit Card,iOS,21,1,1,18,0
TX-102784,2026-07-18 06:51:44.945403,CUST-10113,19.99,Germany,Carrier Billing,iOS,13,3,1,6,0
TX-102785,2026-08-15 08:44:44.945403,CUST-10538,19.99,France,Carrier Billing,Android,18,6,0,8,0
TX-102786,2026-06-30 01:11:44.945403,CUST-10277,9.99,Pakistan,Credit Card,iOS,21,3,0,1,0
TX-102787,2026-06-30 13:38:44.945403,CUST-10888,4.99,Germany,Carrier Billing,Android,20,5,1,13,0
TX-102788,2026-09-07 16:36:44.945403,CUST-10445,6.99,Spain,Carrier Billing,Web,3,7,1,16,0
TX-102789,2026-08-25 05:34:44.945403,CUST-10294,2.99,Spain,Credit Card,Android,14,8,1,5,1
TX-102790,2026-07-25 05:42:44.945403,CUST-10973,9.99,Pakistan,Credit Card,Web,6,5,1,5,0
TX-102791,2026-09-08 13:45:44.945403,CUST-10046,6.99,Germany,Carrier Billing,iOS,10,6,0,13,0
TX-102792,2026-07-22 00:44:44.945403,CUST-10020,2.99,Germany,Mobile Wallet,Web,18,4,0,0,0
TX-102793,2026-06-28 11:45:44.945403,CUST-10042,4.99,France,Mobile Wallet,Android,14,5,1,11,0
TX-102794,2026-06-18 22:25:44.945403,CUST-10787,9.99,Spain,Carrier Billing,iOS,11,7,1,22,0
TX-102795,2026-07-27 10:56:44.945403,CUST-10843,9.99,United Kingdom,Credit Card,iOS,18,1,0,10,0
TX-102796,2026-07-08 13:31:44.945403,CUST-10791,14.99,France,Mobile Wallet,Android,12,3,1,13,0
TX-102797,2026-06-15 15:06:44.945403,CUST-10287,19.99,Germany,Carrier Billing,Android,16,7,1,15,1
TX-102798,2026-06-12 22:56:44.945403,CUST-10980,2.99,United Kingdom,Credit Card,Android,16,6,1,22,0
TX-102799,2026-09-05 17:52:44.945403,CUST-10274,4.99,Pakistan,Credit Card,Web,8,4,1,17,0
TX-102800,2026-08-05 18:41:44.945403,CUST-10016,2.99,United Kingdom,Carrier Billing,iOS,17,2,1,18,0
TX-102801,2026-06-16 09:33:44.945403,CUST-10312,9.99,Germany,Mobile Wallet,Android,9,4,1,9,0
TX-102802,2026-09-02 08:52:44.945403,CUST-10535,6.99,France,Carrier Billing,iOS,1,7,1,8,1
TX-102803,2026-08-19 08:16:44.945403,CUST-10462,19.99,France,Credit Card,iOS,28,7,1,8,1
TX-102804,2026-08-30 16:01:44.945403,CUST-10397,4.99,Germany,Mobile Wallet,Android,11,5,0,16,0
TX-102805,2026-08-25 04:09:44.945403,CUST-10529,19.99,United Kingdom,Mobile Wallet,Android,30,1,0,4,0
TX-102806,2026-09-04 00:08:44.945403,CUST-10712,4.99,United Kingdom,Carrier Billing,Android,24,5,1,0,0
TX-102807,2026-07-23 05:14:44.945403,CUST-10665,14.99,Germany,Carrier Billing,iOS,7,6,1,5,0
TX-102808,2026-07-20 20:23:44.945403,CUST-10034,6.99,Pakistan,Carrier Billing,Web,7,8,1,20,1
TX-102809,2026-08-04 18:04:44.945403,CUST-10521,4.99,Spain,Carrier Billing,iOS,15,8,0,18,0
TX-102810,2026-07-18 16:17:44.945403,CUST-10482,19.99,Pakistan,Mobile Wallet,Android,5,3,1,16,0
TX-102811,2026-08-28 22:02:44.945403,CUST-10486,14.99,France,Carrier Billing,Web,0,8,1,22,1
TX-102812,2026-07-27 14:00:44.945403,CUST-10778,6.99,United Kingdom,Carrier Billing,iOS,15,4,1,14,0
TX-102813,2026-08-12 17:26:44.945403,CUST-10832,4.99,United Kingdom,Mobile Wallet,Web,27,8,1,17,1
TX-102814,2026-08-27 15:55:44.945403,CUST-10322,19.99,France,Carrier Billing,Web,20,5,0,15,0
TX-102815,2026-06-22 14:11:44.945403,CUST-10711,9.99,Pakistan,Credit Card,Web,27,7,0,14,0
TX-102816,2026-07-18 09:33:44.945403,CUST-10699,19.99,Germany,Carrier Billing,iOS,12,4,0,9,0
TX-102817,2026-08-20 06:19:44.945403,CUST-10071,9.99,Spain,Mobile Wallet,Web,28,1,1,6,0
TX-102818,2026-08-24 13:05:44.945403,CUST-10594,14.99,Spain,Mobile Wallet,Web,2,3,1,13,0
TX-102819,2026-06-25 20:46:44.945403,CUST-10428,19.99,France,Carrier Billing,Android,14,2,1,20,0
TX-102820,2026-09-03 18:47:44.945403,CUST-10006,14.99,Germany,Credit Card,Web,8,3,1,18,0
TX-102821,2026-06-26 05:06:44.945403,CUST-10030,4.99,United Kingdom,Mobile Wallet,Web,30,4,0,5,0
TX-102822,2026-07-03 11:09:44.945403,CUST-10980,6.99,France,Mobile Wallet,Web,19,1,0,11,0
TX-102823,2026-08-21 09:44:44.945403,CUST-10579,14.99,Germany,Credit Card,Android,12,3,0,9,0
TX-102824,2026-08-25 10:48:44.945403,CUST-10551,9.99,Spain,Carrier Billing,iOS,8,3,1,10,0
TX-102825,2026-09-02 21:50:44.945403,CUST-10524,19.99,France,Mobile Wallet,Android,25,1,0,21,0
TX-102826,2026-08-14 00:01:44.945403,CUST-10694,19.99,Pakistan,Credit Card,Web,17,2,1,0,0
TX-102827,2026-08-29 03:18:44.945403,CUST-10949,2.99,Germany,Mobile Wallet,iOS,30,5,0,3,0
TX-102828,2026-07-13 03:26:44.945403,CUST-10904,19.99,United Kingdom,Mobile Wallet,Android,3,7,1,3,1
TX-102829,2026-08-03 17:34:44.945403,CUST-10943,19.99,Spain,Mobile Wallet,Web,2,6,0,17,0
TX-102830,2026-07-22 16:52:44.945403,CUST-10793,2.99,Pakistan,Credit Card,Android,29,3,1,16,0
TX-102831,2026-06-15 17:26:44.945403,CUST-10456,2.99,Spain,Carrier Billing,Web,20,1,0,17,0
TX-102832,2026-07-18 10:57:44.945403,CUST-10153,14.99,Spain,Mobile Wallet,iOS,17,3,1,10,0
TX-102833,2026-08-27 12:53:44.945403,CUST-10539,6.99,Pakistan,Mobile Wallet,Android,14,3,1,12,0
TX-102834,2026-06-28 14:09:44.945403,CUST-10656,19.99,Germany,Mobile Wallet,iOS,2,2,1,14,0
TX-102835,2026-07-20 08:33:44.945403,CUST-10959,14.99,Pakistan,Mobile Wallet,Web,28,7,0,8,0
TX-102836,2026-07-24 20:10:44.945403,CUST-10415,9.99,Spain,Carrier Billing,Web,1,3,0,20,0
TX-102837,2026-06-22 18:46:44.945403,CUST-10467,2.99,Spain,Credit Card,Android,21,5,1,18,0
TX-102838,2026-07-11 12:49:44.945403,CUST-10822,14.99,Germany,Mobile Wallet,Web,5,5,1,12,0
TX-102839,2026-08-12 19:02:44.945403,CUST-10841,9.99,Pakistan,Carrier Billing,Android,0,5,0,19,0
TX-102840,2026-08-10 17:08:44.945403,CUST-10897,6.99,Spain,Credit Card,Web,0,2,0,17,0
TX-102841,2026-07-23 14:12:44.945403,CUST-10372,4.99,Pakistan,Carrier Billing,Web,29,5,1,14,0
TX-102842,2026-08-25 03:54:44.945403,CUST-10949,19.99,Pakistan,Carrier Billing,Web,12,8,0,3,1
TX-102843,2026-08-19 12:08:44.945403,CUST-10300,4.99,Germany,Credit Card,Android,27,5,0,12,0
TX-102844,2026-07-02 02:10:44.945403,CUST-10715,9.99,France,Mobile Wallet,Android,22,8,1,2,1
TX-102845,2026-07-07 04:40:44.945403,CUST-10695,2.99,Spain,Credit Card,Web,8,3,0,4,0
TX-102846,2026-08-16 02:30:44.945403,CUST-10583,9.99,Germany,Carrier Billing,Web,11,5,1,2,0
TX-102847,2026-06-29 20:09:44.945403,CUST-10983,4.99,Spain,Credit Card,Android,12,7,1,20,0
TX-102848,2026-08-07 17:42:44.945403,CUST-10993,14.99,Germany,Credit Card,Web,2,3,1,17,0
TX-102849,2026-08-02 11:02:44.945403,CUST-10836,9.99,Spain,Carrier Billing,Web,1,5,0,11,0
TX-102850,2026-07-17 01:50:44.945403,CUST-10188,4.99,Germany,Mobile Wallet,Web,4,1,1,1,0
TX-102851,2026-06-18 11:17:44.945403,CUST-10989,9.99,United Kingdom,Mobile Wallet,iOS,5,4,1,11,0
TX-102852,2026-09-09 12:52:44.945403,CUST-10604,14.99,Spain,Mobile Wallet,Web,19,4,0,12,0
TX-102853,2026-08-01 04:14:44.945403,CUST-10752,9.99,Germany,Mobile Wallet,Web,14,8,1,4,1
TX-102854,2026-07-15 17:32:44.945403,CUST-10938,9.99,Pakistan,Credit Card,Android,7,5,0,17,0
TX-102855,2026-09-06 02:26:44.945403,CUST-10887,6.99,United Kingdom,Carrier Billing,Android,10,4,0,2,0
TX-102856,2026-08-05 10:08:44.945403,CUST-10086,4.99,Spain,Credit Card,Android,0,1,0,10,0
TX-102857,2026-06-16 09:02:44.945403,CUST-10668,19.99,Germany,Credit Card,Android,26,2,1,9,0
TX-102858,2026-08-11 01:14:44.945403,CUST-10232,2.99,France,Mobile Wallet,Web,2,4,1,1,0
TX-102859,2026-06-30 10:27:44.945403,CUST-10528,14.99,Germany,Credit Card,Android,28,8,0,10,0
TX-102860,2026-08-06 15:25:44.945403,CUST-10553,9.99,France,Mobile Wallet,iOS,9,3,0,15,0
TX-102861,2026-06-12 21:20:44.945403,CUST-10337,14.99,Spain,Carrier Billing,Web,5,4,1,21,0
TX-102862,2026-06-14 16:12:44.945403,CUST-10583,9.99,Germany,Credit Card,Web,30,2,1,16,0
TX-102863,2026-08-07 07:54:44.945403,CUST-10410,4.99,United Kingdom,Mobile Wallet,Android,20,6,1,7,0
TX-102864,2026-08-30 21:29:44.945403,CUST-10004,2.99,Germany,Mobile Wallet,iOS,7,1,1,21,0
TX-102865,2026-07-19 02:05:44.945403,CUST-10102,14.99,Germany,Mobile Wallet,iOS,15,3,1,2,0
TX-102866,2026-06-12 11:13:44.945403,CUST-10317,4.99,France,Credit Card,iOS,3,3,1,11,0
TX-102867,2026-06-18 11:00:44.945403,CUST-10672,4.99,Germany,Mobile Wallet,Web,10,7,0,11,0
TX-102868,2026-07-27 00:30:44.945403,CUST-10501,9.99,Spain,Mobile Wallet,Android,2,8,1,0,1
TX-102869,2026-07-19 23:56:44.945403,CUST-10088,14.99,Spain,Carrier Billing,Android,22,6,0,23,0
TX-102870,2026-07-28 18:57:44.945403,CUST-10495,4.99,Spain,Credit Card,Android,6,5,0,18,0
TX-102871,2026-08-28 09:17:44.945403,CUST-10317,6.99,Germany,Credit Card,Web,19,1,1,9,0
TX-102872,2026-06-14 04:36:44.945403,CUST-10454,19.99,United Kingdom,Credit Card,Android,24,4,1,4,0
TX-102873,2026-09-03 20:52:44.945403,CUST-10991,2.99,Germany,Credit Card,iOS,2,2,1,20,0
TX-102874,2026-09-08 19:49:44.945403,CUST-10940,19.99,United Kingdom,Credit Card,Android,15,4,0,19,0
TX-102875,2026-08-04 20:09:44.945403,CUST-10355,2.99,France,Credit Card,iOS,6,5,0,20,0
TX-102876,2026-06-18 12:49:44.945403,CUST-10571,6.99,United Kingdom,Carrier Billing,iOS,11,2,0,12,0
TX-102877,2026-08-26 20:59:44.945403,CUST-10462,6.99,France,Mobile Wallet,Web,12,6,0,20,0
TX-102878,2026-06-22 12:03:44.945403,CUST-10943,9.99,Pakistan,Mobile Wallet,iOS,26,8,0,12,0
TX-102879,2026-06-12 21:14:44.945403,CUST-10601,4.99,Pakistan,Mobile Wallet,iOS,10,5,0,21,0
TX-102880,2026-09-09 11:40:44.945403,CUST-10018,4.99,United Kingdom,Mobile Wallet,Web,4,3,0,11,0
TX-102881,2026-06-14 01:15:44.945403,CUST-10697,4.99,United Kingdom,Credit Card,iOS,24,3,0,1,0
TX-102882,2026-07-15 16:37:44.945403,CUST-10937,14.99,United Kingdom,Credit Card,Web,30,5,0,16,0
TX-102883,2026-07-30 11:27:44.945403,CUST-10553,2.99,Spain,Credit Card,iOS,5,6,0,11,0
TX-102884,2026-07-16 15:19:44.945403,CUST-10289,19.99,Germany,Mobile Wallet,Web,6,4,0,15,0
TX-102885,2026-07-19 20:37:44.945403,CUST-10135,4.99,Pakistan,Carrier Billing,Web,14,5,1,20,0
TX-102886,2026-07-27 15:39:44.945403,CUST-10929,14.99,Pakistan,Credit Card,iOS,1,8,0,15,1
TX-102887,2026-06-15 14:09:44.945403,CUST-10695,19.99,Pakistan,Mobile Wallet,Web,19,2,1,14,0
TX-102888,2026-06-19 00:48:44.945403,CUST-10094,4.99,Spain,Credit Card,iOS,3,2,1,0,0
TX-102889,2026-08-01 05:46:44.945403,CUST-10346,14.99,Pakistan,Credit Card,Android,25,7,0,5,0
TX-102890,2026-06-22 17:09:44.945403,CUST-10114,14.99,Germany,Carrier Billing,iOS,14,3,0,17,0
TX-102891,2026-07-02 09:59:44.945403,CUST-10615,9.99,Pakistan,Credit Card,iOS,30,5,1,9,0
TX-102892,2026-07-08 19:44:44.945403,CUST-10491,19.99,Pakistan,Mobile Wallet,Web,28,3,0,19,0
TX-102893,2026-08-19 04:29:44.945403,CUST-10065,6.99,Germany,Mobile Wallet,Android,26,6,0,4,0
TX-102894,2026-07-20 04:42:44.945403,CUST-10897,9.99,Germany,Credit Card,Android,27,7,0,4,0
TX-102895,2026-08-14 20:31:44.945403,CUST-10777,14.99,Germany,Carrier Billing,iOS,7,1,0,20,0
TX-102896,2026-06-18 13:28:44.945403,CUST-10757,14.99,France,Carrier Billing,Android,11,8,1,13,1
TX-102897,2026-09-02 09:34:44.945403,CUST-10397,14.99,Germany,Carrier Billing,iOS,29,1,1,9,0
TX-102898,2026-07-17 22:06:44.945403,CUST-10405,4.99,Germany,Carrier Billing,iOS,1,3,0,22,0
TX-102899,2026-07-20 21:33:44.945403,CUST-10272,2.99,United Kingdom,Mobile Wallet,Web,3,1,0,21,0
TX-102900,2026-08-04 18:34:44.945403,CUST-10121,4.99,Pakistan,Mobile Wallet,Android,20,1,0,18,0
TX-102901,2026-06-13 23:26:44.945403,CUST-10622,6.99,France,Carrier Billing,Web,6,8,1,23,1
TX-102902,2026-08-14 05:13:44.945403,CUST-10611,6.99,Spain,Carrier Billing,Web,20,3,1,5,0
TX-102903,2026-08-07 14:06:44.945403,CUST-10733,14.99,Germany,Carrier Billing,Android,27,8,1,14,1
TX-102904,2026-09-06 02:25:44.945403,CUST-10504,6.99,France,Credit Card,iOS,20,3,0,2,0
TX-102905,2026-08-18 20:44:44.945403,CUST-10570,14.99,France,Mobile Wallet,iOS,29,6,0,20,0
TX-102906,2026-06-23 04:11:44.945403,CUST-10570,2.99,United Kingdom,Carrier Billing,Web,17,7,1,4,0
TX-102907,2026-07-30 01:00:44.945403,CUST-10216,6.99,France,Credit Card,iOS,12,3,0,1,0
TX-102908,2026-08-13 06:44:44.945403,CUST-10379,4.99,Pakistan,Credit Card,Web,15,1,1,6,0
TX-102909,2026-07-16 10:24:44.945403,CUST-10012,4.99,Germany,Carrier Billing,iOS,26,3,1,10,0
TX-102910,2026-06-14 15:07:44.945403,CUST-10458,2.99,France,Credit Card,Web,4,7,1,15,0
TX-102911,2026-06-29 18:19:44.945403,CUST-10361,2.99,France,Mobile Wallet,iOS,0,2,1,18,0
TX-102912,2026-08-12 19:58:44.945403,CUST-10004,2.99,Germany,Carrier Billing,Web,23,2,1,19,0
TX-102913,2026-06-20 09:38:44.945403,CUST-10323,9.99,Pakistan,Credit Card,Web,14,1,1,9,0
TX-102914,2026-07-05 03:01:44.945403,CUST-10309,2.99,Spain,Carrier Billing,Web,10,5,1,3,0
TX-102915,2026-06-17 00:12:44.945403,CUST-10726,9.99,France,Mobile Wallet,Web,11,4,0,0,0
TX-102916,2026-07-10 23:18:44.945403,CUST-10711,9.99,United Kingdom,Carrier Billing,iOS,23,8,0,23,0
TX-102917,2026-08-17 18:54:44.945403,CUST-10081,19.99,United Kingdom,Mobile Wallet,Web,17,7,1,18,1
TX-102918,2026-09-05 02:50:44.945403,CUST-10307,19.99,Germany,Mobile Wallet,Android,13,6,1,2,0
TX-102919,2026-08-01 06:10:44.945403,CUST-10240,4.99,France,Mobile Wallet,Web,15,5,1,6,0
TX-102920,2026-09-06 18:25:44.945403,CUST-10007,6.99,Germany,Carrier Billing,Android,7,8,1,18,1
TX-102921,2026-06-19 22:18:44.945403,CUST-10555,6.99,Spain,Carrier Billing,Web,3,3,0,22,0
TX-102922,2026-07-14 14:42:44.945403,CUST-10442,9.99,Spain,Carrier Billing,Android,27,3,1,14,0
TX-102923,2026-08-12 23:43:44.945403,CUST-10136,4.99,United Kingdom,Credit Card,iOS,8,1,0,23,0
TX-102924,2026-09-03 17:42:44.945403,CUST-10136,6.99,Spain,Carrier Billing,iOS,29,8,1,17,1
TX-102925,2026-08-04 21:34:44.945403,CUST-10668,4.99,France,Carrier Billing,iOS,15,4,0,21,0
TX-102926,2026-07-30 13:04:44.945403,CUST-10888,6.99,Spain,Carrier Billing,Android,7,3,0,13,0
TX-102927,2026-07-04 17:38:44.945403,CUST-10705,2.99,Pakistan,Credit Card,Web,6,4,0,17,0
TX-102928,2026-07-08 13:20:44.945403,CUST-10141,4.99,France,Credit Card,Web,2,3,0,13,0
TX-102929,2026-07-25 20:15:44.945403,CUST-10339,6.99,Pakistan,Credit Card,iOS,22,6,0,20,0
TX-102930,2026-06-17 02:18:44.945403,CUST-10936,9.99,France,Credit Card,Web,22,2,0,2,0
TX-102931,2026-07-01 23:36:44.945403,CUST-10127,2.99,Pakistan,Mobile Wallet,iOS,25,5,0,23,0
TX-102932,2026-06-25 22:32:44.945403,CUST-10188,9.99,Spain,Carrier Billing,iOS,14,8,1,22,1
TX-102933,2026-09-05 08:19:44.945403,CUST-10077,9.99,United Kingdom,Mobile Wallet,Android,30,7,1,8,0
TX-102934,2026-08-17 07:29:44.945403,CUST-10489,2.99,Germany,Carrier Billing,Android,17,6,0,7,0
TX-102935,2026-08-23 10:51:44.945403,CUST-10035,6.99,United Kingdom,Credit Card,Android,19,5,0,10,0
TX-102936,2026-06-19 13:48:44.945403,CUST-10745,2.99,Germany,Mobile Wallet,iOS,23,1,0,13,0
TX-102937,2026-07-06 10:54:44.945403,CUST-10018,19.99,Germany,Credit Card,iOS,16,3,1,10,0
TX-102938,2026-06-24 09:23:44.945403,CUST-10380,14.99,Pakistan,Credit Card,Android,0,1,0,9,0
TX-102939,2026-06-29 05:34:44.945403,CUST-10824,14.99,France,Mobile Wallet,iOS,28,5,1,5,0
TX-102940,2026-07-07 14:09:44.945403,CUST-10587,9.99,France,Credit Card,Web,15,4,0,14,0
TX-102941,2026-07-01 15:51:44.945403,CUST-10601,19.99,United Kingdom,Mobile Wallet,iOS,23,5,0,15,0
TX-102942,2026-09-03 00:58:44.945403,CUST-10723,14.99,Germany,Carrier Billing,Web,23,6,1,0,0
TX-102943,2026-07-07 12:46:44.945403,CUST-10611,19.99,Spain,Carrier Billing,iOS,24,7,1,12,1
TX-102944,2026-06-23 20:25:44.945403,CUST-10763,4.99,United Kingdom,Credit Card,iOS,3,3,0,20,0
TX-102945,2026-07-31 17:46:44.945403,CUST-10599,19.99,United Kingdom,Mobile Wallet,Android,21,2,1,17,0
TX-102946,2026-08-02 01:04:44.945403,CUST-10955,6.99,Spain,Credit Card,Android,0,2,0,1,0
TX-102947,2026-07-21 15:02:44.945403,CUST-10759,19.99,Spain,Carrier Billing,Android,26,5,1,15,0
TX-102948,2026-08-26 02:30:44.945403,CUST-10910,19.99,Spain,Credit Card,iOS,22,8,1,2,1
TX-102949,2026-07-28 14:03:44.945403,CUST-10792,14.99,United Kingdom,Carrier Billing,Android,6,8,1,14,1
TX-102950,2026-08-10 16:20:44.945403,CUST-10559,6.99,Pakistan,Credit Card,Web,1,7,0,16,0
TX-102951,2026-06-30 01:17:44.945403,CUST-10714,19.99,France,Mobile Wallet,Web,11,7,1,1,1
TX-102952,2026-09-09 00:22:44.945403,CUST-10588,14.99,United Kingdom,Credit Card,iOS,0,6,1,0,0
TX-102953,2026-08-07 14:39:44.945403,CUST-10275,14.99,Germany,Carrier Billing,Web,17,4,0,14,0
TX-102954,2026-08-28 23:02:44.945403,CUST-10940,9.99,Spain,Carrier Billing,iOS,25,2,0,23,0
TX-102955,2026-06-17 06:11:44.945403,CUST-10587,4.99,Germany,Carrier Billing,iOS,12,3,0,6,0
TX-102956,2026-07-11 05:22:44.945403,CUST-10364,6.99,Germany,Mobile Wallet,Web,13,5,1,5,0
TX-102957,2026-09-04 05:08:44.945403,CUST-10535,9.99,France,Credit Card,iOS,28,8,1,5,1
TX-102958,2026-09-07 18:55:44.945403,CUST-10176,6.99,Germany,Credit Card,iOS,0,1,0,18,0
TX-102959,2026-07-22 11:43:44.945403,CUST-10345,14.99,Germany,Mobile Wallet,Android,9,1,1,11,0
TX-102960,2026-07-16 16:22:44.945403,CUST-10361,6.99,France,Carrier Billing,Android,5,5,1,16,0
TX-102961,2026-08-20 22:16:44.945403,CUST-10524,14.99,United Kingdom,Credit Card,iOS,0,3,0,22,0
TX-102962,2026-07-18 20:37:44.945403,CUST-10934,14.99,Germany,Carrier Billing,Web,24,4,1,20,0
TX-102963,2026-08-29 19:05:44.945403,CUST-10042,19.99,Pakistan,Credit Card,Android,30,4,1,19,0
TX-102964,2026-08-31 03:03:44.945403,CUST-10637,6.99,France,Carrier Billing,Android,16,7,0,3,0
TX-102965,2026-08-23 10:17:44.945403,CUST-10710,6.99,Pakistan,Mobile Wallet,Web,23,4,0,10,0
TX-102966,2026-08-21 13:36:44.945403,CUST-10893,6.99,Pakistan,Carrier Billing,iOS,21,1,1,13,0
TX-102967,2026-08-25 19:52:44.945403,CUST-10621,9.99,United Kingdom,Credit Card,Web,28,8,0,19,0
TX-102968,2026-07-12 11:55:44.945403,CUST-10156,14.99,France,Carrier Billing,Android,11,7,1,11,0
TX-102969,2026-07-09 01:19:44.945403,CUST-10325,2.99,Germany,Carrier Billing,iOS,24,7,1,1,1
TX-102970,2026-07-28 05:25:44.945403,CUST-10997,2.99,United Kingdom,Credit Card,iOS,20,4,1,5,0
TX-102971,2026-08-31 16:59:44.945403,CUST-10344,14.99,United Kingdom,Carrier Billing,Android,21,7,0,16,0
TX-102972,2026-08-07 00:22:44.945403,CUST-10256,6.99,Spain,Mobile Wallet,Android,25,4,0,0,0
TX-102973,2026-07-30 03:18:44.945403,CUST-10614,4.99,France,Mobile Wallet,iOS,19,1,1,3,0
TX-102974,2026-07-10 06:29:44.945403,CUST-10157,2.99,Spain,Carrier Billing,Web,23,8,1,6,1
TX-102975,2026-07-30 07:59:44.945403,CUST-10447,9.99,France,Mobile Wallet,iOS,30,2,1,7,0
TX-102976,2026-09-01 17:12:44.945403,CUST-10435,19.99,France,Mobile Wallet,Web,23,3,0,17,1
TX-102977,2026-07-29 08:49:44.945403,CUST-10772,19.99,Spain,Mobile Wallet,iOS,25,7,1,8,1
TX-102978,2026-07-20 02:39:44.945403,CUST-10162,4.99,Spain,Carrier Billing,iOS,0,6,1,2,0
TX-102979,2026-08-19 17:39:44.945403,CUST-10286,4.99,Germany,Credit Card,iOS,9,4,0,17,0
TX-102980,2026-07-22 05:16:44.945403,CUST-10197,19.99,Pakistan,Credit Card,iOS,5,4,0,5,0
TX-102981,2026-09-09 05:08:44.945403,CUST-10831,14.99,Pakistan,Credit Card,Web,16,3,1,5,0
TX-102982,2026-08-31 12:48:44.945403,CUST-10390,6.99,France,Mobile Wallet,iOS,13,1,1,12,0
TX-102983,2026-07-03 07:08:44.945403,CUST-10136,9.99,Spain,Carrier Billing,Web,15,2,1,7,0
TX-102984,2026-09-05 22:45:44.945403,CUST-10593,2.99,Spain,Carrier Billing,Android,15,1,0,22,0
TX-102985,2026-08-23 08:40:44.945403,CUST-10781,9.99,France,Credit Card,Web,17,8,0,8,0
TX-102986,2026-08-01 02:48:44.945403,CUST-10287,9.99,Germany,Mobile Wallet,iOS,22,5,0,2,0
TX-102987,2026-07-22 09:01:44.945403,CUST-10430,9.99,France,Credit Card,Android,18,2,0,9,0
TX-102988,2026-08-19 00:37:44.945403,CUST-10215,9.99,United Kingdom,Carrier Billing,iOS,18,2,1,0,0
TX-102989,2026-06-17 03:24:44.945403,CUST-10571,14.99,France,Credit Card,Web,19,7,0,3,0
TX-102990,2026-07-31 21:52:44.945403,CUST-10215,14.99,France,Mobile Wallet,Web,14,7,0,21,0
TX-102991,2026-08-29 05:57:44.945403,CUST-10159,2.99,Germany,Credit Card,Android,4,4,1,5,0
TX-102992,2026-06-28 06:38:44.945403,CUST-10117,19.99,United Kingdom,Carrier Billing,Web,27,6,0,6,0
TX-102993,2026-08-24 08:03:44.945403,CUST-10559,2.99,Spain,Mobile Wallet,Web,25,7,0,8,0
TX-102994,2026-06-24 00:51:44.945403,CUST-10835,2.99,Germany,Carrier Billing,iOS,12,1,0,0,0
TX-102995,2026-08-04 04:58:44.945403,CUST-10135,4.99,Germany,Carrier Billing,Web,17,3,1,4,0
TX-102996,2026-09-01 04:20:44.945403,CUST-10236,4.99,France,Mobile Wallet,Web,21,7,1,4,0
TX-102997,2026-07-23 04:34:44.945403,CUST-10943,2.99,Spain,Mobile Wallet,iOS,1,7,1,4,1
TX-102998,2026-07-28 08:54:44.945403,CUST-10628,9.99,United Kingdom,Mobile Wallet,Android,6,6,1,8,0
TX-102999,2026-06-13 01:31:44.945403,CUST-10819,9.99,Germany,Carrier Billing,Web,3,3,0,1,0
TX-103000,2026-07-11 19:50:44.945403,CUST-10348,19.99,Pakistan,Mobile Wallet,iOS,14,1,1,19,0
TX-103001,2026-06-20 09:02:44.945403,CUST-10537,9.99,United Kingdom,Mobile Wallet,Web,28,4,1,9,0
TX-103002,2026-07-07 08:32:44.945403,CUST-10269,2.99,France,Credit Card,Web,17,4,0,8,0
TX-103003,2026-07-10 04:43:44.945403,CUST-10065,6.99,Germany,Carrier Billing,Web,29,2,0,4,0
TX-103004,2026-09-08 20:31:44.945403,CUST-10663,6.99,Pakistan,Carrier Billing,iOS,17,8,0,20,0
TX-103005,2026-08-19 03:02:44.945403,CUST-10402,14.99,United Kingdom,Carrier Billing,Web,1,8,1,3,1
TX-103006,2026-07-30 19:12:44.945403,CUST-10054,4.99,Spain,Mobile Wallet,iOS,25,5,1,19,0
TX-103007,2026-07-08 10:14:44.945403,CUST-10269,9.99,Germany,Mobile Wallet,iOS,0,4,1,10,0
TX-103008,2026-07-20 17:55:44.945403,CUST-10976,6.99,Pakistan,Carrier Billing,iOS,6,3,1,17,0
TX-103009,2026-08-19 21:14:44.945403,CUST-10510,14.99,Spain,Carrier Billing,iOS,18,8,1,21,1
TX-103010,2026-09-03 07:44:44.945403,CUST-10164,14.99,Spain,Mobile Wallet,iOS,7,2,1,7,0
TX-103011,2026-08-21 07:24:44.945403,CUST-10760,4.99,Pakistan,Carrier Billing,Web,26,2,1,7,0
TX-103012,2026-09-03 18:09:44.945403,CUST-10722,19.99,France,Mobile Wallet,Android,26,4,0,18,0
TX-103013,2026-06-20 02:10:44.945403,CUST-10384,19.99,France,Carrier Billing,Web,11,5,0,2,0
TX-103014,2026-08-23 09:49:44.945403,CUST-10398,2.99,Germany,Carrier Billing,iOS,9,7,1,9,0
TX-103015,2026-07-17 05:49:44.945403,CUST-10180,19.99,Pakistan,Credit Card,Web,20,6,1,5,0
TX-103016,2026-09-03 17:45:44.945403,CUST-10642,9.99,France,Mobile Wallet,Web,3,7,0,17,0
TX-103017,2026-07-12 12:00:44.945403,CUST-10013,4.99,Spain,Carrier Billing,Web,21,2,1,12,0
TX-103018,2026-06-18 09:23:44.945403,CUST-10661,6.99,Pakistan,Carrier Billing,iOS,26,5,1,9,0
TX-103019,2026-08-31 19:22:44.945403,CUST-10059,19.99,United Kingdom,Credit Card,Web,6,8,1,19,1
TX-103020,2026-08-17 20:13:44.945403,CUST-10131,14.99,Spain,Mobile Wallet,iOS,9,4,0,20,0
TX-103021,2026-06-14 11:10:44.945403,CUST-10831,4.99,Germany,Mobile Wallet,iOS,29,1,1,11,0
TX-103022,2026-06-28 21:24:44.945403,CUST-10119,14.99,Spain,Credit Card,iOS,14,8,0,21,0
TX-103023,2026-07-16 05:18:44.945403,CUST-10425,9.99,Germany,Carrier Billing,Android,4,6,1,5,0
TX-103024,2026-07-07 03:34:44.945403,CUST-10178,2.99,Spain,Carrier Billing,Android,21,4,1,3,0
TX-103025,2026-07-31 09:23:44.945403,CUST-10040,2.99,Spain,Mobile Wallet,iOS,13,4,1,9,0
TX-103026,2026-08-07 00:49:44.945403,CUST-10758,2.99,Pakistan,Credit Card,iOS,19,2,1,0,0
TX-103027,2026-07-09 13:34:44.945403,CUST-10282,9.99,Pakistan,Credit Card,iOS,0,3,0,13,0
TX-103028,2026-08-28 23:37:44.945403,CUST-10358,2.99,Germany,Credit Card,iOS,29,6,1,23,0
TX-103029,2026-06-24 14:36:44.945403,CUST-10889,9.99,Pakistan,Carrier Billing,Web,12,4,1,14,0
TX-103030,2026-07-16 09:48:44.945403,CUST-10223,2.99,United Kingdom,Mobile Wallet,iOS,23,7,1,9,0
TX-103031,2026-08-19 20:15:44.945403,CUST-10161,19.99,Spain,Credit Card,Web,14,7,1,20,1
TX-103032,2026-07-09 00:54:44.945403,CUST-10622,2.99,Pakistan,Carrier Billing,Web,10,1,0,0,0
TX-103033,2026-07-12 07:18:44.945403,CUST-10351,2.99,Spain,Credit Card,iOS,29,5,1,7,0
TX-103034,2026-06-28 06:59:44.945403,CUST-10546,14.99,Spain,Mobile Wallet,Android,9,8,0,6,0
TX-103035,2026-06-17 20:56:44.945403,CUST-10258,6.99,France,Credit Card,Web,23,2,1,20,0
TX-103036,2026-07-08 11:18:44.945403,CUST-10594,4.99,Spain,Credit Card,Android,3,5,1,11,0
TX-103037,2026-07-24 07:44:44.945403,CUST-10603,6.99,Spain,Carrier Billing,Android,27,1,1,7,0
TX-103038,2026-07-11 04:27:44.945403,CUST-10292,4.99,Germany,Credit Card,Web,13,7,0,4,0
TX-103039,2026-06-16 13:37:44.945403,CUST-10715,14.99,France,Mobile Wallet,Android,1,2,1,13,0
TX-103040,2026-06-19 15:54:44.945403,CUST-10319,4.99,United Kingdom,Carrier Billing,iOS,2,2,1,15,0
TX-103041,2026-07-25 16:07:44.945403,CUST-10547,9.99,Spain,Mobile Wallet,Android,30,1,1,16,0
TX-103042,2026-06-18 22:05:44.945403,CUST-10561,9.99,Pakistan,Carrier Billing,Web,21,7,1,22,0
TX-103043,2026-06-23 14:03:44.945403,CUST-10338,9.99,Pakistan,Credit Card,Web,17,1,0,14,0
TX-103044,2026-08-25 16:09:44.945403,CUST-10592,19.99,Spain,Carrier Billing,Web,2,6,1,16,0
TX-103045,2026-08-18 11:44:44.945403,CUST-10200,2.99,Germany,Carrier Billing,Android,5,4,0,11,0
TX-103046,2026-07-27 13:36:44.945403,CUST-10442,6.99,France,Mobile Wallet,Android,21,6,0,13,0
TX-103047,2026-08-18 07:03:44.945403,CUST-10097,2.99,France,Carrier Billing,Android,12,7,1,7,0
TX-103048,2026-07-10 12:44:44.945403,CUST-10077,6.99,France,Mobile Wallet,Web,18,3,0,12,0
TX-103049,2026-08-29 03:02:44.945403,CUST-10411,9.99,Spain,Carrier Billing,Web,16,3,0,3,0
TX-103050,2026-06-24 07:00:44.945403,CUST-10284,2.99,Pakistan,Credit Card,Android,27,3,0,7,0
TX-103051,2026-06-16 03:37:44.945403,CUST-10381,9.99,Spain,Mobile Wallet,Android,3,1,0,3,0
TX-103052,2026-06-30 18:20:44.945403,CUST-10262,14.99,France,Carrier Billing,Android,18,2,0,18,0
TX-103053,2026-06-27 17:19:44.945403,CUST-10372,4.99,United Kingdom,Credit Card,Android,25,4,0,17,0
TX-103054,2026-08-05 06:14:44.945403,CUST-10260,6.99,Germany,Mobile Wallet,iOS,10,3,0,6,0
TX-103055,2026-07-27 10:06:44.945403,CUST-10409,6.99,France,Mobile Wallet,iOS,13,1,0,10,0
TX-103056,2026-07-28 11:00:44.945403,CUST-10440,9.99,Spain,Credit Card,Android,23,1,1,11,0
TX-103057,2026-08-19 03:42:44.945403,CUST-10464,19.99,Germany,Mobile Wallet,Android,8,6,0,3,0
TX-103058,2026-08-26 10:31:44.945403,CUST-10237,6.99,Germany,Carrier Billing,iOS,22,3,1,10,0
TX-103059,2026-07-18 15:42:44.945403,CUST-10379,6.99,United Kingdom,Carrier Billing,iOS,15,7,0,15,0
TX-103060,2026-07-04 06:33:44.945403,CUST-10893,19.99,United Kingdom,Carrier Billing,Web,29,7,1,6,1
TX-103061,2026-07-06 02:55:44.945403,CUST-10484,6.99,Spain,Carrier Billing,iOS,27,6,0,2,0
TX-103062,2026-07-22 01:04:44.945403,CUST-10796,6.99,Germany,Credit Card,Web,10,4,1,1,0
TX-103063,2026-08-03 16:47:44.945403,CUST-10715,19.99,Germany,Carrier Billing,Web,28,6,0,16,0
TX-103064,2026-06-30 07:00:44.945403,CUST-10898,19.99,Germany,Credit Card,Web,4,5,0,7,0
TX-103065,2026-06-19 07:13:44.945403,CUST-10160,19.99,Germany,Mobile Wallet,Web,29,7,0,7,0
TX-103066,2026-07-31 15:35:44.945403,CUST-10953,4.99,France,Credit Card,Android,30,5,1,15,0
TX-103067,2026-07-27 09:15:44.945403,CUST-10767,9.99,Spain,Mobile Wallet,Web,0,7,0,9,0
TX-103068,2026-07-30 20:41:44.945403,CUST-10150,6.99,United Kingdom,Credit Card,Web,20,4,0,20,0
TX-103069,2026-07-14 02:55:44.945403,CUST-10881,4.99,United Kingdom,Carrier Billing,Android,12,4,1,2,0
TX-103070,2026-07-04 03:24:44.945403,CUST-10023,9.99,Spain,Credit Card,Android,12,1,1,3,0
TX-103071,2026-08-21 09:34:44.945403,CUST-10850,2.99,Pakistan,Credit Card,Web,19,7,1,9,0
TX-103072,2026-09-02 02:59:44.945403,CUST-10728,2.99,United Kingdom,Carrier Billing,iOS,23,5,0,2,0
TX-103073,2026-09-08 23:39:44.945403,CUST-10125,6.99,Germany,Carrier Billing,Web,24,5,1,23,0
TX-103074,2026-07-11 06:49:44.945403,CUST-10657,6.99,Spain,Mobile Wallet,Web,26,3,1,6,0
TX-103075,2026-07-08 20:19:44.945403,CUST-10352,9.99,Spain,Carrier Billing,Web,3,8,0,20,0
TX-103076,2026-08-04 02:39:44.945403,CUST-10881,14.99,France,Carrier Billing,Android,12,5,0,2,0
TX-103077,2026-06-21 20:28:44.945403,CUST-10185,19.99,Germany,Mobile Wallet,iOS,22,5,1,20,0
TX-103078,2026-07-19 04:11:44.945403,CUST-10462,19.99,Pakistan,Credit Card,Web,28,4,0,4,0
TX-103079,2026-08-05 11:25:44.945403,CUST-10113,2.99,Pakistan,Credit Card,Android,5,6,0,11,0
TX-103080,2026-08-21 11:53:44.945403,CUST-10735,4.99,United Kingdom,Mobile Wallet,iOS,23,1,0,11,0
TX-103081,2026-07-02 22:31:44.945403,CUST-10278,6.99,Spain,Credit Card,Web,13,8,0,22,0
TX-103082,2026-07-06 18:17:44.945403,CUST-10546,2.99,France,Carrier Billing,Web,17,5,0,18,0
TX-103083,2026-09-06 18:47:44.945403,CUST-10072,9.99,Germany,Mobile Wallet,Android,1,2,1,18,0
TX-103084,2026-06-20 03:38:44.945403,CUST-10106,9.99,Pakistan,Credit Card,Web,20,2,0,3,0
TX-103085,2026-07-10 05:07:44.945403,CUST-10671,4.99,Pakistan,Carrier Billing,Web,17,7,1,5,0
TX-103086,2026-07-18 15:31:44.945403,CUST-10937,14.99,Pakistan,Mobile Wallet,Android,28,1,0,15,0
TX-103087,2026-06-22 23:01:44.945403,CUST-10977,4.99,France,Mobile Wallet,Web,29,6,1,23,0
TX-103088,2026-08-31 16:44:44.945403,CUST-10159,2.99,Spain,Credit Card,Android,2,7,0,16,0
TX-103089,2026-08-02 07:49:44.945403,CUST-10687,2.99,Germany,Mobile Wallet,Android,6,7,0,7,0
TX-103090,2026-08-22 12:12:44.945403,CUST-10492,2.99,Pakistan,Credit Card,Android,6,3,0,12,0
TX-103091,2026-07-10 00:30:44.945403,CUST-10948,2.99,Spain,Credit Card,iOS,21,1,0,0,0
TX-103092,2026-07-29 06:08:44.945403,CUST-10568,19.99,Pakistan,Credit Card,Android,3,3,1,6,0
TX-103093,2026-07-09 01:52:44.945403,CUST-10324,4.99,Germany,Mobile Wallet,Android,24,4,1,1,0
TX-103094,2026-07-28 06:48:44.945403,CUST-10377,9.99,Germany,Credit Card,iOS,6,2,0,6,0
TX-103095,2026-09-07 14:23:44.945403,CUST-10081,2.99,Germany,Credit Card,Web,3,7,0,14,0
TX-103096,2026-07-07 21:53:44.945403,CUST-10173,4.99,Spain,Carrier Billing,iOS,9,1,0,21,0
TX-103097,2026-06-19 08:32:44.945403,CUST-10942,6.99,Spain,Credit Card,Android,13,7,0,8,0
TX-103098,2026-07-18 20:35:44.945403,CUST-10561,6.99,France,Credit Card,Android,10,3,1,20,0
TX-103099,2026-09-01 04:14:44.945403,CUST-10076,2.99,Spain,Mobile Wallet,iOS,9,8,0,4,0
TX-103100,2026-07-24 07:42:44.945403,CUST-10597,14.99,United Kingdom,Mobile Wallet,Web,8,6,1,7,0
TX-103101,2026-07-07 13:17:44.945403,CUST-10518,14.99,United Kingdom,Carrier Billing,Android,0,6,0,13,0
TX-103102,2026-08-08 01:52:44.945403,CUST-10717,19.99,France,Credit Card,iOS,11,7,0,1,1
TX-103103,2026-08-21 16:44:44.945403,CUST-10516,6.99,Spain,Carrier Billing,iOS,20,2,1,16,0
TX-103104,2026-07-18 15:32:44.945403,CUST-10136,19.99,France,Credit Card,iOS,0,5,1,15,0
TX-103105,2026-07-25 05:16:44.945403,CUST-10023,19.99,Pakistan,Carrier Billing,iOS,27,5,0,5,0
TX-103106,2026-06-12 07:39:44.945403,CUST-10838,9.99,United Kingdom,Mobile Wallet,iOS,27,3,1,7,0
TX-103107,2026-08-14 14:39:44.945403,CUST-10524,9.99,Pakistan,Carrier Billing,Android,30,7,1,14,0
TX-103108,2026-06-17 05:24:44.945403,CUST-10688,6.99,Pakistan,Credit Card,Android,17,3,0,5,0
TX-103109,2026-06-27 04:37:44.945403,CUST-10196,14.99,Pakistan,Carrier Billing,iOS,27,3,0,4,0
TX-103110,2026-08-01 02:51:44.945403,CUST-10151,4.99,Spain,Mobile Wallet,Android,9,1,1,2,0
TX-103111,2026-08-29 17:03:44.945403,CUST-10159,14.99,Spain,Credit Card,Web,18,5,0,17,1
TX-103112,2026-06-20 06:05:44.945403,CUST-10039,19.99,United Kingdom,Credit Card,iOS,19,2,0,6,0
TX-103113,2026-08-22 00:18:44.945403,CUST-10104,19.99,Pakistan,Carrier Billing,iOS,21,1,1,0,0
TX-103114,2026-09-07 21:22:44.945403,CUST-10798,9.99,Spain,Carrier Billing,Web,16,3,0,21,0
TX-103115,2026-07-21 14:28:44.945403,CUST-10296,2.99,France,Credit Card,Web,1,8,0,14,1
TX-103116,2026-09-04 04:47:44.945403,CUST-10553,2.99,Pakistan,Carrier Billing,iOS,3,5,1,4,0
TX-103117,2026-06-18 21:10:44.945403,CUST-10627,6.99,Spain,Mobile Wallet,Android,29,5,1,21,0
TX-103118,2026-07-19 04:10:44.945403,CUST-10819,9.99,France,Mobile Wallet,Web,4,1,0,4,0
TX-103119,2026-07-28 06:30:44.945403,CUST-10690,14.99,United Kingdom,Carrier Billing,Android,12,4,1,6,0
TX-103120,2026-09-02 22:24:44.945403,CUST-10572,19.99,Pakistan,Mobile Wallet,Android,14,2,0,22,0
TX-103121,2026-08-25 20:23:44.945403,CUST-10676,14.99,Germany,Credit Card,Android,26,7,0,20,0
TX-103122,2026-07-12 01:39:44.945403,CUST-10565,6.99,France,Credit Card,iOS,18,5,0,1,0
TX-103123,2026-07-07 04:23:44.945403,CUST-10191,14.99,Pakistan,Credit Card,Web,30,7,0,4,0
TX-103124,2026-07-14 13:24:44.945403,CUST-10915,4.99,United Kingdom,Mobile Wallet,Web,13,1,1,13,0
TX-103125,2026-06-16 06:25:44.945403,CUST-10397,6.99,Germany,Credit Card,Android,7,8,1,6,1
TX-103126,2026-09-01 04:48:44.945403,CUST-10044,2.99,Germany,Credit Card,Android,14,7,0,4,0
TX-103127,2026-07-19 22:13:44.945403,CUST-10679,14.99,Pakistan,Credit Card,Web,28,1,0,22,0
TX-103128,2026-08-08 15:45:44.945403,CUST-10020,14.99,France,Carrier Billing,iOS,23,7,0,15,0
TX-103129,2026-08-28 02:56:44.945403,CUST-10407,6.99,France,Credit Card,iOS,24,8,0,2,1
TX-103130,2026-08-30 15:08:44.945403,CUST-10831,2.99,United Kingdom,Credit Card,Web,5,4,0,15,0
TX-103131,2026-06-27 16:52:44.945403,CUST-10217,6.99,United Kingdom,Carrier Billing,Android,8,2,1,16,0
TX-103132,2026-07-09 20:57:44.945403,CUST-10113,19.99,France,Credit Card,Android,30,7,0,20,0
TX-103133,2026-07-12 14:59:44.945403,CUST-10322,9.99,France,Mobile Wallet,Android,12,3,1,14,0
TX-103134,2026-07-16 08:05:44.945403,CUST-10015,4.99,France,Carrier Billing,iOS,14,1,0,8,0
TX-103135,2026-07-01 05:36:44.945403,CUST-10226,19.99,Spain,Mobile Wallet,iOS,21,5,1,5,0
TX-103136,2026-07-02 02:01:44.945403,CUST-10868,2.99,France,Mobile Wallet,Web,29,3,1,2,0
TX-103137,2026-07-07 07:11:44.945403,CUST-10020,4.99,United Kingdom,Credit Card,iOS,5,2,1,7,0
TX-103138,2026-07-26 00:50:44.945403,CUST-10302,4.99,United Kingdom,Carrier Billing,Android,0,5,0,0,0
TX-103139,2026-07-31 03:37:44.945403,CUST-10949,4.99,Pakistan,Credit Card,Web,7,3,1,3,0
TX-103140,2026-06-30 23:06:44.945403,CUST-10486,2.99,Germany,Carrier Billing,Android,26,6,0,23,0
TX-103141,2026-06-22 21:06:44.945403,CUST-10859,4.99,United Kingdom,Carrier Billing,Web,1,5,1,21,1
TX-103142,2026-06-25 14:53:44.945403,CUST-10046,9.99,Pakistan,Mobile Wallet,Web,1,2,0,14,0
TX-103143,2026-07-01 02:52:44.945403,CUST-10382,14.99,Spain,Credit Card,Web,15,2,0,2,1
TX-103144,2026-08-09 16:01:44.945403,CUST-10022,4.99,United Kingdom,Mobile Wallet,iOS,13,2,1,16,0
TX-103145,2026-08-27 11:13:44.945403,CUST-10348,9.99,France,Mobile Wallet,iOS,2,6,1,11,0
TX-103146,2026-07-09 23:46:44.945403,CUST-10002,19.99,Germany,Mobile Wallet,Web,25,3,0,23,1
TX-103147,2026-08-23 02:52:44.945403,CUST-10798,6.99,Spain,Carrier Billing,Web,7,2,1,2,0
TX-103148,2026-07-24 12:28:44.945403,CUST-10476,14.99,Pakistan,Credit Card,iOS,12,5,1,12,0
TX-103149,2026-08-27 02:52:44.945403,CUST-10250,9.99,Pakistan,Mobile Wallet,Android,19,5,1,2,0
TX-103150,2026-08-06 18:26:44.945403,CUST-10716,2.99,Pakistan,Mobile Wallet,iOS,15,7,1,18,0
TX-103151,2026-07-12 19:14:44.945403,CUST-10059,6.99,Spain,Mobile Wallet,iOS,20,7,0,19,0
TX-103152,2026-08-22 04:40:44.945403,CUST-10589,4.99,United Kingdom,Carrier Billing,Web,20,6,1,4,0
TX-103153,2026-07-18 21:09:44.945403,CUST-10678,2.99,United Kingdom,Carrier Billing,Android,4,4,0,21,0
TX-103154,2026-07-17 10:13:44.945403,CUST-10489,19.99,United Kingdom,Mobile Wallet,iOS,0,7,1,10,1
TX-103155,2026-06-30 11:15:44.945403,CUST-10343,4.99,Spain,Carrier Billing,Android,21,8,0,11,0
TX-103156,2026-08-04 04:10:44.945403,CUST-10159,2.99,Spain,Credit Card,Web,16,5,1,4,0
TX-103157,2026-09-02 19:59:44.945403,CUST-10509,2.99,Pakistan,Credit Card,Android,19,5,0,19,0
TX-103158,2026-06-14 11:42:44.945403,CUST-10961,19.99,Spain,Credit Card,iOS,24,4,0,11,0
TX-103159,2026-08-14 20:20:44.945403,CUST-10714,2.99,Spain,Carrier Billing,iOS,13,6,1,20,0
TX-103160,2026-06-30 20:25:44.945403,CUST-10129,9.99,United Kingdom,Mobile Wallet,iOS,3,8,0,20,0
TX-103161,2026-07-27 02:05:44.945403,CUST-10422,6.99,United Kingdom,Carrier Billing,iOS,28,4,0,2,0
TX-103162,2026-06-20 19:24:44.945403,CUST-10797,6.99,Pakistan,Credit Card,iOS,5,7,1,19,0
TX-103163,2026-07-21 02:14:44.945403,CUST-10455,4.99,France,Carrier Billing,Android,15,3,1,2,0
TX-103164,2026-07-13 07:07:44.945403,CUST-10225,4.99,Germany,Credit Card,Web,12,6,1,7,0
TX-103165,2026-09-08 19:45:44.945403,CUST-10420,6.99,United Kingdom,Credit Card,Web,9,7,0,19,0
TX-103166,2026-08-24 23:03:44.945403,CUST-10821,14.99,France,Mobile Wallet,iOS,26,2,0,23,0
TX-103167,2026-08-07 18:54:44.945403,CUST-10141,6.99,Pakistan,Credit Card,Web,4,7,1,18,0
TX-103168,2026-09-04 09:32:44.945403,CUST-10341,2.99,Spain,Mobile Wallet,Android,27,7,0,9,0
TX-103169,2026-08-30 13:46:44.945403,CUST-10427,19.99,Germany,Carrier Billing,Web,30,4,1,13,0
TX-103170,2026-08-06 17:35:44.945403,CUST-10451,14.99,Spain,Credit Card,Web,28,5,0,17,0
TX-103171,2026-08-03 05:47:44.945403,CUST-10112,6.99,Germany,Mobile Wallet,iOS,28,1,0,5,0
TX-103172,2026-06-29 16:26:44.945403,CUST-10299,9.99,Germany,Mobile Wallet,Web,29,1,1,16,0
TX-103173,2026-09-08 08:55:44.945403,CUST-10504,19.99,United Kingdom,Credit Card,Android,11,2,1,8,0
TX-103174,2026-06-16 13:59:44.945403,CUST-10469,2.99,Spain,Carrier Billing,Web,19,3,0,13,0
TX-103175,2026-08-01 10:02:44.945403,CUST-10696,4.99,Spain,Carrier Billing,iOS,20,3,0,10,0
TX-103176,2026-08-14 10:54:44.945403,CUST-10720,6.99,France,Carrier Billing,Web,29,7,1,10,0
TX-103177,2026-08-17 06:54:44.945403,CUST-10455,2.99,Germany,Carrier Billing,iOS,20,4,0,6,0
TX-103178,2026-08-22 04:49:44.945403,CUST-10827,14.99,Germany,Carrier Billing,Android,3,2,0,4,0
TX-103179,2026-08-25 23:44:44.945403,CUST-10155,2.99,Pakistan,Mobile Wallet,Web,16,5,1,23,0
TX-103180,2026-08-25 05:31:44.945403,CUST-10259,14.99,Spain,Carrier Billing,Android,13,8,1,5,1
TX-103181,2026-08-22 18:16:44.945403,CUST-10521,4.99,United Kingdom,Mobile Wallet,iOS,15,2,0,18,0
TX-103182,2026-08-28 09:21:44.945403,CUST-10343,19.99,France,Mobile Wallet,iOS,28,7,0,9,0
TX-103183,2026-09-09 13:06:44.945403,CUST-10379,9.99,France,Mobile Wallet,Web,26,1,0,13,0
TX-103184,2026-06-25 02:32:44.945403,CUST-10267,14.99,France,Carrier Billing,Web,29,4,1,2,0
TX-103185,2026-08-10 07:13:44.945403,CUST-10992,2.99,Pakistan,Carrier Billing,iOS,9,7,0,7,0
TX-103186,2026-08-22 11:56:44.945403,CUST-10921,14.99,Pakistan,Mobile Wallet,Android,6,1,1,11,0
TX-103187,2026-06-18 01:22:44.945403,CUST-10062,6.99,Pakistan,Credit Card,Android,2,6,1,1,0
TX-103188,2026-07-28 04:23:44.945403,CUST-10348,2.99,Spain,Credit Card,Android,16,2,1,4,0
TX-103189,2026-07-01 15:06:44.945403,CUST-10488,6.99,Germany,Credit Card,iOS,16,1,0,15,0
TX-103190,2026-08-09 00:48:44.945403,CUST-10012,2.99,Germany,Mobile Wallet,iOS,12,5,1,0,0
TX-103191,2026-08-27 09:16:44.945403,CUST-10835,9.99,United Kingdom,Credit Card,Android,2,1,0,9,0
TX-103192,2026-08-22 18:59:44.945403,CUST-10933,19.99,Pakistan,Credit Card,Web,16,4,1,18,0
TX-103193,2026-07-21 12:50:44.945403,CUST-10095,2.99,France,Mobile Wallet,iOS,13,7,0,12,0
TX-103194,2026-08-02 20:31:44.945403,CUST-10481,9.99,Germany,Credit Card,Web,23,4,0,20,0
TX-103195,2026-06-17 19:59:44.945403,CUST-10487,2.99,France,Carrier Billing,iOS,17,4,1,19,0
TX-103196,2026-07-14 07:24:44.945403,CUST-10659,14.99,Pakistan,Mobile Wallet,iOS,13,6,1,7,0
TX-103197,2026-07-31 12:02:44.945403,CUST-10378,4.99,France,Carrier Billing,Android,18,3,1,12,0
TX-103198,2026-07-18 06:44:44.945403,CUST-10675,4.99,Pakistan,Credit Card,Web,15,6,0,6,0
TX-103199,2026-07-11 21:58:44.945403,CUST-10552,6.99,Germany,Credit Card,Web,15,4,0,21,0
TX-103200,2026-08-21 12:32:44.945403,CUST-10207,2.99,Spain,Mobile Wallet,iOS,6,3,1,12,0
TX-103201,2026-08-19 11:33:44.945403,CUST-10393,9.99,United Kingdom,Mobile Wallet,Web,7,5,1,11,0
TX-103202,2026-07-15 14:56:44.945403,CUST-10830,19.99,Pakistan,Carrier Billing,iOS,4,6,1,14,0
TX-103203,2026-09-07 23:46:44.945403,CUST-10244,2.99,United Kingdom,Credit Card,Android,30,1,1,23,0
TX-103204,2026-08-16 13:53:44.945403,CUST-10862,2.99,Germany,Carrier Billing,Web,27,3,1,13,0
TX-103205,2026-07-24 13:23:44.945403,CUST-10466,19.99,Pakistan,Carrier Billing,Web,9,3,1,13,0
TX-103206,2026-08-17 12:40:44.945403,CUST-10492,19.99,United Kingdom,Credit Card,Android,0,1,0,12,0
TX-103207,2026-06-19 09:43:44.945403,CUST-10149,2.99,Pakistan,Carrier Billing,Web,27,5,0,9,0
TX-103208,2026-08-12 07:23:44.945403,CUST-10297,9.99,Spain,Mobile Wallet,Android,11,8,1,7,1
TX-103209,2026-06-20 09:44:44.945403,CUST-10775,14.99,Germany,Carrier Billing,Web,18,8,0,9,0
TX-103210,2026-08-15 11:03:44.945403,CUST-10624,9.99,France,Credit Card,iOS,24,8,1,11,1
TX-103211,2026-08-06 03:06:44.945403,CUST-10624,19.99,Germany,Mobile Wallet,Android,6,5,1,3,0
TX-103212,2026-08-06 20:00:44.945403,CUST-10730,6.99,Spain,Carrier Billing,iOS,30,3,1,20,0
TX-103213,2026-07-15 00:51:44.945403,CUST-10200,9.99,United Kingdom,Carrier Billing,Web,5,3,0,0,0
TX-103214,2026-08-20 01:18:44.945403,CUST-10264,4.99,United Kingdom,Mobile Wallet,Android,14,1,1,1,0
TX-103215,2026-07-25 09:15:44.945403,CUST-10687,4.99,Germany,Carrier Billing,Android,10,8,0,9,0
TX-103216,2026-09-05 20:13:44.945403,CUST-10336,2.99,Pakistan,Carrier Billing,Android,12,3,1,20,1
TX-103217,2026-07-27 17:21:44.945403,CUST-10033,4.99,Germany,Credit Card,Web,18,4,1,17,0
TX-103218,2026-09-02 15:52:44.945403,CUST-10344,14.99,Germany,Mobile Wallet,Android,7,6,1,15,0
TX-103219,2026-08-15 19:42:44.945403,CUST-10211,6.99,Germany,Carrier Billing,Web,5,2,1,19,0
TX-103220,2026-07-24 19:37:44.945403,CUST-10583,2.99,France,Credit Card,Android,28,7,1,19,0
TX-103221,2026-08-12 15:20:44.945403,CUST-10851,4.99,Spain,Carrier Billing,Android,2,8,0,15,1
TX-103222,2026-07-18 23:05:44.945403,CUST-10433,6.99,Spain,Mobile Wallet,Android,9,7,1,23,0
TX-103223,2026-08-31 18:31:44.945403,CUST-10606,4.99,Germany,Mobile Wallet,Android,9,1,0,18,0
TX-103224,2026-08-13 14:07:44.945403,CUST-10901,19.99,Spain,Carrier Billing,Web,12,1,0,14,0
TX-103225,2026-08-18 18:48:44.945403,CUST-10386,2.99,France,Carrier Billing,Web,0,6,1,18,0
TX-103226,2026-06-24 21:26:44.945403,CUST-10507,2.99,Germany,Mobile Wallet,Android,23,1,0,21,0
TX-103227,2026-07-11 00:10:44.945403,CUST-10920,9.99,Spain,Credit Card,Web,22,4,0,0,0
TX-103228,2026-06-17 03:42:44.945403,CUST-10058,19.99,Pakistan,Mobile Wallet,Android,16,4,0,3,0
TX-103229,2026-07-29 06:45:44.945403,CUST-10116,19.99,Pakistan,Credit Card,Web,30,1,0,6,0
TX-103230,2026-09-09 06:36:44.945403,CUST-10971,4.99,France,Mobile Wallet,iOS,2,6,0,6,0
TX-103231,2026-06-16 11:00:44.945403,CUST-10636,19.99,Spain,Carrier Billing,iOS,22,4,1,11,0
TX-103232,2026-06-19 21:54:44.945403,CUST-10248,9.99,Germany,Carrier Billing,Web,29,1,0,21,0
TX-103233,2026-06-24 08:02:44.945403,CUST-10690,19.99,Germany,Mobile Wallet,Android,11,5,1,8,0
TX-103234,2026-09-09 04:25:44.945403,CUST-10262,9.99,Pakistan,Credit Card,Web,7,2,0,4,0
TX-103235,2026-07-13 14:36:44.945403,CUST-10697,14.99,Spain,Mobile Wallet,Web,7,1,1,14,0
TX-103236,2026-06-30 07:33:44.945403,CUST-10619,9.99,United Kingdom,Mobile Wallet,iOS,4,2,0,7,0
TX-103237,2026-06-24 14:13:44.945403,CUST-10683,9.99,United Kingdom,Carrier Billing,iOS,13,6,0,14,0
TX-103238,2026-06-21 07:23:44.945403,CUST-10415,9.99,Germany,Credit Card,Web,27,2,1,7,0
TX-103239,2026-08-30 00:29:44.945403,CUST-10919,4.99,United Kingdom,Mobile Wallet,Android,13,4,1,0,0
TX-103240,2026-09-02 07:50:44.945403,CUST-10680,19.99,France,Carrier Billing,Android,23,7,0,7,0
TX-103241,2026-07-18 09:39:44.945403,CUST-10176,14.99,Spain,Carrier Billing,iOS,13,7,1,9,0
TX-103242,2026-08-13 18:19:44.945403,CUST-10527,2.99,United Kingdom,Mobile Wallet,Web,6,8,1,18,1
TX-103243,2026-07-17 19:48:44.945403,CUST-10836,6.99,Spain,Carrier Billing,Web,29,1,1,19,0
TX-103244,2026-08-03 23:42:44.945403,CUST-10247,6.99,United Kingdom,Mobile Wallet,Android,4,6,1,23,0
TX-103245,2026-07-25 13:42:44.945403,CUST-10476,4.99,Germany,Credit Card,Web,26,8,1,13,1
TX-103246,2026-07-31 19:56:44.945403,CUST-10858,4.99,United Kingdom,Credit Card,Web,17,1,1,19,0
TX-103247,2026-06-18 10:46:44.945403,CUST-10940,19.99,France,Carrier Billing,iOS,3,7,1,10,1
TX-103248,2026-08-03 21:29:44.945403,CUST-10192,14.99,Pakistan,Carrier Billing,Web,30,6,1,21,0
TX-103249,2026-06-20 07:17:44.945403,CUST-10547,14.99,Germany,Carrier Billing,Web,3,5,1,7,0
TX-103250,2026-08-30 07:42:44.945403,CUST-10667,6.99,Pakistan,Carrier Billing,Web,19,3,1,7,0
TX-103251,2026-08-14 22:27:44.945403,CUST-10653,4.99,United Kingdom,Credit Card,Web,26,8,1,22,1
TX-103252,2026-06-16 09:18:44.945403,CUST-10641,4.99,Pakistan,Carrier Billing,Web,6,1,0,9,0
TX-103253,2026-08-30 16:46:44.945403,CUST-10153,6.99,Pakistan,Carrier Billing,Web,16,7,0,16,0
TX-103254,2026-06-27 09:54:44.945403,CUST-10585,2.99,Germany,Mobile Wallet,Web,19,6,0,9,0
TX-103255,2026-06-26 14:32:44.945403,CUST-10232,4.99,Germany,Mobile Wallet,Android,26,2,0,14,0
TX-103256,2026-08-31 12:58:44.945403,CUST-10042,2.99,Germany,Mobile Wallet,Android,0,3,1,12,0
TX-103257,2026-09-02 04:52:44.945403,CUST-10394,19.99,Germany,Carrier Billing,iOS,22,8,1,4,1
TX-103258,2026-09-05 21:20:44.945403,CUST-10811,19.99,France,Carrier Billing,Web,25,6,1,21,0
TX-103259,2026-08-13 16:41:44.945403,CUST-10094,19.99,France,Credit Card,iOS,30,6,1,16,0
TX-103260,2026-09-02 12:46:44.945403,CUST-10507,6.99,Pakistan,Mobile Wallet,iOS,17,8,0,12,0
TX-103261,2026-07-09 12:28:44.945403,CUST-10259,6.99,Spain,Credit Card,iOS,23,2,1,12,0
TX-103262,2026-07-20 21:59:44.945403,CUST-10917,14.99,United Kingdom,Mobile Wallet,iOS,11,4,1,21,0
TX-103263,2026-08-22 10:46:44.945403,CUST-10303,14.99,Spain,Mobile Wallet,iOS,20,7,0,10,0
TX-103264,2026-08-26 14:20:44.945403,CUST-10506,4.99,Germany,Credit Card,iOS,16,6,0,14,0
TX-103265,2026-08-29 04:42:44.945403,CUST-10678,9.99,Germany,Credit Card,Web,15,1,1,4,0
TX-103266,2026-08-21 05:28:44.945403,CUST-10905,19.99,Germany,Mobile Wallet,Web,6,5,1,5,0
TX-103267,2026-09-08 15:19:44.945403,CUST-10746,9.99,United Kingdom,Mobile Wallet,iOS,27,1,1,15,0
TX-103268,2026-08-16 18:15:44.945403,CUST-10809,6.99,France,Carrier Billing,iOS,23,1,0,18,0
TX-103269,2026-07-18 08:17:44.945403,CUST-10474,4.99,Pakistan,Carrier Billing,iOS,6,5,0,8,0
TX-103270,2026-08-19 20:45:44.945403,CUST-10617,4.99,United Kingdom,Carrier Billing,Web,14,8,0,20,0
TX-103271,2026-07-26 11:00:44.945403,CUST-10928,4.99,United Kingdom,Credit Card,iOS,20,6,0,11,0
TX-103272,2026-09-04 02:02:44.945403,CUST-10029,2.99,Germany,Carrier Billing,iOS,17,6,0,2,0
TX-103273,2026-08-12 10:33:44.945403,CUST-10135,19.99,Pakistan,Credit Card,iOS,0,3,0,10,0
TX-103274,2026-07-13 02:44:44.945403,CUST-10232,2.99,Spain,Credit Card,Web,8,4,0,2,0
TX-103275,2026-08-07 07:54:44.945403,CUST-10879,6.99,Spain,Carrier Billing,Web,23,2,0,7,0
TX-103276,2026-08-10 15:22:44.945403,CUST-10361,14.99,Pakistan,Credit Card,Android,12,6,0,15,0
TX-103277,2026-08-25 05:32:44.945403,CUST-10270,4.99,United Kingdom,Credit Card,Web,12,3,1,5,0
TX-103278,2026-06-16 12:11:44.945403,CUST-10536,6.99,Germany,Carrier Billing,Web,6,6,1,12,0
TX-103279,2026-09-06 17:48:44.945403,CUST-10082,6.99,Germany,Carrier Billing,Web,26,2,0,17,0
TX-103280,2026-06-18 23:47:44.945403,CUST-10488,19.99,France,Credit Card,iOS,10,4,1,23,0
TX-103281,2026-09-03 22:37:44.945403,CUST-10783,9.99,Spain,Credit Card,Android,17,2,1,22,0
TX-103282,2026-07-04 09:05:44.945403,CUST-10452,6.99,Germany,Carrier Billing,Android,27,2,1,9,0
TX-103283,2026-07-15 22:45:44.945403,CUST-10986,9.99,Spain,Credit Card,iOS,28,2,0,22,0
TX-103284,2026-06-14 11:19:44.945403,CUST-10526,6.99,United Kingdom,Carrier Billing,Web,25,8,1,11,1
TX-103285,2026-08-04 11:33:44.945403,CUST-10636,2.99,Germany,Mobile Wallet,Android,2,7,0,11,0
TX-103286,2026-08-27 16:27:44.945403,CUST-10240,14.99,United Kingdom,Credit Card,Android,13,8,0,16,0
TX-103287,2026-06-14 19:30:44.945403,CUST-10729,6.99,United Kingdom,Mobile Wallet,Web,4,3,1,19,0
TX-103288,2026-08-12 10:48:44.945403,CUST-10823,2.99,Spain,Carrier Billing,iOS,25,4,0,10,0
TX-103289,2026-07-13 04:21:44.945403,CUST-10870,2.99,France,Mobile Wallet,Android,1,3,1,4,0
TX-103290,2026-07-03 21:49:44.945403,CUST-10410,6.99,France,Carrier Billing,Web,4,3,0,21,0
TX-103291,2026-07-05 02:21:44.945403,CUST-10135,9.99,France,Credit Card,iOS,12,8,0,2,1
TX-103292,2026-06-17 16:10:44.945403,CUST-10112,19.99,France,Credit Card,Web,0,5,1,16,0
TX-103293,2026-06-19 14:23:44.945403,CUST-10533,19.99,Spain,Mobile Wallet,iOS,7,7,1,14,1
TX-103294,2026-08-23 06:25:44.945403,CUST-10086,2.99,Spain,Mobile Wallet,Web,15,8,0,6,0
TX-103295,2026-06-21 14:43:44.945403,CUST-10328,2.99,Germany,Carrier Billing,Web,18,2,1,14,0
TX-103296,2026-07-17 08:07:44.945403,CUST-10924,6.99,Pakistan,Credit Card,Android,27,3,0,8,0
TX-103297,2026-06-24 17:06:44.945403,CUST-10701,14.99,Pakistan,Mobile Wallet,Android,23,8,0,17,0
TX-103298,2026-06-26 00:29:44.945403,CUST-10160,2.99,United Kingdom,Mobile Wallet,Android,12,2,1,0,0
TX-103299,2026-08-12 16:41:44.945403,CUST-10471,9.99,Germany,Carrier Billing,Android,11,3,1,16,0
TX-103300,2026-07-22 02:15:44.945403,CUST-10658,6.99,France,Mobile Wallet,Web,19,2,1,2,0
TX-103301,2026-06-16 23:54:44.945403,CUST-10260,6.99,France,Carrier Billing,Android,25,3,0,23,0
TX-103302,2026-08-09 16:10:44.945403,CUST-10386,19.99,United Kingdom,Carrier Billing,Web,15,1,0,16,0
TX-103303,2026-07-10 01:02:44.945403,CUST-10653,6.99,Pakistan,Carrier Billing,Web,10,7,1,1,1
TX-103304,2026-06-16 03:42:44.945403,CUST-10243,19.99,Pakistan,Credit Card,Android,19,4,1,3,0
TX-103305,2026-08-13 15:22:44.945403,CUST-10470,19.99,France,Credit Card,Web,2,3,0,15,0
TX-103306,2026-07-31 03:54:44.945403,CUST-10517,2.99,Pakistan,Carrier Billing,Android,26,3,1,3,0
TX-103307,2026-06-16 06:24:44.945403,CUST-10892,6.99,Pakistan,Carrier Billing,Android,8,7,0,6,0
TX-103308,2026-07-10 02:50:44.945403,CUST-10163,4.99,Pakistan,Carrier Billing,Android,17,3,1,2,0
TX-103309,2026-06-27 16:13:44.945403,CUST-10032,14.99,Spain,Mobile Wallet,Web,2,7,0,16,0
TX-103310,2026-08-08 20:27:44.945403,CUST-10420,4.99,Germany,Carrier Billing,Android,17,2,1,20,0
TX-103311,2026-08-18 01:19:44.945403,CUST-10389,14.99,Pakistan,Credit Card,Web,16,5,1,1,0
TX-103312,2026-06-28 14:53:44.945403,CUST-10047,2.99,Pakistan,Credit Card,Android,2,5,0,14,0
TX-103313,2026-09-07 19:56:44.945403,CUST-10485,2.99,Germany,Carrier Billing,iOS,7,5,1,19,0
TX-103314,2026-06-14 08:47:44.945403,CUST-10813,19.99,United Kingdom,Mobile Wallet,iOS,3,3,0,8,0
TX-103315,2026-07-30 00:20:44.945403,CUST-10380,2.99,Pakistan,Mobile Wallet,Android,19,5,1,0,0
TX-103316,2026-09-04 22:30:44.945403,CUST-10372,9.99,United Kingdom,Credit Card,Android,19,7,1,22,0
TX-103317,2026-08-25 17:45:44.945403,CUST-10117,14.99,Spain,Credit Card,iOS,15,2,0,17,0
TX-103318,2026-08-17 16:46:44.945403,CUST-10700,2.99,United Kingdom,Mobile Wallet,iOS,24,3,1,16,0
TX-103319,2026-07-14 02:40:44.945403,CUST-10410,2.99,Spain,Mobile Wallet,iOS,24,7,1,2,1
TX-103320,2026-09-05 09:53:44.945403,CUST-10025,6.99,France,Credit Card,Android,14,2,0,9,0
TX-103321,2026-08-28 09:54:44.945403,CUST-10537,9.99,France,Carrier Billing,Android,23,3,0,9,0
TX-103322,2026-09-04 06:58:44.945403,CUST-10734,6.99,Germany,Carrier Billing,iOS,9,7,1,6,0
TX-103323,2026-07-20 11:20:44.945403,CUST-10209,19.99,Spain,Carrier Billing,iOS,30,2,0,11,0
TX-103324,2026-07-19 17:30:44.945403,CUST-10797,2.99,France,Carrier Billing,Web,21,2,1,17,0
TX-103325,2026-07-28 09:36:44.945403,CUST-10232,2.99,United Kingdom,Credit Card,Web,23,7,0,9,0
TX-103326,2026-07-19 16:33:44.945403,CUST-10268,9.99,Pakistan,Credit Card,iOS,10,7,1,16,0
TX-103327,2026-09-01 23:50:44.945403,CUST-10494,2.99,Spain,Credit Card,Web,17,4,0,23,0
TX-103328,2026-07-31 02:59:44.945403,CUST-10225,9.99,United Kingdom,Mobile Wallet,Android,12,4,0,2,0
TX-103329,2026-08-03 08:15:44.945403,CUST-10998,4.99,Spain,Mobile Wallet,Web,3,3,1,8,0
TX-103330,2026-07-16 17:52:44.945403,CUST-10337,14.99,Spain,Credit Card,Android,1,5,0,17,0
TX-103331,2026-09-05 02:39:44.945403,CUST-10702,4.99,United Kingdom,Carrier Billing,Android,17,8,0,2,1
TX-103332,2026-06-26 03:14:44.945403,CUST-10287,9.99,Pakistan,Mobile Wallet,Android,0,2,0,3,0
TX-103333,2026-08-03 22:57:44.945403,CUST-10791,9.99,Pakistan,Credit Card,iOS,21,8,1,22,1
TX-103334,2026-07-25 06:41:44.945403,CUST-10915,6.99,United Kingdom,Mobile Wallet,iOS,19,1,1,6,0
TX-103335,2026-08-29 21:15:44.945403,CUST-10138,2.99,Germany,Carrier Billing,Android,8,7,1,21,0
TX-103336,2026-07-14 06:06:44.945403,CUST-10529,19.99,Pakistan,Mobile Wallet,Web,17,2,0,6,0
TX-103337,2026-07-26 16:27:44.945403,CUST-10216,19.99,France,Credit Card,Android,3,7,0,16,0
TX-103338,2026-06-27 03:53:44.945403,CUST-10610,9.99,France,Credit Card,iOS,26,3,1,3,0
TX-103339,2026-08-05 04:00:44.945403,CUST-10312,14.99,Germany,Carrier Billing,iOS,29,2,0,4,0
TX-103340,2026-09-01 00:20:44.945403,CUST-10216,14.99,United Kingdom,Mobile Wallet,Web,28,1,1,0,0
TX-103341,2026-09-06 02:56:44.945403,CUST-10170,19.99,Pakistan,Carrier Billing,Android,20,1,1,2,0
TX-103342,2026-07-26 19:09:44.945403,CUST-10356,4.99,Spain,Carrier Billing,iOS,7,4,1,19,0
TX-103343,2026-08-23 21:15:44.945403,CUST-10857,4.99,Pakistan,Credit Card,Web,27,6,1,21,0
TX-103344,2026-08-19 12:21:44.945403,CUST-10868,2.99,France,Mobile Wallet,Web,26,1,0,12,0
TX-103345,2026-06-26 17:21:44.945403,CUST-10615,6.99,France,Credit Card,Web,24,6,0,17,0
TX-103346,2026-07-20 04:26:44.945403,CUST-10925,4.99,United Kingdom,Mobile Wallet,Web,24,2,0,4,0
TX-103347,2026-07-07 04:49:44.945403,CUST-10750,4.99,United Kingdom,Mobile Wallet,Android,4,6,1,4,0
TX-103348,2026-08-24 11:12:44.945403,CUST-10278,2.99,United Kingdom,Mobile Wallet,Web,5,6,0,11,0
TX-103349,2026-08-27 14:11:44.945403,CUST-10924,6.99,Germany,Credit Card,Android,28,2,0,14,0
TX-103350,2026-07-18 19:03:44.945403,CUST-10830,2.99,Pakistan,Mobile Wallet,Web,12,4,1,19,0
TX-103351,2026-06-20 17:53:44.945403,CUST-10844,4.99,United Kingdom,Credit Card,iOS,7,2,1,17,0
TX-103352,2026-08-21 11:41:44.945403,CUST-10053,14.99,Spain,Carrier Billing,iOS,19,7,1,11,0
TX-103353,2026-08-07 10:47:44.945403,CUST-10047,19.99,United Kingdom,Credit Card,Web,21,5,1,10,0
TX-103354,2026-08-03 14:01:44.945403,CUST-10551,9.99,Spain,Mobile Wallet,iOS,29,1,0,14,0
TX-103355,2026-07-23 19:23:44.945403,CUST-10495,19.99,Spain,Credit Card,Web,30,2,1,19,0
TX-103356,2026-06-17 17:09:44.945403,CUST-10068,4.99,Spain,Mobile Wallet,iOS,6,7,1,17,0
TX-103357,2026-08-13 21:07:44.945403,CUST-10139,2.99,Germany,Mobile Wallet,Android,22,5,0,21,0
TX-103358,2026-06-28 06:18:44.945403,CUST-10312,4.99,Spain,Mobile Wallet,Android,23,5,0,6,0
TX-103359,2026-07-29 15:52:44.945403,CUST-10900,19.99,Spain,Carrier Billing,iOS,21,4,0,15,0
TX-103360,2026-07-21 08:21:44.945403,CUST-10320,6.99,Pakistan,Carrier Billing,Web,3,5,1,8,0
TX-103361,2026-07-08 20:18:44.945403,CUST-10779,14.99,France,Carrier Billing,Web,21,1,0,20,0
TX-103362,2026-07-04 02:58:44.945403,CUST-10827,6.99,Pakistan,Mobile Wallet,Web,9,8,1,2,1
TX-103363,2026-09-01 06:28:44.945403,CUST-10960,2.99,Pakistan,Mobile Wallet,Web,16,7,0,6,0
TX-103364,2026-07-19 18:27:44.945403,CUST-10280,2.99,United Kingdom,Mobile Wallet,iOS,3,5,1,18,0
TX-103365,2026-08-07 09:07:44.945403,CUST-10552,14.99,Pakistan,Carrier Billing,iOS,1,6,1,9,0
TX-103366,2026-06-24 01:46:44.945403,CUST-10307,6.99,Pakistan,Mobile Wallet,Web,19,1,0,1,0
TX-103367,2026-06-18 18:45:44.945403,CUST-10683,2.99,Pakistan,Mobile Wallet,Android,10,7,1,18,0
TX-103368,2026-06-28 08:27:44.945403,CUST-10767,14.99,United Kingdom,Carrier Billing,Android,20,3,0,8,0
TX-103369,2026-08-15 14:00:44.945403,CUST-10390,9.99,United Kingdom,Mobile Wallet,iOS,19,3,0,14,0
TX-103370,2026-07-03 03:07:44.945403,CUST-10237,14.99,Germany,Carrier Billing,Web,8,2,0,3,0
TX-103371,2026-07-31 04:02:44.945403,CUST-10801,4.99,United Kingdom,Mobile Wallet,Android,26,4,1,4,0
TX-103372,2026-08-10 08:34:44.945403,CUST-10646,4.99,France,Carrier Billing,iOS,13,3,0,8,0
TX-103373,2026-06-29 06:28:44.945403,CUST-10206,6.99,United Kingdom,Mobile Wallet,Web,7,4,1,6,0
TX-103374,2026-07-15 14:50:44.945403,CUST-10104,19.99,United Kingdom,Credit Card,iOS,28,5,0,14,0
TX-103375,2026-08-21 11:49:44.945403,CUST-10827,6.99,France,Carrier Billing,iOS,7,3,1,11,0
TX-103376,2026-09-05 20:17:44.945403,CUST-10136,14.99,France,Credit Card,Android,14,5,0,20,0
TX-103377,2026-08-26 15:57:44.945403,CUST-10022,14.99,France,Carrier Billing,Web,20,6,1,15,0
TX-103378,2026-09-03 16:50:44.945403,CUST-10491,19.99,Pakistan,Carrier Billing,Web,13,7,1,16,1
TX-103379,2026-07-11 05:31:44.945403,CUST-10615,2.99,Germany,Credit Card,iOS,1,5,1,5,0
TX-103380,2026-07-31 20:49:44.945403,CUST-10535,4.99,Pakistan,Carrier Billing,Web,25,6,1,20,0
TX-103381,2026-07-28 03:42:44.945403,CUST-10972,9.99,Spain,Credit Card,iOS,23,7,1,3,1
TX-103382,2026-07-21 07:49:44.945403,CUST-10440,9.99,United Kingdom,Mobile Wallet,Web,18,5,1,7,0
TX-103383,2026-08-14 15:26:44.945403,CUST-10109,9.99,Pakistan,Credit Card,Web,1,2,1,15,0
TX-103384,2026-09-02 12:29:44.945403,CUST-10084,2.99,Pakistan,Carrier Billing,Web,8,8,0,12,0
TX-103385,2026-07-25 14:03:44.945403,CUST-10849,6.99,Germany,Credit Card,Web,10,1,1,14,0
TX-103386,2026-08-17 02:48:44.945403,CUST-10517,9.99,Pakistan,Mobile Wallet,Android,12,8,1,2,1
TX-103387,2026-08-31 13:49:44.945403,CUST-10740,19.99,Spain,Carrier Billing,iOS,22,4,1,13,0
TX-103388,2026-08-09 01:53:44.945403,CUST-10445,14.99,United Kingdom,Credit Card,Android,28,5,1,1,0
TX-103389,2026-06-13 08:52:44.945403,CUST-10661,6.99,Germany,Credit Card,Web,18,4,1,8,0
TX-103390,2026-06-16 00:03:44.945403,CUST-10138,19.99,France,Carrier Billing,Web,13,2,1,0,0
TX-103391,2026-07-30 17:45:44.945403,CUST-10601,4.99,France,Credit Card,Android,9,1,0,17,0
TX-103392,2026-09-09 02:06:44.945403,CUST-10882,19.99,Spain,Mobile Wallet,iOS,27,8,1,2,1
TX-103393,2026-08-19 15:06:44.945403,CUST-10385,6.99,United Kingdom,Carrier Billing,Web,13,4,1,15,0
TX-103394,2026-08-19 22:01:44.945403,CUST-10766,9.99,United Kingdom,Carrier Billing,Web,12,4,1,22,0
TX-103395,2026-07-01 22:44:44.945403,CUST-10019,19.99,Pakistan,Carrier Billing,Android,27,3,1,22,0
TX-103396,2026-07-16 04:54:44.945403,CUST-10615,6.99,Pakistan,Mobile Wallet,Web,6,1,1,4,0
TX-103397,2026-07-27 16:54:44.945403,CUST-10880,6.99,Spain,Mobile Wallet,iOS,14,6,1,16,0
TX-103398,2026-06-16 07:04:44.945403,CUST-10912,4.99,Germany,Credit Card,iOS,4,1,0,7,0
TX-103399,2026-07-01 11:35:44.945403,CUST-10259,6.99,France,Carrier Billing,Web,19,5,1,11,0
TX-103400,2026-08-05 06:20:44.945403,CUST-10386,19.99,Spain,Carrier Billing,Android,17,2,0,6,0
TX-103401,2026-07-15 14:31:44.945403,CUST-10450,19.99,Germany,Carrier Billing,iOS,22,1,1,14,0
TX-103402,2026-08-27 03:36:44.945403,CUST-10127,9.99,France,Credit Card,iOS,14,8,1,3,1
TX-103403,2026-07-19 11:47:44.945403,CUST-10911,4.99,Germany,Carrier Billing,iOS,14,6,0,11,0
TX-103404,2026-09-01 22:23:44.945403,CUST-10931,14.99,United Kingdom,Credit Card,iOS,8,8,1,22,1
TX-103405,2026-08-13 03:03:44.945403,CUST-10293,19.99,Spain,Credit Card,Web,22,6,0,3,0
TX-103406,2026-08-28 01:58:44.945403,CUST-10194,9.99,Germany,Credit Card,Android,30,4,1,1,0
TX-103407,2026-07-20 01:48:44.945403,CUST-10570,9.99,France,Carrier Billing,iOS,27,3,0,1,0
TX-103408,2026-07-25 13:08:44.945403,CUST-10431,9.99,France,Carrier Billing,iOS,19,8,1,13,1
TX-103409,2026-06-19 21:21:44.945403,CUST-10077,6.99,Germany,Carrier Billing,Web,24,4,0,21,0
TX-103410,2026-06-17 03:38:44.945403,CUST-10807,2.99,Pakistan,Mobile Wallet,iOS,23,1,1,3,0
TX-103411,2026-07-14 08:33:44.945403,CUST-10743,14.99,Spain,Carrier Billing,Web,9,5,1,8,0
TX-103412,2026-09-09 08:20:44.945403,CUST-10981,6.99,Germany,Credit Card,Android,10,3,0,8,0
TX-103413,2026-06-23 16:48:44.945403,CUST-10964,9.99,Germany,Carrier Billing,Web,21,1,0,16,0
TX-103414,2026-06-14 11:40:44.945403,CUST-10875,14.99,Pakistan,Carrier Billing,Android,23,4,1,11,0
TX-103415,2026-08-19 10:30:44.945403,CUST-10681,6.99,Germany,Carrier Billing,Android,19,7,1,10,0
TX-103416,2026-06-19 18:04:44.945403,CUST-10560,2.99,France,Mobile Wallet,Android,23,8,1,18,1
TX-103417,2026-06-18 19:39:44.945403,CUST-10319,19.99,France,Credit Card,iOS,13,2,1,19,0
TX-103418,2026-08-11 17:49:44.945403,CUST-10000,6.99,Germany,Mobile Wallet,Web,13,7,1,17,0
TX-103419,2026-06-25 06:13:44.945403,CUST-10725,14.99,Pakistan,Mobile Wallet,iOS,22,3,1,6,0
TX-103420,2026-09-08 20:53:44.945403,CUST-10614,14.99,France,Carrier Billing,Web,20,2,1,20,0
TX-103421,2026-08-14 16:43:44.945403,CUST-10238,19.99,Spain,Carrier Billing,Web,5,3,1,16,0
TX-103422,2026-07-07 20:48:44.945403,CUST-10875,2.99,France,Credit Card,iOS,21,4,1,20,0
TX-103423,2026-06-26 00:22:44.945403,CUST-10068,6.99,Pakistan,Credit Card,Android,6,2,1,0,0
TX-103424,2026-07-09 22:05:44.945403,CUST-10496,6.99,Germany,Carrier Billing,Android,17,2,1,22,0
TX-103425,2026-08-18 06:30:44.945403,CUST-10512,6.99,Spain,Credit Card,iOS,9,5,0,6,1
TX-103426,2026-07-11 15:33:44.945403,CUST-10620,6.99,France,Carrier Billing,Android,29,3,0,15,0
TX-103427,2026-07-25 14:58:44.945403,CUST-10660,4.99,France,Carrier Billing,Web,29,7,1,14,0
TX-103428,2026-08-29 18:39:44.945403,CUST-10885,9.99,Germany,Credit Card,Android,6,2,0,18,0
TX-103429,2026-06-18 19:19:44.945403,CUST-10517,19.99,Spain,Carrier Billing,Android,11,6,0,19,0
TX-103430,2026-09-05 20:12:44.945403,CUST-10993,9.99,France,Mobile Wallet,Android,11,4,1,20,0
TX-103431,2026-08-14 00:05:44.945403,CUST-10121,9.99,United Kingdom,Mobile Wallet,iOS,10,1,1,0,0
TX-103432,2026-08-12 12:22:44.945403,CUST-10812,2.99,Spain,Mobile Wallet,iOS,10,6,0,12,0
TX-103433,2026-07-13 06:33:44.945403,CUST-10776,14.99,Spain,Carrier Billing,Web,6,2,0,6,0
TX-103434,2026-08-20 05:35:44.945403,CUST-10977,14.99,Pakistan,Mobile Wallet,Web,24,1,0,5,0
TX-103435,2026-09-07 06:48:44.945403,CUST-10545,2.99,France,Credit Card,Android,8,3,0,6,0
TX-103436,2026-06-26 03:28:44.945403,CUST-10105,19.99,United Kingdom,Credit Card,Web,14,4,0,3,0
TX-103437,2026-08-17 19:16:44.945403,CUST-10945,2.99,Spain,Carrier Billing,Web,10,3,1,19,0
TX-103438,2026-07-08 17:23:44.945403,CUST-10092,2.99,France,Mobile Wallet,iOS,2,4,0,17,0
TX-103439,2026-08-31 04:43:44.945403,CUST-10656,6.99,France,Carrier Billing,Android,30,2,1,4,0
TX-103440,2026-06-29 03:10:44.945403,CUST-10060,6.99,France,Carrier Billing,iOS,14,2,0,3,0
TX-103441,2026-08-06 23:36:44.945403,CUST-10909,19.99,Germany,Credit Card,Web,17,5,1,23,0
TX-103442,2026-07-18 21:09:44.945403,CUST-10759,19.99,Germany,Carrier Billing,Web,25,5,1,21,0
TX-103443,2026-07-09 11:42:44.945403,CUST-10122,14.99,Spain,Mobile Wallet,Web,3,3,1,11,0
TX-103444,2026-08-28 22:10:44.945403,CUST-10926,14.99,France,Credit Card,Android,1,7,1,22,1
TX-103445,2026-09-04 22:55:44.945403,CUST-10632,19.99,Pakistan,Carrier Billing,iOS,3,7,1,22,1
TX-103446,2026-06-20 08:18:44.945403,CUST-10017,2.99,United Kingdom,Mobile Wallet,Android,5,5,0,8,0
TX-103447,2026-06-23 02:19:44.945403,CUST-10414,14.99,Spain,Credit Card,Web,29,3,0,2,0
TX-103448,2026-08-08 10:56:44.945403,CUST-10830,9.99,France,Mobile Wallet,iOS,5,7,1,10,0
TX-103449,2026-06-14 15:06:44.945403,CUST-10541,4.99,France,Credit Card,Web,25,2,0,15,0
TX-103450,2026-08-02 14:53:44.945403,CUST-10235,4.99,France,Credit Card,Android,24,3,1,14,0
TX-103451,2026-06-30 04:08:44.945403,CUST-10161,4.99,Pakistan,Carrier Billing,Web,21,8,1,4,1
TX-103452,2026-08-06 21:31:44.945403,CUST-10505,19.99,Spain,Credit Card,Android,17,8,0,21,1
TX-103453,2026-07-13 16:21:44.945403,CUST-10090,6.99,France,Carrier Billing,Web,25,1,1,16,0
TX-103454,2026-07-28 10:24:44.945403,CUST-10905,19.99,Pakistan,Mobile Wallet,Android,29,7,0,10,0
TX-103455,2026-06-15 20:28:44.945403,CUST-10294,14.99,Pakistan,Carrier Billing,Android,8,1,1,20,0
TX-103456,2026-08-27 23:15:44.945403,CUST-10307,9.99,France,Credit Card,iOS,22,6,0,23,0
TX-103457,2026-06-13 23:25:44.945403,CUST-10263,2.99,United Kingdom,Mobile Wallet,Web,16,6,1,23,0
TX-103458,2026-08-13 11:04:44.945403,CUST-10265,4.99,Pakistan,Carrier Billing,iOS,10,6,1,11,0
TX-103459,2026-07-01 22:20:44.945403,CUST-10527,14.99,Germany,Mobile Wallet,Web,29,8,1,22,1
TX-103460,2026-08-14 07:42:44.945403,CUST-10933,14.99,United Kingdom,Carrier Billing,Android,6,7,0,7,0
TX-103461,2026-06-23 12:06:44.945403,CUST-10906,4.99,United Kingdom,Carrier Billing,Android,3,4,1,12,1
TX-103462,2026-07-07 06:59:44.945403,CUST-10493,14.99,France,Mobile Wallet,iOS,28,2,0,6,0
TX-103463,2026-06-13 08:57:44.945403,CUST-10212,6.99,Pakistan,Mobile Wallet,Web,8,6,0,8,0
TX-103464,2026-09-06 09:27:44.945403,CUST-10735,14.99,France,Credit Card,Android,18,2,1,9,0
TX-103465,2026-08-02 03:12:44.945403,CUST-10748,2.99,France,Carrier Billing,iOS,14,3,0,3,0
TX-103466,2026-08-31 04:49:44.945403,CUST-10095,19.99,Germany,Credit Card,Android,20,1,1,4,0
TX-103467,2026-06-23 07:59:44.945403,CUST-10673,19.99,Germany,Credit Card,Android,25,5,1,7,0
TX-103468,2026-07-29 23:32:44.945403,CUST-10766,9.99,France,Credit Card,Web,21,3,0,23,0
TX-103469,2026-08-11 06:02:44.945403,CUST-10961,19.99,United Kingdom,Mobile Wallet,Android,27,3,0,6,0
TX-103470,2026-09-01 20:57:44.945403,CUST-10001,2.99,United Kingdom,Carrier Billing,Android,7,6,0,20,0
TX-103471,2026-09-01 14:51:44.945403,CUST-10522,14.99,France,Credit Card,Web,23,5,1,14,0
TX-103472,2026-07-19 03:06:44.945403,CUST-10654,9.99,United Kingdom,Carrier Billing,Web,30,7,1,3,1
TX-103473,2026-08-01 01:39:44.945403,CUST-10224,9.99,France,Mobile Wallet,iOS,18,6,1,1,0
TX-103474,2026-06-19 01:52:44.945403,CUST-10236,6.99,Spain,Carrier Billing,iOS,10,6,1,1,0
TX-103475,2026-06-26 07:05:44.945403,CUST-10945,14.99,United Kingdom,Credit Card,iOS,17,8,1,7,1
TX-103476,2026-08-13 06:45:44.945403,CUST-10065,19.99,France,Mobile Wallet,iOS,21,3,1,6,0
TX-103477,2026-08-20 02:07:44.945403,CUST-10123,19.99,Pakistan,Mobile Wallet,Web,15,7,1,2,1
TX-103478,2026-07-06 06:28:44.945403,CUST-10627,9.99,France,Credit Card,Android,24,6,1,6,0
TX-103479,2026-06-22 00:18:44.945403,CUST-10626,9.99,Germany,Mobile Wallet,Web,13,4,0,0,0
TX-103480,2026-06-16 09:22:44.945403,CUST-10579,4.99,France,Mobile Wallet,Web,26,3,0,9,0
TX-103481,2026-07-17 21:36:44.945403,CUST-10803,4.99,Pakistan,Carrier Billing,Web,10,8,0,21,0
TX-103482,2026-07-07 09:54:44.945403,CUST-10148,4.99,United Kingdom,Credit Card,Web,25,4,1,9,0
TX-103483,2026-08-05 11:41:44.945403,CUST-10171,9.99,Germany,Credit Card,Web,1,5,1,11,0
TX-103484,2026-06-16 08:15:44.945403,CUST-10977,2.99,United Kingdom,Carrier Billing,iOS,0,4,0,8,0
TX-103485,2026-08-01 05:46:44.945403,CUST-10005,2.99,France,Carrier Billing,iOS,23,4,1,5,0
TX-103486,2026-07-29 19:44:44.945403,CUST-10408,9.99,Germany,Carrier Billing,iOS,10,5,1,19,0
TX-103487,2026-06-13 06:59:44.945403,CUST-10353,4.99,United Kingdom,Carrier Billing,iOS,1,7,1,6,1
TX-103488,2026-09-04 15:11:44.945403,CUST-10765,9.99,Spain,Credit Card,Android,1,6,0,15,0
TX-103489,2026-08-14 06:38:44.945403,CUST-10873,6.99,United Kingdom,Mobile Wallet,Android,3,3,1,6,0
TX-103490,2026-08-18 02:39:44.945403,CUST-10641,19.99,Spain,Mobile Wallet,iOS,23,1,0,2,0
TX-103491,2026-08-30 21:47:44.945403,CUST-10902,6.99,France,Mobile Wallet,Web,26,4,0,21,0
TX-103492,2026-08-12 03:59:44.945403,CUST-10509,9.99,France,Credit Card,Web,4,2,0,3,0
TX-103493,2026-07-19 19:00:44.945403,CUST-10266,4.99,United Kingdom,Credit Card,iOS,15,5,1,19,0
TX-103494,2026-06-12 02:03:44.945403,CUST-10456,14.99,United Kingdom,Carrier Billing,iOS,26,6,0,2,0
TX-103495,2026-09-01 04:52:44.945403,CUST-10576,19.99,United Kingdom,Carrier Billing,Web,16,2,1,4,0
TX-103496,2026-07-15 13:31:44.945403,CUST-10070,4.99,United Kingdom,Mobile Wallet,Web,8,5,0,13,0
TX-103497,2026-08-05 20:01:44.945403,CUST-10799,4.99,France,Carrier Billing,Web,3,7,1,20,0
TX-103498,2026-06-28 01:02:44.945403,CUST-10532,19.99,Spain,Mobile Wallet,Web,10,8,1,1,1
TX-103499,2026-07-21 09:26:44.945403,CUST-10358,9.99,France,Mobile Wallet,Android,15,1,1,9,0
TX-103500,2026-08-16 20:56:44.945403,CUST-10627,6.99,Spain,Mobile Wallet,iOS,7,7,1,20,0
TX-103501,2026-06-21 03:01:44.945403,CUST-10344,9.99,United Kingdom,Carrier Billing,Android,23,1,1,3,0
TX-103502,2026-08-29 00:09:44.945403,CUST-10919,2.99,Germany,Credit Card,Web,7,5,0,0,0
TX-103503,2026-07-14 14:50:44.945403,CUST-10607,9.99,Germany,Carrier Billing,Android,21,1,0,14,0
TX-103504,2026-07-12 04:02:44.945403,CUST-10658,6.99,Germany,Credit Card,Android,24,5,1,4,0
TX-103505,2026-06-18 09:17:44.945403,CUST-10838,19.99,France,Mobile Wallet,Web,15,3,0,9,0
TX-103506,2026-07-15 02:30:44.945403,CUST-10479,14.99,France,Credit Card,iOS,3,4,1,2,0
TX-103507,2026-09-07 19:40:44.945403,CUST-10748,19.99,Germany,Credit Card,Android,12,6,1,19,0
TX-103508,2026-08-07 06:00:44.945403,CUST-10681,6.99,Spain,Carrier Billing,Android,17,6,1,6,0
TX-103509,2026-06-13 11:05:44.945403,CUST-10854,19.99,United Kingdom,Credit Card,iOS,23,5,1,11,0
TX-103510,2026-07-27 12:15:44.945403,CUST-10100,19.99,Germany,Credit Card,Android,4,5,0,12,0
TX-103511,2026-07-19 05:22:44.945403,CUST-10171,4.99,Spain,Mobile Wallet,Web,20,5,1,5,1
TX-103512,2026-06-13 12:23:44.945403,CUST-10476,2.99,France,Credit Card,Web,14,2,1,12,0
TX-103513,2026-07-26 16:51:44.945403,CUST-10685,14.99,Germany,Mobile Wallet,Web,7,5,0,16,0
TX-103514,2026-08-15 19:30:44.945403,CUST-10327,14.99,France,Carrier Billing,Web,22,4,1,19,0
TX-103515,2026-07-15 19:03:44.945403,CUST-10731,9.99,Pakistan,Carrier Billing,iOS,0,4,1,19,0
TX-103516,2026-06-18 22:33:44.945403,CUST-10471,6.99,United Kingdom,Mobile Wallet,Android,21,1,0,22,0
TX-103517,2026-06-15 01:34:44.945403,CUST-10962,9.99,Germany,Mobile Wallet,Web,8,1,1,1,0
TX-103518,2026-08-14 15:17:44.945403,CUST-10611,4.99,United Kingdom,Credit Card,iOS,21,2,1,15,0
TX-103519,2026-06-26 01:31:44.945403,CUST-10112,19.99,France,Mobile Wallet,Android,21,7,1,1,1
TX-103520,2026-07-04 14:38:44.945403,CUST-10361,4.99,Germany,Credit Card,Android,11,6,1,14,0
TX-103521,2026-06-17 02:47:44.945403,CUST-10465,4.99,Spain,Mobile Wallet,Web,6,5,0,2,0
TX-103522,2026-07-02 20:01:44.945403,CUST-10820,6.99,Pakistan,Carrier Billing,Web,0,2,1,20,0
TX-103523,2026-08-05 19:07:44.945403,CUST-10479,6.99,Spain,Credit Card,Web,9,4,1,19,0
TX-103524,2026-08-12 01:21:44.945403,CUST-10945,4.99,France,Credit Card,Web,24,7,1,1,1
TX-103525,2026-08-31 08:37:44.945403,CUST-10064,19.99,France,Mobile Wallet,Android,6,1,0,8,0
TX-103526,2026-08-12 03:54:44.945403,CUST-10738,4.99,France,Mobile Wallet,iOS,26,6,0,3,0
TX-103527,2026-06-14 03:33:44.945403,CUST-10525,4.99,France,Carrier Billing,Web,13,4,1,3,0
TX-103528,2026-09-05 23:02:44.945403,CUST-10270,19.99,Pakistan,Carrier Billing,Web,27,7,1,23,1
TX-103529,2026-06-21 07:02:44.945403,CUST-10090,4.99,Spain,Carrier Billing,Android,2,5,0,7,0
TX-103530,2026-06-26 08:01:44.945403,CUST-10824,9.99,Pakistan,Carrier Billing,Web,15,3,1,8,0
TX-103531,2026-08-29 14:28:44.945403,CUST-10313,9.99,France,Credit Card,iOS,20,5,1,14,0
TX-103532,2026-08-14 13:51:44.945403,CUST-10219,4.99,France,Mobile Wallet,iOS,8,5,0,13,0
TX-103533,2026-06-20 17:38:44.945403,CUST-10816,19.99,United Kingdom,Mobile Wallet,Web,10,2,0,17,0
TX-103534,2026-07-22 19:53:44.945403,CUST-10192,14.99,Pakistan,Mobile Wallet,iOS,4,1,0,19,0
TX-103535,2026-08-09 20:15:44.945403,CUST-10658,14.99,Pakistan,Mobile Wallet,Web,6,8,1,20,1
TX-103536,2026-08-21 21:10:44.945403,CUST-10102,14.99,France,Credit Card,Android,8,7,0,21,0
TX-103537,2026-09-05 23:21:44.945403,CUST-10076,6.99,United Kingdom,Carrier Billing,Android,7,6,1,23,0
TX-103538,2026-09-01 17:18:44.945403,CUST-10099,2.99,Spain,Credit Card,Android,17,4,1,17,0
TX-103539,2026-06-12 00:04:44.945403,CUST-10520,9.99,Germany,Credit Card,iOS,29,8,0,0,1
TX-103540,2026-06-12 19:37:44.945403,CUST-10431,19.99,Germany,Credit Card,Android,17,4,1,19,0
TX-103541,2026-08-18 06:05:44.945403,CUST-10618,6.99,Pakistan,Credit Card,iOS,20,8,0,6,0
TX-103542,2026-06-28 17:51:44.945403,CUST-10981,2.99,Germany,Carrier Billing,Android,9,7,0,17,0
TX-103543,2026-06-21 05:29:44.945403,CUST-10513,9.99,United Kingdom,Carrier Billing,Android,7,3,1,5,0
TX-103544,2026-08-10 09:57:44.945403,CUST-10336,9.99,France,Mobile Wallet,iOS,14,5,0,9,0
TX-103545,2026-06-19 10:32:44.945403,CUST-10410,2.99,France,Mobile Wallet,Web,24,4,0,10,0
TX-103546,2026-09-02 20:13:44.945403,CUST-10256,14.99,Pakistan,Mobile Wallet,Web,22,8,0,20,0
TX-103547,2026-06-23 18:01:44.945403,CUST-10344,19.99,Pakistan,Mobile Wallet,Web,14,1,0,18,0
TX-103548,2026-08-17 23:23:44.945403,CUST-10884,6.99,United Kingdom,Mobile Wallet,Android,6,7,0,23,0
TX-103549,2026-07-24 03:21:44.945403,CUST-10977,2.99,Germany,Credit Card,Android,3,6,0,3,0
TX-103550,2026-07-04 12:24:44.945403,CUST-10652,9.99,Spain,Credit Card,Android,12,1,0,12,0
TX-103551,2026-07-20 09:33:44.945403,CUST-10585,19.99,Pakistan,Mobile Wallet,Web,16,8,1,9,1
TX-103552,2026-07-28 16:15:44.945403,CUST-10010,4.99,United Kingdom,Carrier Billing,Android,24,6,0,16,0
TX-103553,2026-08-26 04:21:44.945403,CUST-10305,4.99,United Kingdom,Mobile Wallet,Android,0,7,1,4,1
TX-103554,2026-08-31 10:41:44.945403,CUST-10822,6.99,Pakistan,Credit Card,iOS,10,5,1,10,0
TX-103555,2026-08-21 01:52:44.945403,CUST-10706,19.99,France,Carrier Billing,Android,28,3,0,1,0
TX-103556,2026-09-02 10:39:44.945403,CUST-10827,2.99,Spain,Mobile Wallet,Android,6,2,1,10,0
TX-103557,2026-09-06 11:08:44.945403,CUST-10650,14.99,Germany,Mobile Wallet,Web,0,4,1,11,0
TX-103558,2026-08-29 08:18:44.945403,CUST-10617,9.99,Pakistan,Credit Card,iOS,2,8,0,8,1
TX-103559,2026-07-13 07:04:44.945403,CUST-10420,14.99,Germany,Carrier Billing,Web,9,2,0,7,0
TX-103560,2026-09-04 18:23:44.945403,CUST-10715,9.99,Pakistan,Credit Card,Android,30,7,1,18,0
TX-103561,2026-07-02 23:02:44.945403,CUST-10779,19.99,United Kingdom,Mobile Wallet,iOS,6,4,1,23,0
TX-103562,2026-07-05 10:02:44.945403,CUST-10118,14.99,Germany,Credit Card,iOS,14,7,0,10,1
TX-103563,2026-07-07 07:47:44.945403,CUST-10229,6.99,France,Mobile Wallet,Web,29,8,0,7,0
TX-103564,2026-08-09 00:33:44.945403,CUST-10780,9.99,Spain,Carrier Billing,Android,7,3,1,0,0
TX-103565,2026-07-20 02:28:44.945403,CUST-10766,19.99,Germany,Credit Card,iOS,28,5,1,2,0
TX-103566,2026-06-11 21:14:44.945403,CUST-10309,14.99,France,Mobile Wallet,Android,18,5,1,21,0
TX-103567,2026-07-01 15:03:44.945403,CUST-10863,2.99,United Kingdom,Carrier Billing,iOS,12,1,1,15,0
TX-103568,2026-06-26 14:51:44.945403,CUST-10495,2.99,Germany,Mobile Wallet,Web,28,6,1,14,0
TX-103569,2026-07-19 11:57:44.945403,CUST-10851,2.99,Pakistan,Carrier Billing,Android,15,8,1,11,1
TX-103570,2026-07-22 18:38:44.945403,CUST-10370,6.99,France,Credit Card,iOS,14,3,1,18,0
TX-103571,2026-07-17 02:49:44.945403,CUST-10699,14.99,Spain,Credit Card,Web,10,5,0,2,0
TX-103572,2026-08-03 15:29:44.945403,CUST-10010,14.99,United Kingdom,Credit Card,Web,12,6,1,15,0
TX-103573,2026-07-21 08:20:44.945403,CUST-10388,19.99,United Kingdom,Mobile Wallet,Web,5,7,0,8,0
TX-103574,2026-06-23 21:21:44.945403,CUST-10953,9.99,United Kingdom,Credit Card,Android,19,8,1,21,1
TX-103575,2026-07-21 19:36:44.945403,CUST-10610,6.99,Germany,Carrier Billing,Web,6,7,0,19,0
TX-103576,2026-07-27 02:15:44.945403,CUST-10479,14.99,Spain,Mobile Wallet,iOS,2,2,0,2,0
TX-103577,2026-08-19 23:13:44.945403,CUST-10244,6.99,Pakistan,Carrier Billing,Web,19,7,0,23,0
TX-103578,2026-08-23 00:48:44.945403,CUST-10033,9.99,United Kingdom,Mobile Wallet,Android,9,4,0,0,0
TX-103579,2026-08-13 03:39:44.945403,CUST-10964,4.99,Pakistan,Carrier Billing,Android,19,4,1,3,0
TX-103580,2026-06-13 21:48:44.945403,CUST-10806,9.99,Pakistan,Credit Card,Web,8,4,0,21,0
TX-103581,2026-07-13 03:33:44.945403,CUST-10670,4.99,Spain,Credit Card,iOS,17,7,1,3,1
TX-103582,2026-08-05 08:36:44.945403,CUST-10312,2.99,Spain,Mobile Wallet,iOS,7,8,0,8,0
TX-103583,2026-07-16 16:12:44.945403,CUST-10882,6.99,France,Mobile Wallet,Web,10,5,1,16,0
TX-103584,2026-07-12 20:40:44.945403,CUST-10251,2.99,Pakistan,Mobile Wallet,Web,24,1,1,20,0
TX-103585,2026-07-13 17:15:44.945403,CUST-10986,6.99,Spain,Mobile Wallet,Android,10,4,1,17,0
TX-103586,2026-07-09 09:45:44.945403,CUST-10993,4.99,France,Credit Card,Android,15,7,1,9,0
TX-103587,2026-06-14 08:25:44.945403,CUST-10695,4.99,Pakistan,Carrier Billing,Web,18,3,0,8,0
TX-103588,2026-08-31 15:46:44.945403,CUST-10076,9.99,Pakistan,Carrier Billing,Web,22,6,1,15,0
TX-103589,2026-09-03 19:46:44.945403,CUST-10213,14.99,United Kingdom,Mobile Wallet,Android,17,8,1,19,1
TX-103590,2026-08-31 11:02:44.945403,CUST-10531,9.99,Spain,Mobile Wallet,Android,8,3,1,11,0
TX-103591,2026-08-23 10:03:44.945403,CUST-10418,4.99,United Kingdom,Carrier Billing,iOS,29,7,1,10,0
TX-103592,2026-07-20 17:34:44.945403,CUST-10008,4.99,Spain,Carrier Billing,Web,17,1,1,17,1
TX-103593,2026-07-11 08:43:44.945403,CUST-10080,19.99,Pakistan,Carrier Billing,Web,15,5,1,8,0
TX-103594,2026-06-25 12:21:44.945403,CUST-10961,2.99,Spain,Mobile Wallet,Android,23,1,0,12,0
TX-103595,2026-07-26 08:59:44.945403,CUST-10369,6.99,France,Credit Card,Android,12,5,1,8,0
TX-103596,2026-08-10 19:09:44.945403,CUST-10885,19.99,Pakistan,Carrier Billing,iOS,12,7,0,19,0
TX-103597,2026-07-10 22:34:44.945403,CUST-10665,19.99,Pakistan,Carrier Billing,iOS,5,7,1,22,1
TX-103598,2026-06-27 09:40:44.945403,CUST-10845,2.99,Spain,Mobile Wallet,iOS,1,8,1,9,1
TX-103599,2026-07-31 06:24:44.945403,CUST-10954,4.99,Spain,Carrier Billing,Web,30,6,1,6,0
TX-103600,2026-07-03 12:15:44.945403,CUST-10705,14.99,Spain,Credit Card,Web,22,1,1,12,0
TX-103601,2026-06-19 20:36:44.945403,CUST-10885,6.99,France,Credit Card,Web,4,4,0,20,0
TX-103602,2026-06-18 17:24:44.945403,CUST-10274,19.99,United Kingdom,Credit Card,Web,22,2,1,17,1
TX-103603,2026-07-15 01:50:44.945403,CUST-10045,19.99,Pakistan,Mobile Wallet,iOS,15,8,0,1,1
TX-103604,2026-06-23 14:36:44.945403,CUST-10358,2.99,United Kingdom,Carrier Billing,Android,3,3,1,14,0
TX-103605,2026-07-02 12:04:44.945403,CUST-10721,4.99,United Kingdom,Credit Card,Android,26,5,0,12,0
TX-103606,2026-08-04 03:33:44.945403,CUST-10348,14.99,Spain,Mobile Wallet,Android,10,6,1,3,0
TX-103607,2026-06-18 21:27:44.945403,CUST-10439,4.99,United Kingdom,Mobile Wallet,iOS,2,5,0,21,0
TX-103608,2026-09-02 03:26:44.945403,CUST-10806,9.99,France,Credit Card,iOS,22,2,1,3,0
TX-103609,2026-07-09 01:46:44.945403,CUST-10574,9.99,Spain,Mobile Wallet,iOS,5,7,0,1,0
TX-103610,2026-06-19 02:42:44.945403,CUST-10529,14.99,Spain,Mobile Wallet,Android,5,5,1,2,0
TX-103611,2026-07-03 07:17:44.945403,CUST-10777,19.99,Germany,Mobile Wallet,iOS,15,3,1,7,0
TX-103612,2026-08-08 16:29:44.945403,CUST-10313,4.99,France,Credit Card,Web,28,8,1,16,1
TX-103613,2026-09-08 13:19:44.945403,CUST-10887,9.99,France,Credit Card,Android,10,7,1,13,0
TX-103614,2026-07-29 01:16:44.945403,CUST-10887,19.99,Pakistan,Carrier Billing,Web,29,1,0,1,0
TX-103615,2026-07-30 10:56:44.945403,CUST-10662,2.99,France,Carrier Billing,iOS,15,7,0,10,0
TX-103616,2026-08-16 11:34:44.945403,CUST-10051,14.99,France,Carrier Billing,Web,2,7,1,11,1
TX-103617,2026-07-25 08:28:44.945403,CUST-10425,4.99,France,Carrier Billing,iOS,12,3,0,8,0
TX-103618,2026-08-04 21:55:44.945403,CUST-10157,2.99,Spain,Credit Card,Web,7,1,0,21,0
TX-103619,2026-07-06 06:55:44.945403,CUST-10945,19.99,Pakistan,Carrier Billing,Web,10,3,1,6,0
TX-103620,2026-09-05 19:13:44.945403,CUST-10727,2.99,Germany,Carrier Billing,Android,12,5,0,19,0
TX-103621,2026-09-07 05:41:44.945403,CUST-10887,6.99,Germany,Mobile Wallet,Android,28,1,0,5,0
TX-103622,2026-06-23 07:30:44.945403,CUST-10940,14.99,Spain,Carrier Billing,iOS,19,5,1,7,0
TX-103623,2026-06-26 17:53:44.945403,CUST-10161,14.99,United Kingdom,Mobile Wallet,Android,26,6,1,17,0
TX-103624,2026-09-02 19:56:44.945403,CUST-10710,9.99,Germany,Carrier Billing,iOS,7,1,0,19,0
TX-103625,2026-08-20 20:45:44.945403,CUST-10934,4.99,France,Credit Card,Web,24,4,1,20,0
TX-103626,2026-06-15 17:49:44.945403,CUST-10736,4.99,Spain,Mobile Wallet,Web,0,1,0,17,0
TX-103627,2026-08-27 12:50:44.945403,CUST-10464,9.99,Pakistan,Mobile Wallet,iOS,9,3,1,12,0
TX-103628,2026-07-04 13:23:44.945403,CUST-10862,19.99,France,Credit Card,iOS,21,1,1,13,0
TX-103629,2026-07-04 11:34:44.945403,CUST-10127,9.99,United Kingdom,Credit Card,Web,4,1,1,11,0
TX-103630,2026-07-14 23:00:44.945403,CUST-10830,6.99,United Kingdom,Carrier Billing,Web,6,5,0,23,0
TX-103631,2026-07-18 06:52:44.945403,CUST-10601,2.99,France,Credit Card,Android,23,3,1,6,0
TX-103632,2026-07-24 12:39:44.945403,CUST-10571,19.99,Spain,Credit Card,iOS,6,4,0,12,0
TX-103633,2026-07-04 06:31:44.945403,CUST-10020,9.99,Spain,Credit Card,iOS,7,4,0,6,0
TX-103634,2026-07-02 18:58:44.945403,CUST-10433,6.99,Pakistan,Carrier Billing,Android,9,8,1,18,1
TX-103635,2026-08-02 17:50:44.945403,CUST-10551,6.99,Spain,Mobile Wallet,iOS,5,1,0,17,0
TX-103636,2026-06-15 22:26:44.945403,CUST-10331,2.99,Germany,Carrier Billing,Android,7,3,1,22,0
TX-103637,2026-06-14 10:26:44.945403,CUST-10499,19.99,Pakistan,Credit Card,iOS,10,8,0,10,1
TX-103638,2026-09-06 20:59:44.945403,CUST-10989,6.99,Pakistan,Credit Card,Android,4,5,1,20,0
TX-103639,2026-06-18 08:05:44.945403,CUST-10080,14.99,United Kingdom,Carrier Billing,iOS,26,6,0,8,0
TX-103640,2026-07-03 00:35:44.945403,CUST-10522,2.99,Germany,Mobile Wallet,Android,18,2,0,0,0
TX-103641,2026-08-17 13:16:44.945403,CUST-10997,6.99,Pakistan,Credit Card,Web,23,4,1,13,0
TX-103642,2026-07-04 23:14:44.945403,CUST-10953,2.99,United Kingdom,Mobile Wallet,iOS,3,6,1,23,0
TX-103643,2026-07-10 10:36:44.945403,CUST-10366,9.99,Pakistan,Credit Card,iOS,25,4,0,10,0
TX-103644,2026-08-08 08:43:44.945403,CUST-10665,4.99,France,Credit Card,Android,0,7,0,8,0
TX-103645,2026-06-24 01:32:44.945403,CUST-10865,2.99,United Kingdom,Mobile Wallet,iOS,28,7,0,1,0
TX-103646,2026-06-12 16:45:44.945403,CUST-10894,2.99,Germany,Credit Card,Android,10,1,1,16,0
TX-103647,2026-07-10 11:20:44.945403,CUST-10621,14.99,Germany,Mobile Wallet,iOS,21,7,1,11,0
TX-103648,2026-06-18 21:29:44.945403,CUST-10313,4.99,Spain,Mobile Wallet,iOS,0,1,0,21,0
TX-103649,2026-06-19 00:20:44.945403,CUST-10938,6.99,Germany,Mobile Wallet,Android,27,1,0,0,0
TX-103650,2026-07-26 01:19:44.945403,CUST-10851,14.99,United Kingdom,Mobile Wallet,Web,3,4,0,1,0
TX-103651,2026-09-08 11:51:44.945403,CUST-10917,9.99,Pakistan,Credit Card,Android,17,2,1,11,0
TX-103652,2026-07-24 22:06:44.945403,CUST-10724,14.99,France,Carrier Billing,Web,26,6,1,22,0
TX-103653,2026-06-16 00:28:44.945403,CUST-10358,19.99,Pakistan,Mobile Wallet,Web,12,6,1,0,0
TX-103654,2026-07-30 16:06:44.945403,CUST-10776,4.99,Germany,Credit Card,Android,16,1,0,16,0
TX-103655,2026-06-26 01:30:44.945403,CUST-10731,9.99,Spain,Carrier Billing,Web,20,2,1,1,0
TX-103656,2026-08-08 09:45:44.945403,CUST-10197,9.99,Spain,Credit Card,iOS,9,1,1,9,0
TX-103657,2026-08-17 01:01:44.945403,CUST-10741,19.99,Pakistan,Mobile Wallet,Android,1,7,1,1,1
TX-103658,2026-07-29 05:25:44.945403,CUST-10778,14.99,United Kingdom,Mobile Wallet,Web,11,2,1,5,0
TX-103659,2026-07-07 17:03:44.945403,CUST-10622,14.99,Spain,Credit Card,iOS,28,2,1,17,0
TX-103660,2026-07-05 20:01:44.945403,CUST-10577,2.99,Germany,Credit Card,Web,16,7,1,20,0
TX-103661,2026-08-29 21:34:44.945403,CUST-10574,6.99,Germany,Carrier Billing,Android,13,5,1,21,0
TX-103662,2026-07-13 19:30:44.945403,CUST-10684,14.99,France,Credit Card,Android,9,4,0,19,0
TX-103663,2026-09-03 05:47:44.945403,CUST-10640,19.99,Germany,Carrier Billing,Web,29,3,0,5,0
TX-103664,2026-06-24 02:47:44.945403,CUST-10357,14.99,France,Credit Card,iOS,24,4,0,2,0
TX-103665,2026-08-14 21:21:44.945403,CUST-10488,9.99,Spain,Carrier Billing,Web,6,2,1,21,0
TX-103666,2026-08-01 13:46:44.945403,CUST-10492,2.99,United Kingdom,Carrier Billing,iOS,3,6,1,13,0
TX-103667,2026-08-12 03:22:44.945403,CUST-10157,2.99,Pakistan,Carrier Billing,iOS,21,1,0,3,0
TX-103668,2026-09-06 19:25:44.945403,CUST-10837,6.99,France,Credit Card,Android,21,1,1,19,0
TX-103669,2026-06-14 17:01:44.945403,CUST-10519,19.99,Pakistan,Mobile Wallet,Web,18,4,1,17,0
TX-103670,2026-07-23 13:35:44.945403,CUST-10242,14.99,United Kingdom,Credit Card,Android,9,7,0,13,0
TX-103671,2026-06-13 01:20:44.945403,CUST-10207,6.99,Spain,Mobile Wallet,Android,24,1,0,1,0
TX-103672,2026-06-19 02:08:44.945403,CUST-10298,4.99,France,Carrier Billing,Web,9,4,0,2,0
TX-103673,2026-09-08 11:31:44.945403,CUST-10731,6.99,Pakistan,Credit Card,Web,18,7,1,11,0
TX-103674,2026-07-19 11:25:44.945403,CUST-10772,9.99,Spain,Mobile Wallet,Web,15,4,1,11,0
TX-103675,2026-08-05 23:33:44.945403,CUST-10817,9.99,Spain,Carrier Billing,iOS,4,8,1,23,1
TX-103676,2026-06-16 22:10:44.945403,CUST-10004,4.99,Spain,Carrier Billing,Android,4,4,1,22,0
TX-103677,2026-07-16 15:33:44.945403,CUST-10761,9.99,Germany,Carrier Billing,Android,11,2,1,15,0
TX-103678,2026-08-17 21:36:44.945403,CUST-10044,6.99,Pakistan,Mobile Wallet,Web,5,1,1,21,0
TX-103679,2026-07-18 11:54:44.945403,CUST-10441,2.99,United Kingdom,Carrier Billing,Android,6,3,1,11,0
TX-103680,2026-07-08 14:35:44.945403,CUST-10789,6.99,Germany,Mobile Wallet,Web,1,7,0,14,0
TX-103681,2026-07-11 13:31:44.945403,CUST-10143,9.99,Germany,Mobile Wallet,iOS,26,5,1,13,0
TX-103682,2026-06-13 04:53:44.945403,CUST-10148,4.99,France,Mobile Wallet,Web,4,5,1,4,0
TX-103683,2026-06-18 06:32:44.945403,CUST-10250,9.99,Spain,Credit Card,Android,9,6,0,6,0
TX-103684,2026-06-18 13:28:44.945403,CUST-10857,2.99,United Kingdom,Carrier Billing,Web,4,7,1,13,0
TX-103685,2026-08-24 18:45:44.945403,CUST-10124,6.99,Pakistan,Mobile Wallet,Android,21,7,0,18,0
TX-103686,2026-06-14 02:04:44.945403,CUST-10270,9.99,Pakistan,Mobile Wallet,Web,26,2,0,2,0
TX-103687,2026-08-24 01:25:44.945403,CUST-10818,14.99,Spain,Mobile Wallet,iOS,27,7,0,1,0
TX-103688,2026-08-16 23:07:44.945403,CUST-10497,9.99,United Kingdom,Mobile Wallet,Web,24,4,1,23,0
TX-103689,2026-06-15 23:25:44.945403,CUST-10225,6.99,Pakistan,Credit Card,Android,6,2,0,23,0
TX-103690,2026-08-28 22:34:44.945403,CUST-10875,14.99,Pakistan,Credit Card,Android,30,6,0,22,0
TX-103691,2026-07-02 22:09:44.945403,CUST-10160,6.99,Pakistan,Credit Card,Web,21,1,1,22,0
TX-103692,2026-06-15 08:45:44.945403,CUST-10514,6.99,Germany,Carrier Billing,Web,23,5,0,8,0
TX-103693,2026-09-02 00:35:44.945403,CUST-10395,9.99,Pakistan,Credit Card,Web,26,8,0,0,1
TX-103694,2026-06-29 20:55:44.945403,CUST-10107,6.99,France,Credit Card,iOS,10,8,0,20,0
TX-103695,2026-06-25 17:36:44.945403,CUST-10468,6.99,Germany,Mobile Wallet,iOS,25,1,1,17,0
TX-103696,2026-06-14 08:13:44.945403,CUST-10227,4.99,Germany,Credit Card,iOS,19,8,0,8,0
TX-103697,2026-07-02 18:15:44.945403,CUST-10252,14.99,Pakistan,Mobile Wallet,Android,12,5,0,18,0
TX-103698,2026-08-08 04:57:44.945403,CUST-10414,6.99,Pakistan,Carrier Billing,iOS,0,4,0,4,0
TX-103699,2026-08-24 11:57:44.945403,CUST-10461,6.99,Spain,Carrier Billing,Web,20,1,1,11,0
TX-103700,2026-09-06 03:21:44.945403,CUST-10406,4.99,Pakistan,Mobile Wallet,Android,2,1,1,3,0
TX-103701,2026-07-08 17:40:44.945403,CUST-10416,2.99,Spain,Credit Card,Android,12,1,1,17,0
TX-103702,2026-06-13 19:06:44.945403,CUST-10062,6.99,Germany,Credit Card,Web,12,8,1,19,1
TX-103703,2026-07-16 07:32:44.945403,CUST-10793,19.99,United Kingdom,Mobile Wallet,Web,8,5,0,7,0
TX-103704,2026-09-01 14:38:44.945403,CUST-10665,4.99,Germany,Carrier Billing,Android,1,8,1,14,1
TX-103705,2026-06-18 09:25:44.945403,CUST-10455,9.99,Spain,Mobile Wallet,iOS,10,5,0,9,0
TX-103706,2026-08-25 02:50:44.945403,CUST-10956,2.99,Germany,Mobile Wallet,Android,3,2,1,2,0
TX-103707,2026-08-14 21:19:44.945403,CUST-10777,9.99,Pakistan,Carrier Billing,iOS,19,1,0,21,0
TX-103708,2026-07-06 06:05:44.945403,CUST-10293,6.99,Pakistan,Credit Card,iOS,27,7,1,6,0
TX-103709,2026-07-03 00:08:44.945403,CUST-10238,19.99,United Kingdom,Credit Card,Web,18,7,1,0,1
TX-103710,2026-06-26 13:54:44.945403,CUST-10234,14.99,Pakistan,Credit Card,Web,0,4,0,13,0
TX-103711,2026-09-02 09:37:44.945403,CUST-10001,2.99,France,Mobile Wallet,Web,25,3,1,9,0
TX-103712,2026-09-09 01:15:44.945403,CUST-10356,4.99,Germany,Mobile Wallet,Android,30,8,1,1,1
TX-103713,2026-07-23 05:15:44.945403,CUST-10221,14.99,France,Credit Card,Web,29,3,1,5,0
TX-103714,2026-08-16 04:16:44.945403,CUST-10740,4.99,Spain,Mobile Wallet,Web,26,6,1,4,0
TX-103715,2026-09-08 02:58:44.945403,CUST-10677,4.99,United Kingdom,Carrier Billing,iOS,21,7,1,2,1
TX-103716,2026-07-05 14:12:44.945403,CUST-10718,2.99,Spain,Credit Card,Web,6,2,1,14,0
TX-103717,2026-07-17 09:37:44.945403,CUST-10450,2.99,Germany,Carrier Billing,iOS,11,2,1,9,0
TX-103718,2026-08-25 22:14:44.945403,CUST-10327,9.99,United Kingdom,Carrier Billing,Android,28,2,1,22,0
TX-103719,2026-06-14 02:02:44.945403,CUST-10402,19.99,United Kingdom,Mobile Wallet,Web,6,6,1,2,0
TX-103720,2026-07-18 07:45:44.945403,CUST-10213,14.99,United Kingdom,Mobile Wallet,Web,14,1,0,7,0
TX-103721,2026-08-11 04:03:44.945403,CUST-10643,19.99,France,Credit Card,iOS,0,4,0,4,0
TX-103722,2026-06-23 21:35:44.945403,CUST-10486,19.99,Pakistan,Mobile Wallet,Web,12,7,0,21,0
TX-103723,2026-06-23 08:05:44.945403,CUST-10618,19.99,Pakistan,Credit Card,Android,19,3,1,8,0
TX-103724,2026-06-12 12:01:44.945403,CUST-10049,19.99,Pakistan,Carrier Billing,Web,24,1,0,12,0
TX-103725,2026-07-20 11:03:44.945403,CUST-10075,9.99,Pakistan,Mobile Wallet,iOS,6,5,1,11,0
TX-103726,2026-08-18 20:20:44.945403,CUST-10638,19.99,United Kingdom,Carrier Billing,Android,30,2,0,20,1
TX-103727,2026-08-12 01:49:44.945403,CUST-10757,14.99,United Kingdom,Carrier Billing,Web,24,4,1,1,0
TX-103728,2026-07-16 00:45:44.945403,CUST-10852,14.99,United Kingdom,Carrier Billing,Web,21,7,1,0,1
TX-103729,2026-08-12 04:35:44.945403,CUST-10954,4.99,Pakistan,Carrier Billing,iOS,21,5,0,4,0
TX-103730,2026-08-31 18:30:44.945403,CUST-10966,9.99,Spain,Mobile Wallet,iOS,27,6,1,18,0
TX-103731,2026-06-18 05:54:44.945403,CUST-10620,4.99,Spain,Carrier Billing,Web,17,3,0,5,0
TX-103732,2026-07-01 06:32:44.945403,CUST-10768,2.99,United Kingdom,Mobile Wallet,iOS,26,5,0,6,0
TX-103733,2026-06-17 14:26:44.945403,CUST-10653,19.99,Spain,Carrier Billing,Android,6,7,1,14,1
TX-103734,2026-08-13 16:28:44.945403,CUST-10642,9.99,United Kingdom,Carrier Billing,iOS,16,4,1,16,0
TX-103735,2026-08-06 07:58:44.945403,CUST-10605,2.99,Germany,Credit Card,iOS,8,1,0,7,0
TX-103736,2026-08-21 23:51:44.945403,CUST-10591,19.99,Pakistan,Mobile Wallet,Web,23,4,0,23,0
TX-103737,2026-06-24 14:10:44.945403,CUST-10807,14.99,Spain,Mobile Wallet,iOS,25,8,0,14,0
TX-103738,2026-08-31 16:32:44.945403,CUST-10616,4.99,Germany,Mobile Wallet,iOS,19,6,0,16,0
TX-103739,2026-07-10 08:20:44.945403,CUST-10189,14.99,Germany,Credit Card,iOS,9,5,0,8,0
TX-103740,2026-08-18 20:21:44.945403,CUST-10644,9.99,United Kingdom,Credit Card,Web,3,2,0,20,0
TX-103741,2026-09-08 05:55:44.945403,CUST-10227,4.99,Pakistan,Credit Card,iOS,0,1,1,5,0
TX-103742,2026-07-25 10:42:44.945403,CUST-10087,6.99,France,Mobile Wallet,iOS,19,1,1,10,0
TX-103743,2026-06-27 01:07:44.945403,CUST-10798,9.99,United Kingdom,Credit Card,Web,1,3,1,1,0
TX-103744,2026-08-13 11:42:44.945403,CUST-10155,2.99,France,Credit Card,Android,14,3,0,11,0
TX-103745,2026-08-31 12:44:44.945403,CUST-10741,9.99,Germany,Mobile Wallet,Android,6,3,0,12,0
TX-103746,2026-07-08 21:14:44.945403,CUST-10074,14.99,Pakistan,Carrier Billing,Web,10,6,1,21,0
TX-103747,2026-07-02 13:14:44.945403,CUST-10738,9.99,United Kingdom,Carrier Billing,Web,26,6,1,13,0
TX-103748,2026-07-10 14:30:44.945403,CUST-10781,6.99,Pakistan,Mobile Wallet,Web,26,3,1,14,0
TX-103749,2026-07-06 09:07:44.945403,CUST-10698,2.99,Pakistan,Carrier Billing,iOS,21,4,1,9,0
TX-103750,2026-07-23 08:47:44.945403,CUST-10012,4.99,United Kingdom,Credit Card,Android,30,6,1,8,0
TX-103751,2026-07-24 00:00:44.945403,CUST-10883,9.99,Pakistan,Carrier Billing,Android,11,5,0,0,0
TX-103752,2026-06-14 15:26:44.945403,CUST-10815,2.99,United Kingdom,Carrier Billing,iOS,12,4,0,15,0
TX-103753,2026-07-28 02:38:44.945403,CUST-10716,4.99,United Kingdom,Carrier Billing,Web,8,3,1,2,0
TX-103754,2026-09-02 14:31:44.945403,CUST-10858,4.99,Pakistan,Carrier Billing,iOS,21,4,0,14,0
TX-103755,2026-07-22 00:44:44.945403,CUST-10235,19.99,Germany,Credit Card,iOS,17,6,0,0,0
TX-103756,2026-07-24 19:29:44.945403,CUST-10136,2.99,Pakistan,Mobile Wallet,iOS,27,1,1,19,0
TX-103757,2026-07-24 15:10:44.945403,CUST-10259,19.99,Pakistan,Credit Card,Web,22,3,1,15,0
TX-103758,2026-07-20 23:37:44.945403,CUST-10780,4.99,Germany,Credit Card,Android,5,6,1,23,0
TX-103759,2026-08-13 03:41:44.945403,CUST-10726,2.99,Pakistan,Credit Card,Android,1,2,1,3,0
TX-103760,2026-08-20 19:31:44.945403,CUST-10262,19.99,Spain,Carrier Billing,iOS,28,3,0,19,0
TX-103761,2026-06-13 00:38:44.945403,CUST-10214,9.99,Pakistan,Credit Card,Android,4,4,1,0,0
TX-103762,2026-08-18 17:48:44.945403,CUST-10669,14.99,Spain,Carrier Billing,Web,28,4,1,17,0
TX-103763,2026-08-30 16:42:44.945403,CUST-10838,19.99,France,Carrier Billing,iOS,10,4,0,16,0
TX-103764,2026-08-20 17:12:44.945403,CUST-10586,4.99,United Kingdom,Carrier Billing,Web,3,7,1,17,0
TX-103765,2026-07-20 06:27:44.945403,CUST-10860,9.99,United Kingdom,Credit Card,Web,15,5,0,6,0
TX-103766,2026-08-28 23:08:44.945403,CUST-10001,6.99,France,Credit Card,iOS,2,1,1,23,0
TX-103767,2026-07-17 10:36:44.945403,CUST-10270,14.99,Germany,Carrier Billing,Android,21,5,1,10,0
TX-103768,2026-07-12 00:14:44.945403,CUST-10565,2.99,Pakistan,Credit Card,Web,20,2,1,0,0
TX-103769,2026-06-24 20:16:44.945403,CUST-10594,9.99,Spain,Mobile Wallet,Android,18,3,1,20,0
TX-103770,2026-07-14 12:02:44.945403,CUST-10006,6.99,Pakistan,Mobile Wallet,Web,30,7,1,12,0
TX-103771,2026-08-16 06:51:44.945403,CUST-10791,4.99,Pakistan,Credit Card,Android,22,6,1,6,0
TX-103772,2026-07-04 02:44:44.945403,CUST-10713,4.99,Spain,Mobile Wallet,Web,29,1,1,2,0
TX-103773,2026-07-31 18:11:44.945403,CUST-10197,9.99,Germany,Mobile Wallet,iOS,7,6,1,18,0
TX-103774,2026-09-06 17:59:44.945403,CUST-10716,19.99,France,Credit Card,iOS,5,6,0,17,0
TX-103775,2026-06-16 02:36:44.945403,CUST-10790,2.99,Pakistan,Carrier Billing,iOS,24,3,1,2,0
TX-103776,2026-08-13 06:44:44.945403,CUST-10445,4.99,Germany,Credit Card,Web,17,3,1,6,0
TX-103777,2026-06-19 08:39:44.945403,CUST-10455,6.99,United Kingdom,Mobile Wallet,Android,7,1,1,8,0
TX-103778,2026-07-14 12:13:44.945403,CUST-10821,14.99,United Kingdom,Carrier Billing,Web,24,8,0,12,0
TX-103779,2026-07-21 03:44:44.945403,CUST-10069,6.99,Spain,Carrier Billing,Web,28,4,1,3,0
TX-103780,2026-07-11 18:06:44.945403,CUST-10982,19.99,France,Mobile Wallet,Web,11,3,0,18,0
TX-103781,2026-08-23 01:51:44.945403,CUST-10361,14.99,Germany,Credit Card,iOS,14,8,0,1,1
TX-103782,2026-06-29 00:01:44.945403,CUST-10804,9.99,United Kingdom,Mobile Wallet,Android,0,5,1,0,0
TX-103783,2026-09-08 06:57:44.945403,CUST-10146,9.99,France,Credit Card,Web,3,2,1,6,1
TX-103784,2026-08-02 17:41:44.945403,CUST-10913,6.99,United Kingdom,Mobile Wallet,iOS,29,1,0,17,0
TX-103785,2026-08-10 20:47:44.945403,CUST-10950,4.99,Spain,Carrier Billing,Android,6,7,1,20,0
TX-103786,2026-09-03 04:17:44.945403,CUST-10526,4.99,France,Credit Card,iOS,21,2,0,4,0
TX-103787,2026-08-08 17:03:44.945403,CUST-10591,14.99,United Kingdom,Mobile Wallet,Web,7,1,1,17,0
TX-103788,2026-09-02 00:04:44.945403,CUST-10108,19.99,Pakistan,Mobile Wallet,Android,23,8,0,0,1
TX-103789,2026-08-08 12:13:44.945403,CUST-10928,6.99,Germany,Carrier Billing,Android,6,8,1,12,1
TX-103790,2026-06-25 02:27:44.945403,CUST-10525,6.99,United Kingdom,Mobile Wallet,Web,12,2,1,2,0
TX-103791,2026-09-08 01:41:44.945403,CUST-10589,9.99,Germany,Mobile Wallet,Android,1,1,0,1,0
TX-103792,2026-07-27 01:01:44.945403,CUST-10601,6.99,United Kingdom,Mobile Wallet,Web,27,5,1,1,0
TX-103793,2026-08-13 02:44:44.945403,CUST-10922,19.99,France,Credit Card,iOS,3,1,1,2,0
TX-103794,2026-09-02 06:54:44.945403,CUST-10848,4.99,Germany,Carrier Billing,iOS,20,6,1,6,0
TX-103795,2026-07-08 22:54:44.945403,CUST-10787,9.99,France,Mobile Wallet,Android,22,7,0,22,0
TX-103796,2026-08-17 15:09:44.945403,CUST-10265,4.99,France,Mobile Wallet,Web,29,4,1,15,0
TX-103797,2026-08-08 19:42:44.945403,CUST-10727,14.99,Pakistan,Credit Card,Web,22,7,1,19,0
TX-103798,2026-07-10 10:58:44.945403,CUST-10461,14.99,Spain,Mobile Wallet,iOS,10,7,0,10,0
TX-103799,2026-07-29 18:08:44.945403,CUST-10316,4.99,France,Mobile Wallet,Android,15,4,0,18,0
TX-103800,2026-08-10 05:11:44.945403,CUST-10686,2.99,Germany,Credit Card,iOS,3,4,1,5,0
TX-103801,2026-08-09 06:49:44.945403,CUST-10641,2.99,Germany,Mobile Wallet,Web,6,7,0,6,0
TX-103802,2026-06-29 19:41:44.945403,CUST-10732,19.99,United Kingdom,Credit Card,iOS,0,4,0,19,0
TX-103803,2026-08-04 08:45:44.945403,CUST-10618,6.99,Spain,Mobile Wallet,iOS,21,1,0,8,0
TX-103804,2026-08-20 11:39:44.945403,CUST-10985,4.99,Germany,Credit Card,Android,5,8,0,11,0
TX-103805,2026-08-11 22:17:44.945403,CUST-10727,6.99,Pakistan,Credit Card,Web,14,3,1,22,0
TX-103806,2026-06-16 17:41:44.945403,CUST-10192,4.99,Spain,Carrier Billing,iOS,15,8,0,17,0
TX-103807,2026-08-22 23:08:44.945403,CUST-10627,6.99,Pakistan,Mobile Wallet,Android,22,6,1,23,0
TX-103808,2026-08-14 02:28:44.945403,CUST-10462,2.99,Spain,Carrier Billing,Android,13,2,1,2,0
TX-103809,2026-06-29 13:33:44.945403,CUST-10428,6.99,France,Credit Card,Web,8,8,1,13,1
TX-103810,2026-06-26 10:18:44.945403,CUST-10110,14.99,United Kingdom,Carrier Billing,Web,19,2,0,10,0
TX-103811,2026-08-17 12:31:44.945403,CUST-10773,2.99,Germany,Credit Card,Android,14,7,0,12,0
TX-103812,2026-06-27 05:24:44.945403,CUST-10890,4.99,United Kingdom,Mobile Wallet,Android,20,1,1,5,0
TX-103813,2026-07-07 15:22:44.945403,CUST-10429,14.99,France,Carrier Billing,Web,0,5,1,15,0
TX-103814,2026-08-24 16:47:44.945403,CUST-10962,6.99,United Kingdom,Credit Card,Android,4,7,0,16,0
TX-103815,2026-07-20 21:03:44.945403,CUST-10006,9.99,Germany,Credit Card,Web,19,5,0,21,0
TX-103816,2026-06-24 07:35:44.945403,CUST-10499,9.99,Spain,Mobile Wallet,Web,19,1,1,7,0
TX-103817,2026-07-19 06:30:44.945403,CUST-10036,2.99,United Kingdom,Carrier Billing,Web,23,4,1,6,0
TX-103818,2026-08-16 11:18:44.945403,CUST-10676,4.99,Germany,Mobile Wallet,Android,5,3,0,11,0
TX-103819,2026-07-22 06:44:44.945403,CUST-10383,6.99,Pakistan,Credit Card,Android,14,1,1,6,0
TX-103820,2026-09-03 05:34:44.945403,CUST-10473,2.99,Pakistan,Credit Card,Web,3,3,0,5,0
TX-103821,2026-08-04 00:20:44.945403,CUST-10868,4.99,France,Credit Card,Web,1,8,1,0,1
TX-103822,2026-09-01 05:36:44.945403,CUST-10167,2.99,Germany,Carrier Billing,Web,2,4,0,5,0
TX-103823,2026-08-25 07:15:44.945403,CUST-10236,14.99,Pakistan,Mobile Wallet,Web,5,7,0,7,0
TX-103824,2026-08-28 05:36:44.945403,CUST-10345,4.99,Pakistan,Credit Card,Android,5,3,1,5,0
TX-103825,2026-06-16 22:06:44.945403,CUST-10919,14.99,Spain,Carrier Billing,Web,7,8,1,22,1
TX-103826,2026-06-28 09:44:44.945403,CUST-10464,2.99,France,Credit Card,Web,17,6,1,9,0
TX-103827,2026-07-30 14:14:44.945403,CUST-10910,9.99,Spain,Mobile Wallet,Android,1,7,0,14,0
TX-103828,2026-08-13 22:20:44.945403,CUST-10676,14.99,Pakistan,Carrier Billing,Android,13,1,1,22,0
TX-103829,2026-08-14 21:45:44.945403,CUST-10429,6.99,United Kingdom,Mobile Wallet,iOS,4,5,1,21,0
TX-103830,2026-08-27 17:40:44.945403,CUST-10581,9.99,Pakistan,Mobile Wallet,iOS,28,5,1,17,0
TX-103831,2026-08-07 23:36:44.945403,CUST-10263,6.99,Spain,Credit Card,iOS,6,8,1,23,1
TX-103832,2026-07-24 13:40:44.945403,CUST-10506,14.99,United Kingdom,Credit Card,Android,14,1,1,13,0
TX-103833,2026-07-25 09:56:44.945403,CUST-10479,9.99,Pakistan,Credit Card,Android,4,8,0,9,0
TX-103834,2026-06-25 23:16:44.945403,CUST-10408,14.99,Pakistan,Mobile Wallet,Android,16,3,1,23,0
TX-103835,2026-06-18 08:04:44.945403,CUST-10724,19.99,Germany,Credit Card,Android,14,1,0,8,0
TX-103836,2026-08-29 15:39:44.945403,CUST-10504,2.99,United Kingdom,Credit Card,Android,10,7,1,15,0
TX-103837,2026-06-12 19:38:44.945403,CUST-10813,4.99,Pakistan,Mobile Wallet,Web,12,7,1,19,0
TX-103838,2026-09-08 02:15:44.945403,CUST-10890,14.99,France,Mobile Wallet,Android,4,8,0,2,1
TX-103839,2026-08-30 23:10:44.945403,CUST-10178,6.99,Spain,Mobile Wallet,Web,11,4,1,23,0
TX-103840,2026-07-06 10:28:44.945403,CUST-10085,9.99,Pakistan,Carrier Billing,Web,19,2,1,10,0
TX-103841,2026-07-29 09:30:44.945403,CUST-10450,2.99,Pakistan,Credit Card,Android,22,7,1,9,0
TX-103842,2026-06-21 05:02:44.945403,CUST-10375,4.99,Pakistan,Credit Card,iOS,20,2,0,5,0
TX-103843,2026-07-07 19:37:44.945403,CUST-10059,6.99,Spain,Carrier Billing,iOS,17,6,1,19,0
TX-103844,2026-07-23 02:09:44.945403,CUST-10716,4.99,France,Credit Card,Android,21,1,1,2,0
TX-103845,2026-06-20 04:36:44.945403,CUST-10035,14.99,Pakistan,Carrier Billing,Web,15,1,0,4,0
TX-103846,2026-08-17 22:20:44.945403,CUST-10370,2.99,Spain,Carrier Billing,iOS,1,3,1,22,0
TX-103847,2026-08-02 07:33:44.945403,CUST-10484,4.99,Spain,Mobile Wallet,Web,19,3,0,7,0
TX-103848,2026-08-12 06:10:44.945403,CUST-10176,14.99,Germany,Credit Card,Web,25,8,1,6,1
TX-103849,2026-08-12 05:52:44.945403,CUST-10709,19.99,France,Mobile Wallet,Android,27,7,1,5,1
TX-103850,2026-08-18 23:35:44.945403,CUST-10462,19.99,France,Credit Card,Android,11,3,1,23,0
TX-103851,2026-08-12 19:00:44.945403,CUST-10630,19.99,France,Mobile Wallet,Web,5,1,1,19,0
TX-103852,2026-07-07 17:24:44.945403,CUST-10115,6.99,Spain,Credit Card,iOS,1,6,0,17,0
TX-103853,2026-06-28 22:28:44.945403,CUST-10244,9.99,United Kingdom,Carrier Billing,iOS,25,7,1,22,0
TX-103854,2026-08-21 01:47:44.945403,CUST-10802,19.99,United Kingdom,Credit Card,iOS,17,2,1,1,0
TX-103855,2026-06-12 07:00:44.945403,CUST-10857,14.99,France,Credit Card,iOS,24,2,1,7,0
TX-103856,2026-08-10 16:25:44.945403,CUST-10047,6.99,United Kingdom,Credit Card,Web,23,7,0,16,0
TX-103857,2026-08-04 09:32:44.945403,CUST-10626,2.99,United Kingdom,Carrier Billing,Android,30,6,1,9,0
TX-103858,2026-08-17 17:00:44.945403,CUST-10046,19.99,France,Credit Card,iOS,8,6,0,17,0
TX-103859,2026-08-03 10:13:44.945403,CUST-10571,9.99,Spain,Carrier Billing,iOS,11,4,1,10,0
TX-103860,2026-07-22 00:43:44.945403,CUST-10754,14.99,Pakistan,Carrier Billing,Android,2,1,1,0,0
TX-103861,2026-08-29 06:43:44.945403,CUST-10072,14.99,France,Credit Card,Web,13,6,0,6,0
TX-103862,2026-06-18 19:22:44.945403,CUST-10248,6.99,United Kingdom,Credit Card,Android,16,4,0,19,0
TX-103863,2026-07-23 04:13:44.945403,CUST-10740,19.99,Spain,Mobile Wallet,iOS,22,1,0,4,0
TX-103864,2026-06-25 07:24:44.945403,CUST-10672,9.99,France,Carrier Billing,iOS,19,8,0,7,1
TX-103865,2026-08-28 08:47:44.945403,CUST-10339,6.99,United Kingdom,Carrier Billing,Web,16,8,0,8,0
TX-103866,2026-06-24 16:20:44.945403,CUST-10991,2.99,France,Credit Card,Web,8,5,1,16,0
TX-103867,2026-06-12 07:16:44.945403,CUST-10301,4.99,United Kingdom,Carrier Billing,iOS,30,2,1,7,0
TX-103868,2026-09-03 11:47:44.945403,CUST-10258,19.99,Germany,Carrier Billing,Android,8,7,0,11,0
TX-103869,2026-07-27 06:41:44.945403,CUST-10344,14.99,Pakistan,Credit Card,iOS,25,3,0,6,0
TX-103870,2026-08-29 12:33:44.945403,CUST-10965,9.99,United Kingdom,Mobile Wallet,Web,20,8,1,12,1
TX-103871,2026-07-11 22:50:44.945403,CUST-10300,6.99,France,Mobile Wallet,iOS,28,8,1,22,1
TX-103872,2026-07-03 07:12:44.945403,CUST-10284,2.99,Pakistan,Mobile Wallet,Android,23,4,1,7,0
TX-103873,2026-09-03 07:37:44.945403,CUST-10003,19.99,France,Mobile Wallet,iOS,5,8,1,7,1
TX-103874,2026-06-17 16:20:44.945403,CUST-10715,14.99,Spain,Credit Card,iOS,28,4,0,16,0
TX-103875,2026-08-27 08:11:44.945403,CUST-10285,14.99,France,Credit Card,iOS,19,4,1,8,0
TX-103876,2026-08-11 18:09:44.945403,CUST-10357,9.99,Pakistan,Carrier Billing,iOS,13,7,0,18,0
TX-103877,2026-08-14 16:23:44.945403,CUST-10943,4.99,Pakistan,Credit Card,Android,21,7,1,16,0
TX-103878,2026-07-29 01:07:44.945403,CUST-10030,6.99,Spain,Carrier Billing,iOS,1,3,0,1,0
TX-103879,2026-09-03 22:36:44.945403,CUST-10306,4.99,Spain,Carrier Billing,Android,26,8,0,22,0
TX-103880,2026-09-03 00:18:44.945403,CUST-10666,19.99,Germany,Carrier Billing,Web,13,3,1,0,0
TX-103881,2026-08-30 05:53:44.945403,CUST-10895,6.99,Germany,Carrier Billing,Android,25,2,0,5,0
TX-103882,2026-06-30 22:38:44.945403,CUST-10556,19.99,Pakistan,Credit Card,Web,27,3,1,22,0
TX-103883,2026-08-23 11:40:44.945403,CUST-10048,9.99,Germany,Carrier Billing,iOS,22,5,1,11,0
TX-103884,2026-07-28 08:04:44.945403,CUST-10339,14.99,Germany,Credit Card,Android,11,7,1,8,0
TX-103885,2026-07-08 20:08:44.945403,CUST-10081,14.99,Pakistan,Carrier Billing,Web,27,3,1,20,0
TX-103886,2026-09-05 05:56:44.945403,CUST-10175,19.99,United Kingdom,Mobile Wallet,Web,12,7,0,5,0
TX-103887,2026-07-10 15:03:44.945403,CUST-10854,14.99,France,Credit Card,Web,29,5,0,15,0
TX-103888,2026-08-31 21:59:44.945403,CUST-10160,19.99,United Kingdom,Credit Card,iOS,28,1,1,21,0
TX-103889,2026-07-03 22:22:44.945403,CUST-10081,19.99,Spain,Mobile Wallet,Android,26,8,0,22,1
TX-103890,2026-08-19 13:03:44.945403,CUST-10885,4.99,Spain,Mobile Wallet,Android,29,1,0,13,0
TX-103891,2026-09-05 20:08:44.945403,CUST-10390,14.99,Germany,Credit Card,Android,25,8,1,20,1
TX-103892,2026-06-24 06:01:44.945403,CUST-10437,14.99,France,Carrier Billing,iOS,4,8,1,6,1
TX-103893,2026-08-16 14:35:44.945403,CUST-10249,4.99,Pakistan,Mobile Wallet,iOS,14,4,1,14,0
TX-103894,2026-06-19 03:16:44.945403,CUST-10979,19.99,Pakistan,Credit Card,Android,21,4,0,3,0
TX-103895,2026-08-08 11:59:44.945403,CUST-10355,19.99,France,Credit Card,Android,10,7,0,11,0
TX-103896,2026-08-10 01:17:44.945403,CUST-10132,9.99,Germany,Mobile Wallet,Web,24,1,0,1,0
TX-103897,2026-07-01 05:45:44.945403,CUST-10347,14.99,France,Mobile Wallet,Web,15,4,0,5,0
TX-103898,2026-08-21 11:37:44.945403,CUST-10473,4.99,Spain,Carrier Billing,Web,11,8,0,11,0
TX-103899,2026-06-26 17:05:44.945403,CUST-10807,6.99,Pakistan,Mobile Wallet,Android,10,6,1,17,0
TX-103900,2026-07-19 05:22:44.945403,CUST-10533,14.99,Spain,Mobile Wallet,iOS,28,8,0,5,0
TX-103901,2026-06-21 07:43:44.945403,CUST-10425,9.99,United Kingdom,Mobile Wallet,Android,11,7,1,7,0
TX-103902,2026-08-09 13:23:44.945403,CUST-10471,4.99,United Kingdom,Credit Card,iOS,12,1,1,13,0
TX-103903,2026-07-07 05:00:44.945403,CUST-10527,19.99,France,Mobile Wallet,Web,13,8,0,5,1
TX-103904,2026-08-15 15:12:44.945403,CUST-10182,14.99,Pakistan,Mobile Wallet,Android,9,6,1,15,0
TX-103905,2026-09-03 09:58:44.945403,CUST-10706,9.99,Pakistan,Carrier Billing,Web,27,7,0,9,0
TX-103906,2026-08-06 19:56:44.945403,CUST-10268,6.99,United Kingdom,Mobile Wallet,Web,26,5,0,19,0
TX-103907,2026-06-14 17:56:44.945403,CUST-10499,9.99,Pakistan,Mobile Wallet,Web,19,6,0,17,0
TX-103908,2026-06-23 13:50:44.945403,CUST-10966,19.99,Pakistan,Carrier Billing,Android,18,1,0,13,0
TX-103909,2026-09-05 21:37:44.945403,CUST-10516,9.99,Pakistan,Credit Card,Android,17,4,0,21,0
TX-103910,2026-07-31 21:25:44.945403,CUST-10639,2.99,France,Mobile Wallet,Android,1,1,0,21,0
TX-103911,2026-07-01 17:45:44.945403,CUST-10211,9.99,France,Carrier Billing,iOS,12,8,0,17,0
TX-103912,2026-08-10 13:26:44.945403,CUST-10460,9.99,Spain,Mobile Wallet,iOS,2,6,1,13,0
TX-103913,2026-07-21 03:08:44.945403,CUST-10675,14.99,France,Credit Card,Web,29,5,1,3,0
TX-103914,2026-07-12 20:38:44.945403,CUST-10581,6.99,United Kingdom,Mobile Wallet,iOS,11,1,1,20,0
TX-103915,2026-08-09 21:17:44.945403,CUST-10245,19.99,Germany,Carrier Billing,Web,22,2,1,21,0
TX-103916,2026-07-28 15:15:44.945403,CUST-10373,6.99,Pakistan,Mobile Wallet,Android,19,6,0,15,0
TX-103917,2026-06-23 18:40:44.945403,CUST-10756,19.99,France,Carrier Billing,Android,30,8,0,18,1
TX-103918,2026-06-18 14:51:44.945403,CUST-10403,19.99,France,Carrier Billing,Android,19,3,0,14,0
TX-103919,2026-09-02 11:23:44.945403,CUST-10383,9.99,France,Mobile Wallet,iOS,10,3,0,11,0
TX-103920,2026-06-15 12:42:44.945403,CUST-10808,19.99,Spain,Credit Card,Web,12,5,1,12,0
TX-103921,2026-07-28 12:57:44.945403,CUST-10748,14.99,Spain,Credit Card,Android,6,6,0,12,0
TX-103922,2026-09-05 03:51:44.945403,CUST-10093,4.99,France,Credit Card,Android,23,3,0,3,0
TX-103923,2026-07-21 14:05:44.945403,CUST-10239,6.99,Pakistan,Mobile Wallet,iOS,2,3,0,14,0
TX-103924,2026-09-01 21:11:44.945403,CUST-10039,6.99,Spain,Credit Card,iOS,18,6,0,21,0
TX-103925,2026-07-07 13:15:44.945403,CUST-10947,9.99,United Kingdom,Credit Card,Android,4,4,0,13,0
TX-103926,2026-07-18 20:50:44.945403,CUST-10008,2.99,United Kingdom,Mobile Wallet,Android,30,2,0,20,0
TX-103927,2026-08-18 07:18:44.945403,CUST-10986,19.99,Spain,Credit Card,Web,22,6,1,7,0
TX-103928,2026-07-01 08:45:44.945403,CUST-10615,19.99,United Kingdom,Credit Card,Web,5,8,1,8,1
TX-103929,2026-06-19 18:59:44.945403,CUST-10190,9.99,Spain,Credit Card,Android,3,2,0,18,0
TX-103930,2026-06-26 21:54:44.945403,CUST-10634,2.99,Spain,Mobile Wallet,Android,7,1,0,21,0
TX-103931,2026-08-29 01:41:44.945403,CUST-10312,14.99,Pakistan,Carrier Billing,Web,16,1,0,1,0
TX-103932,2026-08-12 12:23:44.945403,CUST-10422,6.99,France,Carrier Billing,Android,3,2,0,12,0
TX-103933,2026-06-18 05:40:44.945403,CUST-10686,4.99,Spain,Credit Card,iOS,30,4,0,5,0
TX-103934,2026-06-25 15:43:44.945403,CUST-10239,9.99,Germany,Credit Card,Android,9,2,1,15,0
TX-103935,2026-08-28 23:25:44.945403,CUST-10670,4.99,United Kingdom,Mobile Wallet,Android,19,2,1,23,0
TX-103936,2026-07-11 01:53:44.945403,CUST-10832,2.99,Pakistan,Carrier Billing,Web,6,3,0,1,0
TX-103937,2026-09-09 14:42:44.945403,CUST-10254,6.99,France,Mobile Wallet,iOS,13,1,1,14,0
TX-103938,2026-09-01 06:18:44.945403,CUST-10531,9.99,Germany,Credit Card,Android,26,8,1,6,1
TX-103939,2026-08-14 21:02:44.945403,CUST-10157,6.99,Germany,Carrier Billing,Android,2,7,0,21,0
TX-103940,2026-06-14 05:32:44.945403,CUST-10855,4.99,Germany,Mobile Wallet,Web,23,2,0,5,0
TX-103941,2026-08-28 11:27:44.945403,CUST-10687,19.99,Pakistan,Credit Card,Web,24,8,0,11,1
TX-103942,2026-08-20 00:06:44.945403,CUST-10877,14.99,United Kingdom,Credit Card,Android,1,7,1,0,1
TX-103943,2026-06-13 22:08:44.945403,CUST-10013,6.99,United Kingdom,Mobile Wallet,iOS,12,7,1,22,0
TX-103944,2026-07-04 04:58:44.945403,CUST-10881,19.99,Spain,Carrier Billing,Android,22,8,0,4,1
TX-103945,2026-06-21 16:40:44.945403,CUST-10760,19.99,France,Mobile Wallet,Android,25,1,1,16,0
TX-103946,2026-06-17 20:03:44.945403,CUST-10280,19.99,Pakistan,Mobile Wallet,iOS,6,4,0,20,0
TX-103947,2026-07-01 11:17:44.945403,CUST-10864,2.99,Germany,Credit Card,Web,24,8,1,11,1
TX-103948,2026-08-14 04:37:44.945403,CUST-10554,19.99,United Kingdom,Mobile Wallet,Android,19,3,0,4,0
TX-103949,2026-08-05 10:46:44.945403,CUST-10749,2.99,United Kingdom,Credit Card,Android,4,6,0,10,0
TX-103950,2026-07-31 22:55:44.945403,CUST-10968,6.99,France,Credit Card,iOS,27,2,0,22,0
TX-103951,2026-06-22 06:17:44.945403,CUST-10915,14.99,Germany,Carrier Billing,Android,29,5,0,6,0
TX-103952,2026-07-03 06:21:44.945403,CUST-10438,9.99,United Kingdom,Mobile Wallet,Android,17,8,0,6,0
TX-103953,2026-08-02 01:32:44.945403,CUST-10861,19.99,Spain,Carrier Billing,Android,17,1,0,1,0
TX-103954,2026-07-03 06:44:44.945403,CUST-10421,6.99,Germany,Credit Card,Web,9,7,1,6,0
TX-103955,2026-07-06 17:56:44.945403,CUST-10529,9.99,Germany,Mobile Wallet,iOS,3,7,0,17,0
TX-103956,2026-06-19 21:30:44.945403,CUST-10133,2.99,Germany,Carrier Billing,Android,14,6,1,21,0
TX-103957,2026-08-03 04:49:44.945403,CUST-10452,9.99,Germany,Carrier Billing,Android,8,6,1,4,1
TX-103958,2026-06-21 06:29:44.945403,CUST-10113,19.99,France,Credit Card,Android,11,8,0,6,1
TX-103959,2026-08-15 04:24:44.945403,CUST-10319,19.99,Spain,Mobile Wallet,iOS,28,2,0,4,0
TX-103960,2026-07-16 13:17:44.945403,CUST-10121,2.99,France,Credit Card,Android,27,4,1,13,0
TX-103961,2026-07-28 20:37:44.945403,CUST-10622,4.99,Germany,Mobile Wallet,Web,0,6,1,20,0
TX-103962,2026-08-08 06:05:44.945403,CUST-10276,9.99,France,Credit Card,Android,23,7,0,6,0
TX-103963,2026-08-19 09:37:44.945403,CUST-10261,4.99,Germany,Credit Card,Android,8,1,0,9,0
TX-103964,2026-08-23 14:37:44.945403,CUST-10692,6.99,France,Credit Card,iOS,27,6,1,14,0
TX-103965,2026-06-14 11:08:44.945403,CUST-10009,4.99,Pakistan,Carrier Billing,Android,19,7,0,11,0
TX-103966,2026-08-21 10:29:44.945403,CUST-10153,4.99,United Kingdom,Credit Card,Web,15,5,0,10,0
TX-103967,2026-08-10 04:02:44.945403,CUST-10877,19.99,Germany,Mobile Wallet,Android,12,4,1,4,0
TX-103968,2026-08-30 11:27:44.945403,CUST-10056,14.99,France,Mobile Wallet,Web,14,1,0,11,0
TX-103969,2026-08-21 22:25:44.945403,CUST-10733,14.99,United Kingdom,Carrier Billing,iOS,21,6,0,22,0
TX-103970,2026-06-18 04:38:44.945403,CUST-10193,9.99,France,Carrier Billing,Android,8,5,1,4,0
TX-103971,2026-08-18 17:06:44.945403,CUST-10984,9.99,Germany,Carrier Billing,Android,22,7,0,17,0
TX-103972,2026-09-04 07:40:44.945403,CUST-10584,6.99,United Kingdom,Credit Card,Web,3,5,0,7,0
TX-103973,2026-07-14 04:54:44.945403,CUST-10261,6.99,United Kingdom,Mobile Wallet,iOS,13,6,1,4,0
TX-103974,2026-06-19 13:13:44.945403,CUST-10759,19.99,Germany,Mobile Wallet,Web,11,7,0,13,0
TX-103975,2026-06-27 04:44:44.945403,CUST-10512,2.99,Pakistan,Carrier Billing,iOS,30,2,1,4,0
TX-103976,2026-07-09 17:04:44.945403,CUST-10472,14.99,France,Mobile Wallet,iOS,18,3,0,17,0
TX-103977,2026-06-22 13:18:44.945403,CUST-10835,9.99,Spain,Mobile Wallet,Android,26,3,1,13,0
TX-103978,2026-08-17 12:13:44.945403,CUST-10526,14.99,Germany,Mobile Wallet,Android,21,1,0,12,0
TX-103979,2026-06-13 00:24:44.945403,CUST-10476,14.99,Pakistan,Carrier Billing,Web,22,5,1,0,0
TX-103980,2026-09-06 12:17:44.945403,CUST-10076,19.99,Spain,Carrier Billing,iOS,27,5,1,12,0
TX-103981,2026-09-03 16:29:44.945403,CUST-10873,6.99,Spain,Mobile Wallet,Web,28,4,1,16,0
TX-103982,2026-08-21 07:04:44.945403,CUST-10153,14.99,Spain,Mobile Wallet,Android,15,3,1,7,0
TX-103983,2026-08-29 02:01:44.945403,CUST-10415,19.99,Germany,Mobile Wallet,Web,3,4,0,2,0
TX-103984,2026-07-19 14:08:44.945403,CUST-10906,6.99,Germany,Credit Card,Web,14,8,0,14,0
TX-103985,2026-07-12 22:52:44.945403,CUST-10530,14.99,Spain,Mobile Wallet,Web,2,8,0,22,1
TX-103986,2026-07-29 08:17:44.945403,CUST-10809,14.99,France,Carrier Billing,Web,29,1,1,8,0
TX-103987,2026-06-22 20:28:44.945403,CUST-10118,9.99,Pakistan,Carrier Billing,iOS,29,7,1,20,0
TX-103988,2026-08-15 17:09:44.945403,CUST-10665,2.99,Pakistan,Mobile Wallet,Web,7,1,1,17,0
TX-103989,2026-07-09 11:23:44.945403,CUST-10176,19.99,France,Credit Card,Android,30,6,0,11,0
TX-103990,2026-08-16 12:55:44.945403,CUST-10685,9.99,France,Mobile Wallet,Web,26,8,1,12,1
TX-103991,2026-07-24 12:32:44.945403,CUST-10573,14.99,Pakistan,Mobile Wallet,Android,10,4,0,12,0
TX-103992,2026-06-20 11:38:44.945403,CUST-10160,2.99,United Kingdom,Carrier Billing,Web,5,3,1,11,0
TX-103993,2026-09-08 07:00:44.945403,CUST-10599,2.99,United Kingdom,Credit Card,Web,12,7,0,7,0
TX-103994,2026-07-21 00:42:44.945403,CUST-10369,19.99,Spain,Mobile Wallet,Android,26,6,1,0,0
TX-103995,2026-07-09 20:08:44.945403,CUST-10412,19.99,United Kingdom,Carrier Billing,Android,24,1,0,20,0
TX-103996,2026-08-18 16:03:44.945403,CUST-10483,2.99,United Kingdom,Carrier Billing,iOS,1,4,1,16,0
TX-103997,2026-06-17 09:17:44.945403,CUST-10540,19.99,United Kingdom,Mobile Wallet,iOS,29,7,0,9,0
TX-103998,2026-07-27 05:58:44.945403,CUST-10819,19.99,Pakistan,Mobile Wallet,Web,7,5,1,5,0
TX-103999,2026-08-12 01:23:44.945403,CUST-10711,19.99,Germany,Credit Card,Web,9,8,1,1,1
TX-104000,2026-06-27 21:00:44.945403,CUST-10630,9.99,France,Carrier Billing,iOS,25,5,1,21,0
TX-104001,2026-07-17 19:21:44.945403,CUST-10324,9.99,Spain,Credit Card,iOS,12,6,1,19,0
TX-104002,2026-08-05 07:03:44.945403,CUST-10522,4.99,United Kingdom,Carrier Billing,iOS,18,5,1,7,0
TX-104003,2026-07-13 17:10:44.945403,CUST-10003,2.99,Spain,Credit Card,iOS,24,3,0,17,0
TX-104004,2026-07-21 16:11:44.945403,CUST-10998,4.99,Germany,Mobile Wallet,Android,1,4,0,16,0
TX-104005,2026-07-17 06:11:44.945403,CUST-10679,6.99,France,Carrier Billing,iOS,30,8,0,6,0
TX-104006,2026-08-06 13:00:44.945403,CUST-10932,19.99,Pakistan,Credit Card,iOS,24,1,1,13,0
TX-104007,2026-06-19 17:35:44.945403,CUST-10443,14.99,France,Carrier Billing,Web,4,5,1,17,0
TX-104008,2026-07-25 10:07:44.945403,CUST-10376,2.99,Spain,Credit Card,Web,17,4,1,10,0
TX-104009,2026-08-03 04:06:44.945403,CUST-10607,2.99,Pakistan,Mobile Wallet,iOS,26,4,1,4,0
TX-104010,2026-08-20 16:13:44.945403,CUST-10417,14.99,Spain,Carrier Billing,Android,15,7,0,16,0
TX-104011,2026-07-05 07:51:44.945403,CUST-10132,4.99,United Kingdom,Credit Card,Web,12,3,0,7,0
TX-104012,2026-09-01 08:08:44.945403,CUST-10805,4.99,Germany,Mobile Wallet,Android,5,6,0,8,0
TX-104013,2026-07-03 01:41:44.945403,CUST-10829,4.99,Germany,Mobile Wallet,Web,22,1,0,1,0
TX-104014,2026-08-04 00:26:44.945403,CUST-10319,4.99,Spain,Credit Card,Android,6,8,0,0,1
TX-104015,2026-06-29 05:58:44.945403,CUST-10238,4.99,Pakistan,Mobile Wallet,Web,17,4,1,5,0
TX-104016,2026-08-08 14:52:44.945403,CUST-10784,2.99,Spain,Credit Card,Web,15,1,1,14,0
TX-104017,2026-07-21 21:29:44.945403,CUST-10103,14.99,United Kingdom,Mobile Wallet,Web,20,6,0,21,0
TX-104018,2026-07-20 04:08:44.945403,CUST-10585,19.99,Germany,Mobile Wallet,Android,28,7,1,4,1
TX-104019,2026-08-15 02:51:44.945403,CUST-10365,6.99,France,Mobile Wallet,Web,4,2,1,2,0
TX-104020,2026-08-14 06:33:44.945403,CUST-10552,4.99,Germany,Mobile Wallet,Web,5,7,1,6,0
TX-104021,2026-06-30 15:06:44.945403,CUST-10730,4.99,Germany,Carrier Billing,Web,30,7,1,15,0
TX-104022,2026-07-05 19:13:44.945403,CUST-10743,4.99,United Kingdom,Mobile Wallet,Android,20,1,0,19,0
TX-104023,2026-08-06 16:58:44.945403,CUST-10932,14.99,Germany,Mobile Wallet,Web,16,4,0,16,0
TX-104024,2026-07-15 17:49:44.945403,CUST-10023,4.99,Spain,Carrier Billing,Web,16,6,1,17,0
TX-104025,2026-08-23 11:30:44.945403,CUST-10371,2.99,Pakistan,Carrier Billing,iOS,0,7,1,11,1
TX-104026,2026-09-02 19:45:44.945403,CUST-10754,19.99,United Kingdom,Credit Card,Web,21,1,1,19,0
TX-104027,2026-07-02 04:01:44.945403,CUST-10304,9.99,Germany,Credit Card,Android,27,5,1,4,0
TX-104028,2026-08-01 18:48:44.945403,CUST-10597,6.99,United Kingdom,Carrier Billing,Web,0,4,1,18,0
TX-104029,2026-06-25 04:51:44.945403,CUST-10877,9.99,Germany,Carrier Billing,Android,3,6,1,4,0
TX-104030,2026-07-18 07:18:44.945403,CUST-10247,19.99,Germany,Credit Card,Android,18,7,0,7,0
TX-104031,2026-07-05 06:19:44.945403,CUST-10629,6.99,United Kingdom,Credit Card,Android,6,6,1,6,0
TX-104032,2026-07-07 21:18:44.945403,CUST-10424,6.99,Germany,Mobile Wallet,Web,11,4,0,21,0
TX-104033,2026-07-28 14:23:44.945403,CUST-10502,4.99,Pakistan,Carrier Billing,Android,23,2,0,14,0
TX-104034,2026-08-17 21:00:44.945403,CUST-10826,9.99,Spain,Credit Card,Web,12,4,0,21,0
TX-104035,2026-07-17 09:38:44.945403,CUST-10672,9.99,Spain,Mobile Wallet,Web,26,3,0,9,0
TX-104036,2026-06-30 11:16:44.945403,CUST-10291,14.99,Germany,Credit Card,Web,6,2,1,11,0
TX-104037,2026-06-12 07:38:44.945403,CUST-10816,2.99,United Kingdom,Carrier Billing,Android,19,1,1,7,0
TX-104038,2026-07-21 01:36:44.945403,CUST-10405,19.99,Pakistan,Mobile Wallet,iOS,6,3,1,1,0
TX-104039,2026-09-03 22:59:44.945403,CUST-10773,9.99,United Kingdom,Mobile Wallet,Web,22,4,1,22,0
TX-104040,2026-08-06 17:55:44.945403,CUST-10371,19.99,France,Carrier Billing,iOS,13,1,0,17,0
TX-104041,2026-07-26 23:17:44.945403,CUST-10099,9.99,France,Mobile Wallet,Web,21,6,0,23,0
TX-104042,2026-07-13 17:16:44.945403,CUST-10769,9.99,Spain,Mobile Wallet,iOS,13,7,1,17,0
TX-104043,2026-07-26 19:09:44.945403,CUST-10811,4.99,Spain,Mobile Wallet,iOS,24,1,1,19,0
TX-104044,2026-09-05 17:23:44.945403,CUST-10586,2.99,France,Credit Card,iOS,11,2,0,17,0
TX-104045,2026-08-23 13:38:44.945403,CUST-10915,6.99,Germany,Credit Card,Android,18,4,1,13,0
TX-104046,2026-08-25 01:33:44.945403,CUST-10270,6.99,Pakistan,Mobile Wallet,iOS,16,6,0,1,0
TX-104047,2026-07-17 19:34:44.945403,CUST-10161,19.99,France,Carrier Billing,Android,7,1,1,19,0
TX-104048,2026-08-23 20:59:44.945403,CUST-10622,19.99,Spain,Credit Card,Android,9,4,1,20,0
TX-104049,2026-07-18 18:47:44.945403,CUST-10609,6.99,Spain,Carrier Billing,Android,26,2,1,18,0
TX-104050,2026-08-25 17:24:44.945403,CUST-10240,14.99,Germany,Carrier Billing,Android,16,1,0,17,0
TX-104051,2026-07-10 02:29:44.945403,CUST-10429,14.99,France,Credit Card,iOS,0,5,0,2,0
TX-104052,2026-07-18 11:30:44.945403,CUST-10265,9.99,France,Credit Card,iOS,23,2,0,11,0
TX-104053,2026-06-28 19:25:44.945403,CUST-10181,2.99,France,Carrier Billing,Android,23,7,1,19,0
TX-104054,2026-08-01 00:45:44.945403,CUST-10807,9.99,United Kingdom,Mobile Wallet,Web,2,1,0,0,0
TX-104055,2026-07-09 09:47:44.945403,CUST-10125,6.99,United Kingdom,Mobile Wallet,Android,6,4,1,9,0
TX-104056,2026-07-31 08:30:44.945403,CUST-10425,19.99,Germany,Carrier Billing,Android,26,4,1,8,0
TX-104057,2026-06-11 21:14:44.945403,CUST-10784,2.99,Spain,Mobile Wallet,iOS,25,8,0,21,0
TX-104058,2026-06-12 21:47:44.945403,CUST-10108,2.99,Pakistan,Carrier Billing,iOS,25,6,1,21,0
TX-104059,2026-07-31 04:30:44.945403,CUST-10094,6.99,United Kingdom,Carrier Billing,iOS,23,2,1,4,0
TX-104060,2026-08-21 00:12:44.945403,CUST-10592,2.99,Spain,Credit Card,Web,25,6,0,0,0
TX-104061,2026-07-12 10:37:44.945403,CUST-10123,14.99,Pakistan,Mobile Wallet,Web,25,4,1,10,0
TX-104062,2026-06-19 06:32:44.945403,CUST-10513,9.99,Germany,Carrier Billing,iOS,0,1,1,6,0
TX-104063,2026-06-25 06:58:44.945403,CUST-10611,4.99,Spain,Mobile Wallet,Web,30,6,0,6,0
TX-104064,2026-09-02 20:20:44.945403,CUST-10718,2.99,United Kingdom,Credit Card,Android,4,4,0,20,0
TX-104065,2026-06-18 14:40:44.945403,CUST-10780,4.99,France,Mobile Wallet,iOS,5,3,0,14,0
TX-104066,2026-09-05 14:23:44.945403,CUST-10880,6.99,Pakistan,Mobile Wallet,Android,30,4,1,14,0
TX-104067,2026-06-18 12:05:44.945403,CUST-10958,9.99,Germany,Credit Card,Web,17,6,1,12,0
TX-104068,2026-07-22 17:18:44.945403,CUST-10261,14.99,Pakistan,Credit Card,iOS,3,2,0,17,0
TX-104069,2026-08-22 16:06:44.945403,CUST-10999,19.99,Spain,Mobile Wallet,Android,20,4,0,16,0
TX-104070,2026-08-04 17:34:44.945403,CUST-10850,6.99,Pakistan,Credit Card,iOS,15,2,0,17,0
TX-104071,2026-08-01 07:34:44.945403,CUST-10441,2.99,Pakistan,Mobile Wallet,Android,28,2,0,7,0
TX-104072,2026-08-15 12:32:44.945403,CUST-10660,4.99,United Kingdom,Mobile Wallet,Android,6,1,0,12,0
TX-104073,2026-08-03 23:40:44.945403,CUST-10895,19.99,United Kingdom,Credit Card,Web,23,3,0,23,0
TX-104074,2026-06-25 13:37:44.945403,CUST-10226,2.99,France,Mobile Wallet,iOS,19,7,0,13,0
TX-104075,2026-08-31 02:08:44.945403,CUST-10596,19.99,Germany,Mobile Wallet,Android,18,7,0,2,1
TX-104076,2026-07-14 13:27:44.945403,CUST-10031,6.99,Spain,Carrier Billing,Android,4,1,0,13,0
TX-104077,2026-06-12 09:23:44.945403,CUST-10531,2.99,Germany,Credit Card,Android,30,1,1,9,0
TX-104078,2026-08-23 07:57:44.945403,CUST-10826,9.99,Pakistan,Mobile Wallet,Web,2,8,0,7,1
TX-104079,2026-08-24 01:51:44.945403,CUST-10793,14.99,Spain,Credit Card,iOS,18,6,1,1,0
TX-104080,2026-08-30 12:36:44.945403,CUST-10360,2.99,Germany,Carrier Billing,Web,21,6,0,12,0
TX-104081,2026-06-23 20:14:44.945403,CUST-10708,9.99,France,Credit Card,iOS,13,4,1,20,0
TX-104082,2026-06-15 13:16:44.945403,CUST-10498,6.99,Spain,Mobile Wallet,iOS,2,5,0,13,0
TX-104083,2026-08-10 17:47:44.945403,CUST-10016,6.99,United Kingdom,Credit Card,iOS,29,8,1,17,1
TX-104084,2026-08-28 00:57:44.945403,CUST-10195,19.99,United Kingdom,Credit Card,iOS,12,7,0,0,1
TX-104085,2026-08-24 06:11:44.945403,CUST-10353,4.99,Pakistan,Carrier Billing,iOS,30,5,1,6,0
TX-104086,2026-09-09 02:16:44.945403,CUST-10645,9.99,Pakistan,Credit Card,iOS,21,7,1,2,1
TX-104087,2026-06-13 03:49:44.945403,CUST-10137,19.99,Germany,Carrier Billing,Web,25,8,1,3,1
TX-104088,2026-08-19 21:37:44.945403,CUST-10399,9.99,Spain,Mobile Wallet,Web,12,7,0,21,0
TX-104089,2026-07-09 22:20:44.945403,CUST-10611,14.99,Spain,Credit Card,iOS,28,7,1,22,0
TX-104090,2026-06-23 05:27:44.945403,CUST-10405,6.99,Germany,Carrier Billing,iOS,23,8,1,5,1
TX-104091,2026-06-17 13:57:44.945403,CUST-10918,6.99,Germany,Carrier Billing,Android,2,3,1,13,0
TX-104092,2026-06-28 04:14:44.945403,CUST-10984,4.99,France,Carrier Billing,iOS,26,7,0,4,1
TX-104093,2026-07-11 01:49:44.945403,CUST-10763,14.99,United Kingdom,Credit Card,Web,12,2,1,1,0
TX-104094,2026-07-14 19:15:44.945403,CUST-10978,2.99,France,Carrier Billing,Android,20,6,0,19,0
TX-104095,2026-08-20 17:15:44.945403,CUST-10089,4.99,Pakistan,Mobile Wallet,iOS,11,7,0,17,0
TX-104096,2026-09-07 07:10:44.945403,CUST-10849,14.99,Spain,Credit Card,Web,4,4,0,7,0
TX-104097,2026-08-16 04:39:44.945403,CUST-10728,2.99,Pakistan,Mobile Wallet,Android,28,3,1,4,0
TX-104098,2026-08-31 18:48:44.945403,CUST-10762,4.99,Pakistan,Credit Card,Web,20,2,1,18,0
TX-104099,2026-08-24 08:25:44.945403,CUST-10925,14.99,Germany,Mobile Wallet,Android,8,4,1,8,0
TX-104100,2026-07-25 16:51:44.945403,CUST-10605,14.99,Spain,Mobile Wallet,iOS,1,3,0,16,0
TX-104101,2026-07-20 17:30:44.945403,CUST-10952,14.99,Spain,Carrier Billing,Android,6,8,0,17,0
TX-104102,2026-08-10 07:20:44.945403,CUST-10015,2.99,United Kingdom,Credit Card,Android,27,5,0,7,0
TX-104103,2026-07-13 03:35:44.945403,CUST-10474,14.99,United Kingdom,Credit Card,Android,21,6,1,3,0
TX-104104,2026-07-22 23:11:44.945403,CUST-10995,6.99,France,Carrier Billing,iOS,6,5,0,23,0
TX-104105,2026-08-19 18:39:44.945403,CUST-10505,19.99,Spain,Credit Card,iOS,9,3,0,18,0
TX-104106,2026-06-30 07:07:44.945403,CUST-10334,2.99,Pakistan,Credit Card,Web,21,3,0,7,0
TX-104107,2026-09-09 12:05:44.945403,CUST-10255,6.99,France,Credit Card,Android,17,3,1,12,0
TX-104108,2026-09-09 16:41:44.945403,CUST-10268,9.99,Germany,Credit Card,iOS,12,7,0,16,0
TX-104109,2026-07-31 00:54:44.945403,CUST-10559,9.99,France,Credit Card,Web,22,8,0,0,1
TX-104110,2026-06-23 15:10:44.945403,CUST-10056,19.99,Germany,Credit Card,Android,2,4,1,15,0
TX-104111,2026-08-05 20:22:44.945403,CUST-10194,2.99,France,Mobile Wallet,Android,12,3,0,20,0
TX-104112,2026-06-14 23:49:44.945403,CUST-10492,6.99,Pakistan,Credit Card,iOS,7,1,0,23,0
TX-104113,2026-07-17 03:27:44.945403,CUST-10083,6.99,France,Credit Card,Android,18,7,1,3,1
TX-104114,2026-07-23 20:23:44.945403,CUST-10319,6.99,Spain,Carrier Billing,Android,19,8,0,20,0
TX-104115,2026-08-13 01:43:44.945403,CUST-10871,6.99,Spain,Carrier Billing,Android,28,5,1,1,0
TX-104116,2026-07-21 04:32:44.945403,CUST-10862,14.99,Germany,Carrier Billing,Android,0,1,0,4,0
TX-104117,2026-07-09 09:27:44.945403,CUST-10231,6.99,France,Mobile Wallet,Web,15,6,1,9,0
TX-104118,2026-08-16 02:42:44.945403,CUST-10423,19.99,Pakistan,Mobile Wallet,Web,16,2,1,2,0
TX-104119,2026-06-16 17:48:44.945403,CUST-10970,19.99,Spain,Carrier Billing,iOS,18,3,1,17,0
TX-104120,2026-07-01 15:20:44.945403,CUST-10467,9.99,Spain,Mobile Wallet,Android,15,5,0,15,0
TX-104121,2026-07-01 00:43:44.945403,CUST-10219,2.99,Spain,Carrier Billing,Android,7,6,1,0,0
TX-104122,2026-09-04 10:47:44.945403,CUST-10900,9.99,Pakistan,Credit Card,iOS,6,2,1,10,0
TX-104123,2026-08-30 19:22:44.945403,CUST-10755,14.99,Spain,Credit Card,Web,14,5,1,19,0
TX-104124,2026-08-28 23:57:44.945403,CUST-10508,6.99,Pakistan,Credit Card,Android,7,7,1,23,0
TX-104125,2026-09-09 05:46:44.945403,CUST-10780,6.99,Germany,Carrier Billing,Android,21,8,1,5,1
TX-104126,2026-06-24 12:43:44.945403,CUST-10165,14.99,Spain,Carrier Billing,Android,25,3,0,12,0
TX-104127,2026-09-04 07:37:44.945403,CUST-10217,14.99,Germany,Mobile Wallet,Android,15,5,1,7,0
TX-104128,2026-07-05 15:37:44.945403,CUST-10725,4.99,United Kingdom,Carrier Billing,Android,27,1,1,15,0
TX-104129,2026-07-14 15:17:44.945403,CUST-10659,14.99,Germany,Mobile Wallet,Android,21,1,1,15,0
TX-104130,2026-09-07 20:09:44.945403,CUST-10406,2.99,France,Mobile Wallet,iOS,7,2,0,20,0
TX-104131,2026-08-10 07:58:44.945403,CUST-10936,6.99,Spain,Credit Card,Web,25,5,0,7,0
TX-104132,2026-07-29 06:21:44.945403,CUST-10673,6.99,Germany,Credit Card,Android,4,5,0,6,0
TX-104133,2026-08-30 07:27:44.945403,CUST-10398,19.99,Spain,Credit Card,Web,21,2,1,7,0
TX-104134,2026-06-13 13:59:44.945403,CUST-10314,14.99,Spain,Credit Card,iOS,20,2,0,13,0
TX-104135,2026-08-16 23:50:44.945403,CUST-10346,14.99,France,Credit Card,Web,26,6,1,23,0
TX-104136,2026-08-07 12:45:44.945403,CUST-10252,9.99,United Kingdom,Carrier Billing,Android,6,7,0,12,0
TX-104137,2026-07-17 16:58:44.945403,CUST-10344,14.99,Germany,Carrier Billing,iOS,12,8,1,16,1
TX-104138,2026-07-25 04:53:44.945403,CUST-10499,6.99,United Kingdom,Carrier Billing,iOS,25,7,0,4,0
TX-104139,2026-08-21 10:45:44.945403,CUST-10316,2.99,Germany,Credit Card,Web,2,6,0,10,0
TX-104140,2026-08-01 09:49:44.945403,CUST-10024,14.99,United Kingdom,Credit Card,Android,13,8,0,9,0
TX-104141,2026-08-06 04:18:44.945403,CUST-10621,2.99,Germany,Credit Card,Android,11,1,0,4,0
TX-104142,2026-06-19 07:39:44.945403,CUST-10229,14.99,Pakistan,Credit Card,iOS,16,1,1,7,0
TX-104143,2026-08-19 01:35:44.945403,CUST-10203,9.99,France,Credit Card,Web,5,2,1,1,0
TX-104144,2026-08-05 19:21:44.945403,CUST-10013,2.99,Pakistan,Mobile Wallet,Web,30,7,0,19,0
TX-104145,2026-07-16 20:25:44.945403,CUST-10795,6.99,Germany,Mobile Wallet,Web,0,5,0,20,0
TX-104146,2026-09-02 07:08:44.945403,CUST-10492,4.99,United Kingdom,Mobile Wallet,Android,12,8,1,7,1
TX-104147,2026-07-02 21:31:44.945403,CUST-10396,9.99,Spain,Carrier Billing,Web,21,7,0,21,0
TX-104148,2026-06-28 08:25:44.945403,CUST-10779,4.99,Germany,Carrier Billing,iOS,9,4,0,8,0
TX-104149,2026-07-28 04:16:44.945403,CUST-10817,9.99,United Kingdom,Mobile Wallet,iOS,5,5,1,4,0
TX-104150,2026-07-24 13:01:44.945403,CUST-10106,19.99,France,Credit Card,Web,14,4,0,13,0
TX-104151,2026-07-26 08:32:44.945403,CUST-10478,2.99,Pakistan,Carrier Billing,Web,10,5,0,8,0
TX-104152,2026-07-24 07:42:44.945403,CUST-10692,9.99,Spain,Mobile Wallet,Android,23,7,0,7,0
TX-104153,2026-08-04 05:11:44.945403,CUST-10434,14.99,France,Credit Card,Web,17,7,0,5,0
TX-104154,2026-08-19 16:27:44.945403,CUST-10536,6.99,United Kingdom,Credit Card,Android,30,6,1,16,0
TX-104155,2026-07-25 10:35:44.945403,CUST-10882,14.99,France,Carrier Billing,Web,29,4,1,10,0
TX-104156,2026-08-31 07:01:44.945403,CUST-10508,2.99,Spain,Credit Card,Android,4,8,1,7,1
TX-104157,2026-08-10 17:38:44.945403,CUST-10434,6.99,United Kingdom,Credit Card,iOS,23,6,1,17,0
TX-104158,2026-07-17 02:29:44.945403,CUST-10394,14.99,France,Mobile Wallet,Web,8,8,0,2,1
TX-104159,2026-08-27 11:49:44.945403,CUST-10643,19.99,Spain,Credit Card,iOS,29,5,1,11,0
TX-104160,2026-08-16 02:37:44.945403,CUST-10653,4.99,France,Carrier Billing,iOS,7,8,1,2,1
TX-104161,2026-08-09 18:55:44.945403,CUST-10005,14.99,France,Mobile Wallet,Web,16,7,1,18,0
TX-104162,2026-08-09 06:18:44.945403,CUST-10638,6.99,France,Carrier Billing,Android,14,6,1,6,0
TX-104163,2026-09-05 14:02:44.945403,CUST-10033,9.99,United Kingdom,Carrier Billing,iOS,7,4,0,14,0
TX-104164,2026-07-15 16:54:44.945403,CUST-10947,9.99,United Kingdom,Carrier Billing,Android,23,2,0,16,0
TX-104165,2026-07-16 10:09:44.945403,CUST-10310,19.99,United Kingdom,Carrier Billing,Web,29,5,0,10,0
TX-104166,2026-07-23 14:21:44.945403,CUST-10214,2.99,France,Carrier Billing,iOS,0,7,0,14,0
TX-104167,2026-08-15 03:57:44.945403,CUST-10263,2.99,France,Carrier Billing,Android,25,3,1,3,0
TX-104168,2026-07-02 19:58:44.945403,CUST-10890,14.99,Germany,Mobile Wallet,Web,13,4,0,19,0
TX-104169,2026-09-04 00:11:44.945403,CUST-10404,9.99,France,Mobile Wallet,iOS,8,7,1,0,1
TX-104170,2026-07-04 09:30:44.945403,CUST-10223,4.99,Germany,Carrier Billing,Web,19,8,1,9,1
TX-104171,2026-08-04 23:32:44.945403,CUST-10150,2.99,United Kingdom,Credit Card,Android,1,2,0,23,0
TX-104172,2026-07-26 09:16:44.945403,CUST-10446,2.99,Germany,Mobile Wallet,Android,21,6,0,9,0
TX-104173,2026-09-08 18:16:44.945403,CUST-10530,6.99,United Kingdom,Credit Card,iOS,18,8,0,18,0
TX-104174,2026-07-03 08:12:44.945403,CUST-10883,2.99,Germany,Carrier Billing,iOS,8,4,1,8,0
TX-104175,2026-08-10 12:03:44.945403,CUST-10380,6.99,Germany,Mobile Wallet,Web,6,6,0,12,0
TX-104176,2026-09-02 19:15:44.945403,CUST-10352,19.99,Spain,Credit Card,Android,5,8,0,19,1
TX-104177,2026-08-29 04:47:44.945403,CUST-10540,9.99,France,Credit Card,iOS,1,8,0,4,1
TX-104178,2026-09-03 01:51:44.945403,CUST-10716,14.99,Pakistan,Carrier Billing,Web,5,4,1,1,0
TX-104179,2026-08-29 09:07:44.945403,CUST-10223,14.99,Pakistan,Carrier Billing,Android,15,8,1,9,1
TX-104180,2026-08-09 12:42:44.945403,CUST-10602,14.99,France,Mobile Wallet,Android,22,4,0,12,0
TX-104181,2026-09-04 23:27:44.945403,CUST-10512,9.99,Pakistan,Credit Card,Web,16,1,1,23,0
TX-104182,2026-08-19 21:29:44.945403,CUST-10045,19.99,Germany,Mobile Wallet,iOS,3,1,1,21,0
TX-104183,2026-07-26 23:58:44.945403,CUST-10036,9.99,United Kingdom,Carrier Billing,Web,21,5,1,23,0
TX-104184,2026-07-06 07:57:44.945403,CUST-10524,4.99,Pakistan,Carrier Billing,iOS,16,6,1,7,0
TX-104185,2026-09-04 11:29:44.945403,CUST-10886,6.99,France,Mobile Wallet,Web,0,5,1,11,0
TX-104186,2026-07-25 11:22:44.945403,CUST-10189,14.99,Pakistan,Mobile Wallet,Android,6,2,1,11,0
TX-104187,2026-08-25 10:01:44.945403,CUST-10518,4.99,Germany,Credit Card,Android,23,2,1,10,0
TX-104188,2026-07-29 02:52:44.945403,CUST-10333,19.99,United Kingdom,Mobile Wallet,iOS,30,5,1,2,0
TX-104189,2026-07-31 23:49:44.945403,CUST-10575,19.99,United Kingdom,Credit Card,Web,18,4,0,23,0
TX-104190,2026-06-28 19:16:44.945403,CUST-10995,19.99,Pakistan,Credit Card,Web,28,6,1,19,1
TX-104191,2026-08-15 18:38:44.945403,CUST-10844,6.99,Spain,Credit Card,Web,19,1,0,18,0
TX-104192,2026-06-26 07:46:44.945403,CUST-10211,19.99,Pakistan,Carrier Billing,Web,30,7,1,7,1
TX-104193,2026-06-13 19:07:44.945403,CUST-10982,14.99,Spain,Carrier Billing,iOS,27,7,1,19,0
TX-104194,2026-06-12 03:33:44.945403,CUST-10250,2.99,Germany,Mobile Wallet,Web,18,2,1,3,0
TX-104195,2026-08-23 04:54:44.945403,CUST-10861,2.99,Spain,Mobile Wallet,iOS,6,3,0,4,0
TX-104196,2026-08-29 17:10:44.945403,CUST-10998,19.99,United Kingdom,Credit Card,Android,2,6,0,17,0
TX-104197,2026-06-23 12:12:44.945403,CUST-10205,2.99,United Kingdom,Carrier Billing,Web,1,7,0,12,0
TX-104198,2026-06-16 21:42:44.945403,CUST-10308,14.99,Pakistan,Mobile Wallet,Android,18,4,0,21,0
TX-104199,2026-07-13 09:40:44.945403,CUST-10304,14.99,France,Mobile Wallet,iOS,6,6,1,9,0
TX-104200,2026-07-26 00:56:44.945403,CUST-10614,9.99,Spain,Mobile Wallet,Web,30,3,1,0,0
TX-104201,2026-07-11 20:21:44.945403,CUST-10653,19.99,France,Carrier Billing,Web,26,2,1,20,0
TX-104202,2026-07-30 14:58:44.945403,CUST-10160,9.99,Spain,Mobile Wallet,Android,24,3,1,14,0
TX-104203,2026-08-28 09:39:44.945403,CUST-10134,14.99,France,Carrier Billing,Web,10,3,1,9,0
TX-104204,2026-07-24 08:47:44.945403,CUST-10702,9.99,United Kingdom,Mobile Wallet,Web,23,2,1,8,0
TX-104205,2026-08-04 17:13:44.945403,CUST-10042,4.99,Pakistan,Mobile Wallet,Android,18,7,1,17,0
TX-104206,2026-07-05 16:26:44.945403,CUST-10759,14.99,Germany,Credit Card,Android,21,6,0,16,0
TX-104207,2026-08-20 05:35:44.945403,CUST-10301,14.99,United Kingdom,Credit Card,Web,23,2,1,5,0
TX-104208,2026-07-28 07:33:44.945403,CUST-10585,4.99,France,Credit Card,iOS,22,5,0,7,0
TX-104209,2026-07-12 02:45:44.945403,CUST-10027,9.99,Germany,Mobile Wallet,iOS,11,6,0,2,0
TX-104210,2026-07-12 03:11:44.945403,CUST-10520,14.99,Pakistan,Carrier Billing,Web,24,3,0,3,0
TX-104211,2026-08-21 11:39:44.945403,CUST-10337,6.99,Germany,Credit Card,Web,15,8,1,11,1
TX-104212,2026-08-30 09:33:44.945403,CUST-10184,6.99,France,Mobile Wallet,Android,4,4,1,9,0
TX-104213,2026-07-08 02:40:44.945403,CUST-10754,14.99,Spain,Credit Card,Web,15,1,0,2,0
TX-104214,2026-08-15 13:04:44.945403,CUST-10291,6.99,France,Mobile Wallet,iOS,17,5,1,13,0
TX-104215,2026-07-05 23:45:44.945403,CUST-10944,19.99,Pakistan,Credit Card,iOS,4,4,1,23,0
TX-104216,2026-08-10 20:07:44.945403,CUST-10865,9.99,Pakistan,Carrier Billing,iOS,11,4,1,20,0
TX-104217,2026-09-04 12:25:44.945403,CUST-10172,9.99,Germany,Credit Card,iOS,19,1,1,12,0
TX-104218,2026-08-22 01:21:44.945403,CUST-10158,4.99,Germany,Carrier Billing,Web,15,7,1,1,1
TX-104219,2026-06-17 13:37:44.945403,CUST-10964,6.99,France,Carrier Billing,Web,20,4,1,13,0
TX-104220,2026-09-02 08:35:44.945403,CUST-10951,19.99,Pakistan,Carrier Billing,iOS,9,6,1,8,0
TX-104221,2026-08-22 18:58:44.945403,CUST-10296,6.99,France,Mobile Wallet,iOS,28,6,1,18,0
TX-104222,2026-09-07 01:47:44.945403,CUST-10125,9.99,United Kingdom,Mobile Wallet,Android,6,6,1,1,0
TX-104223,2026-08-29 04:38:44.945403,CUST-10782,9.99,Germany,Mobile Wallet,Android,17,6,0,4,0
TX-104224,2026-08-23 23:52:44.945403,CUST-10761,14.99,Pakistan,Carrier Billing,Web,13,1,1,23,0
TX-104225,2026-07-24 23:14:44.945403,CUST-10090,6.99,France,Mobile Wallet,iOS,17,6,0,23,0
TX-104226,2026-08-16 05:27:44.945403,CUST-10592,9.99,United Kingdom,Carrier Billing,Android,12,7,0,5,0
TX-104227,2026-08-06 22:20:44.945403,CUST-10698,4.99,Pakistan,Mobile Wallet,Web,13,1,1,22,0
TX-104228,2026-06-14 01:55:44.945403,CUST-10090,2.99,France,Credit Card,Web,6,2,0,1,0
TX-104229,2026-08-27 10:12:44.945403,CUST-10209,4.99,Pakistan,Carrier Billing,iOS,9,1,0,10,0
TX-104230,2026-06-29 03:17:44.945403,CUST-10702,19.99,Spain,Mobile Wallet,Android,30,7,0,3,1
TX-104231,2026-06-15 17:31:44.945403,CUST-10189,2.99,Spain,Mobile Wallet,Web,20,8,0,17,0
TX-104232,2026-09-06 12:20:44.945403,CUST-10064,14.99,United Kingdom,Mobile Wallet,Android,16,5,1,12,0
TX-104233,2026-07-22 19:07:44.945403,CUST-10532,2.99,Germany,Credit Card,iOS,12,4,1,19,0
TX-104234,2026-08-24 01:44:44.945403,CUST-10138,19.99,Pakistan,Mobile Wallet,Android,9,2,0,1,0
TX-104235,2026-08-18 11:19:44.945403,CUST-10784,9.99,Germany,Credit Card,iOS,8,3,1,11,0
TX-104236,2026-08-28 01:30:44.945403,CUST-10030,6.99,Germany,Mobile Wallet,Web,6,3,1,1,0
TX-104237,2026-07-21 08:49:44.945403,CUST-10416,4.99,Germany,Mobile Wallet,Web,10,2,1,8,0
TX-104238,2026-08-28 15:44:44.945403,CUST-10309,6.99,United Kingdom,Mobile Wallet,Android,9,7,1,15,0
TX-104239,2026-07-09 16:54:44.945403,CUST-10954,6.99,Germany,Mobile Wallet,Android,25,6,0,16,0
TX-104240,2026-07-11 14:57:44.945403,CUST-10338,9.99,Germany,Credit Card,Web,4,4,1,14,0
TX-104241,2026-06-25 17:53:44.945403,CUST-10641,9.99,United Kingdom,Carrier Billing,Web,30,7,1,17,0
TX-104242,2026-08-04 11:33:44.945403,CUST-10397,9.99,Germany,Mobile Wallet,Web,2,2,0,11,0
TX-104243,2026-08-03 08:00:44.945403,CUST-10800,4.99,Spain,Mobile Wallet,Web,20,3,1,8,0
TX-104244,2026-07-26 12:21:44.945403,CUST-10140,4.99,Pakistan,Carrier Billing,iOS,6,4,1,12,0
TX-104245,2026-08-21 06:21:44.945403,CUST-10276,2.99,Germany,Mobile Wallet,Web,2,4,1,6,0
TX-104246,2026-07-09 05:38:44.945403,CUST-10723,14.99,France,Credit Card,Web,7,1,1,5,0
TX-104247,2026-07-11 16:45:44.945403,CUST-10598,9.99,France,Mobile Wallet,iOS,21,7,1,16,0
TX-104248,2026-07-23 18:14:44.945403,CUST-10514,9.99,United Kingdom,Mobile Wallet,Android,1,6,1,18,0
TX-104249,2026-08-17 17:38:44.945403,CUST-10134,9.99,Germany,Mobile Wallet,iOS,8,5,1,17,0
TX-104250,2026-07-19 13:26:44.945403,CUST-10937,4.99,Spain,Credit Card,Android,11,7,0,13,0
TX-104251,2026-07-21 09:28:44.945403,CUST-10363,4.99,France,Credit Card,Android,1,1,1,9,0
TX-104252,2026-09-09 02:52:44.945403,CUST-10701,14.99,Germany,Credit Card,iOS,14,2,1,2,0
TX-104253,2026-07-04 13:42:44.945403,CUST-10333,2.99,United Kingdom,Carrier Billing,Web,16,6,0,13,0
TX-104254,2026-07-19 01:40:44.945403,CUST-10383,19.99,Pakistan,Carrier Billing,Android,10,6,0,1,0
TX-104255,2026-08-07 19:51:44.945403,CUST-10269,4.99,Spain,Carrier Billing,Web,18,8,1,19,1
TX-104256,2026-06-30 11:57:44.945403,CUST-10190,9.99,United Kingdom,Mobile Wallet,Web,1,5,0,11,0
TX-104257,2026-07-31 17:35:44.945403,CUST-10098,2.99,Germany,Carrier Billing,Web,25,2,1,17,0
TX-104258,2026-07-14 22:53:44.945403,CUST-10154,4.99,United Kingdom,Carrier Billing,Web,8,6,1,22,0
TX-104259,2026-08-10 09:54:44.945403,CUST-10797,6.99,United Kingdom,Credit Card,iOS,19,1,1,9,0
TX-104260,2026-07-24 21:59:44.945403,CUST-10019,19.99,Spain,Credit Card,Web,19,7,0,21,0
TX-104261,2026-08-23 20:02:44.945403,CUST-10296,4.99,France,Mobile Wallet,Android,1,5,0,20,0
TX-104262,2026-07-25 11:13:44.945403,CUST-10749,19.99,France,Carrier Billing,Android,1,7,0,11,1
TX-104263,2026-08-19 05:29:44.945403,CUST-10156,4.99,Pakistan,Credit Card,Web,18,8,1,5,1
TX-104264,2026-09-05 00:57:44.945403,CUST-10205,9.99,Pakistan,Credit Card,iOS,7,3,0,0,0
TX-104265,2026-06-19 09:09:44.945403,CUST-10624,4.99,Germany,Credit Card,Android,25,2,0,9,0
TX-104266,2026-07-19 06:53:44.945403,CUST-10359,9.99,Pakistan,Carrier Billing,Android,6,7,0,6,0
TX-104267,2026-09-07 23:12:44.945403,CUST-10364,6.99,United Kingdom,Carrier Billing,iOS,24,3,1,23,0
TX-104268,2026-07-12 01:16:44.945403,CUST-10346,4.99,Germany,Credit Card,Android,28,1,0,1,0
TX-104269,2026-09-01 00:21:44.945403,CUST-10484,19.99,Pakistan,Carrier Billing,iOS,23,6,0,0,1
TX-104270,2026-08-31 19:09:44.945403,CUST-10983,6.99,Germany,Mobile Wallet,iOS,1,7,0,19,0
TX-104271,2026-09-06 22:59:44.945403,CUST-10077,2.99,Spain,Carrier Billing,Web,16,2,1,22,0
TX-104272,2026-08-13 11:49:44.945403,CUST-10613,4.99,Spain,Carrier Billing,iOS,25,4,0,11,0
TX-104273,2026-09-03 12:12:44.945403,CUST-10236,2.99,France,Credit Card,Web,9,6,0,12,0
TX-104274,2026-07-19 22:59:44.945403,CUST-10338,9.99,Pakistan,Credit Card,Web,9,4,0,22,0
TX-104275,2026-08-15 03:23:44.945403,CUST-10540,4.99,Pakistan,Carrier Billing,iOS,5,7,1,3,1
TX-104276,2026-07-29 22:40:44.945403,CUST-10802,6.99,France,Mobile Wallet,Android,18,1,0,22,0
TX-104277,2026-07-09 13:54:44.945403,CUST-10070,19.99,Pakistan,Credit Card,Web,9,1,1,13,0
TX-104278,2026-08-06 02:05:44.945403,CUST-10226,4.99,France,Credit Card,iOS,23,4,0,2,0
TX-104279,2026-06-30 08:10:44.945403,CUST-10782,4.99,Pakistan,Credit Card,iOS,22,6,1,8,0
TX-104280,2026-08-14 14:55:44.945403,CUST-10891,2.99,Pakistan,Mobile Wallet,Web,28,5,0,14,0
TX-104281,2026-07-05 20:15:44.945403,CUST-10238,9.99,Germany,Carrier Billing,Web,20,3,0,20,0
TX-104282,2026-06-12 19:57:44.945403,CUST-10848,19.99,France,Credit Card,Android,3,3,1,19,0
TX-104283,2026-08-30 09:25:44.945403,CUST-10637,4.99,United Kingdom,Mobile Wallet,Android,27,4,1,9,0
TX-104284,2026-08-09 06:52:44.945403,CUST-10860,14.99,France,Credit Card,Web,3,8,1,6,1
TX-104285,2026-07-15 23:40:44.945403,CUST-10037,6.99,United Kingdom,Carrier Billing,iOS,30,4,0,23,0
TX-104286,2026-08-14 16:51:44.945403,CUST-10070,2.99,France,Mobile Wallet,iOS,28,2,1,16,0
TX-104287,2026-07-31 18:05:44.945403,CUST-10193,4.99,Pakistan,Credit Card,Web,6,7,1,18,0
TX-104288,2026-06-14 09:32:44.945403,CUST-10531,14.99,France,Mobile Wallet,iOS,1,7,1,9,1
TX-104289,2026-08-23 19:17:44.945403,CUST-10644,6.99,France,Carrier Billing,Web,10,4,1,19,0
TX-104290,2026-08-11 06:56:44.945403,CUST-10509,9.99,France,Carrier Billing,Web,8,7,0,6,0
TX-104291,2026-07-24 13:01:44.945403,CUST-10550,19.99,France,Credit Card,Android,20,3,1,13,0
TX-104292,2026-08-11 01:54:44.945403,CUST-10838,4.99,Germany,Carrier Billing,Android,29,7,0,1,0
TX-104293,2026-07-21 13:13:44.945403,CUST-10524,2.99,Pakistan,Carrier Billing,Web,28,4,1,13,0
TX-104294,2026-08-04 08:14:44.945403,CUST-10664,2.99,United Kingdom,Credit Card,Web,0,2,1,8,0
TX-104295,2026-08-30 06:13:44.945403,CUST-10201,4.99,Germany,Mobile Wallet,iOS,21,3,0,6,0
TX-104296,2026-08-27 16:17:44.945403,CUST-10821,19.99,United Kingdom,Credit Card,iOS,26,8,1,16,1
TX-104297,2026-06-19 13:24:44.945403,CUST-10284,19.99,United Kingdom,Credit Card,Android,22,7,0,13,0
TX-104298,2026-06-21 00:12:44.945403,CUST-10107,14.99,France,Credit Card,Web,20,7,1,0,1
TX-104299,2026-09-07 14:43:44.945403,CUST-10502,9.99,Spain,Mobile Wallet,iOS,30,6,1,14,0
TX-104300,2026-08-02 02:16:44.945403,CUST-10702,2.99,United Kingdom,Carrier Billing,Android,1,6,0,2,0
TX-104301,2026-07-15 09:18:44.945403,CUST-10410,4.99,United Kingdom,Mobile Wallet,Web,14,5,0,9,0
TX-104302,2026-06-16 06:56:44.945403,CUST-10507,6.99,Pakistan,Credit Card,iOS,23,5,1,6,0
TX-104303,2026-06-29 01:42:44.945403,CUST-10371,14.99,Pakistan,Mobile Wallet,Android,23,2,1,1,0
TX-104304,2026-07-05 17:11:44.945403,CUST-10521,9.99,France,Credit Card,iOS,19,4,1,17,0
TX-104305,2026-08-06 18:18:44.945403,CUST-10950,14.99,France,Mobile Wallet,Web,9,4,0,18,0
TX-104306,2026-08-05 20:53:44.945403,CUST-10592,14.99,Germany,Carrier Billing,Android,11,3,0,20,0
TX-104307,2026-08-06 12:40:44.945403,CUST-10204,2.99,Germany,Credit Card,iOS,20,2,0,12,0
TX-104308,2026-07-26 12:55:44.945403,CUST-10114,14.99,Pakistan,Mobile Wallet,iOS,30,4,0,12,0
TX-104309,2026-08-12 14:10:44.945403,CUST-10038,4.99,Pakistan,Carrier Billing,Web,15,4,0,14,0
TX-104310,2026-07-17 15:44:44.945403,CUST-10543,4.99,United Kingdom,Mobile Wallet,Web,25,8,1,15,1
TX-104311,2026-07-11 20:10:44.945403,CUST-10863,6.99,Spain,Credit Card,Web,5,1,0,20,0
TX-104312,2026-07-07 01:08:44.945403,CUST-10794,14.99,Germany,Credit Card,iOS,16,2,0,1,0
TX-104313,2026-06-26 04:54:44.945403,CUST-10412,14.99,United Kingdom,Carrier Billing,iOS,23,6,0,4,0
TX-104314,2026-08-02 18:59:44.945403,CUST-10996,4.99,Spain,Carrier Billing,Web,7,2,1,18,0
TX-104315,2026-07-28 08:08:44.945403,CUST-10441,6.99,Pakistan,Carrier Billing,Web,20,5,1,8,0
TX-104316,2026-08-19 20:29:44.945403,CUST-10659,19.99,Pakistan,Credit Card,iOS,30,8,1,20,1
TX-104317,2026-08-21 22:35:44.945403,CUST-10865,14.99,Pakistan,Credit Card,iOS,6,2,0,22,0
TX-104318,2026-07-01 02:57:44.945403,CUST-10309,19.99,France,Carrier Billing,iOS,7,2,0,2,0
TX-104319,2026-07-26 21:46:44.945403,CUST-10360,2.99,United Kingdom,Carrier Billing,iOS,5,1,1,21,0
TX-104320,2026-08-17 13:57:44.945403,CUST-10806,4.99,Germany,Mobile Wallet,Web,27,6,1,13,0
TX-104321,2026-07-19 21:01:44.945403,CUST-10190,14.99,France,Carrier Billing,Android,18,2,1,21,0
TX-104322,2026-08-31 20:34:44.945403,CUST-10846,9.99,Pakistan,Mobile Wallet,Web,10,6,0,20,0
TX-104323,2026-08-19 22:37:44.945403,CUST-10278,4.99,United Kingdom,Mobile Wallet,iOS,8,2,0,22,0
TX-104324,2026-06-17 23:53:44.945403,CUST-10016,6.99,Spain,Credit Card,Web,18,8,1,23,1
TX-104325,2026-07-13 14:30:44.945403,CUST-10285,14.99,Spain,Carrier Billing,Android,3,2,1,14,0
TX-104326,2026-09-05 05:46:44.945403,CUST-10637,19.99,Pakistan,Carrier Billing,Android,24,4,1,5,0
TX-104327,2026-09-06 14:55:44.945403,CUST-10328,4.99,United Kingdom,Credit Card,Web,28,2,0,14,0
TX-104328,2026-08-16 02:03:44.945403,CUST-10511,2.99,Spain,Credit Card,iOS,11,7,0,2,0
TX-104329,2026-08-30 02:29:44.945403,CUST-10857,9.99,France,Mobile Wallet,Android,12,3,1,2,0
TX-104330,2026-07-12 06:52:44.945403,CUST-10930,6.99,France,Credit Card,Android,0,3,0,6,0
TX-104331,2026-07-12 22:57:44.945403,CUST-10726,6.99,Germany,Mobile Wallet,Web,22,3,0,22,0
TX-104332,2026-08-02 16:52:44.945403,CUST-10291,2.99,Germany,Carrier Billing,iOS,7,5,0,16,0
TX-104333,2026-07-16 17:15:44.945403,CUST-10934,2.99,United Kingdom,Credit Card,iOS,15,1,0,17,0
TX-104334,2026-08-23 07:39:44.945403,CUST-10810,4.99,United Kingdom,Mobile Wallet,Android,1,8,1,7,1
TX-104335,2026-06-29 03:20:44.945403,CUST-10345,4.99,Pakistan,Credit Card,Web,24,2,0,3,1
TX-104336,2026-06-27 08:54:44.945403,CUST-10169,6.99,Pakistan,Credit Card,iOS,12,2,1,8,0
TX-104337,2026-09-02 06:30:44.945403,CUST-10621,6.99,Germany,Credit Card,Web,26,2,1,6,0
TX-104338,2026-06-29 07:24:44.945403,CUST-10223,19.99,Spain,Credit Card,iOS,11,1,0,7,0
TX-104339,2026-09-09 02:31:44.945403,CUST-10962,14.99,Pakistan,Credit Card,iOS,22,6,0,2,0
TX-104340,2026-08-06 14:49:44.945403,CUST-10101,19.99,France,Mobile Wallet,iOS,17,3,0,14,0
TX-104341,2026-06-28 00:40:44.945403,CUST-10755,6.99,United Kingdom,Carrier Billing,Android,2,2,0,0,0
TX-104342,2026-06-26 10:07:44.945403,CUST-10584,14.99,United Kingdom,Credit Card,Web,3,5,0,10,0
TX-104343,2026-08-19 05:17:44.945403,CUST-10086,4.99,United Kingdom,Credit Card,Web,22,7,0,5,0
TX-104344,2026-07-07 18:03:44.945403,CUST-10875,4.99,Germany,Credit Card,Android,0,2,0,18,0
TX-104345,2026-06-14 15:13:44.945403,CUST-10110,9.99,France,Carrier Billing,Android,1,5,1,15,0
TX-104346,2026-09-09 00:42:44.945403,CUST-10515,14.99,United Kingdom,Credit Card,iOS,11,5,0,0,0
TX-104347,2026-06-25 05:23:44.945403,CUST-10474,4.99,United Kingdom,Carrier Billing,Android,21,7,1,5,0
TX-104348,2026-07-11 14:45:44.945403,CUST-10972,14.99,Pakistan,Credit Card,iOS,30,5,0,14,0
TX-104349,2026-09-07 20:14:44.945403,CUST-10320,4.99,Spain,Mobile Wallet,Android,17,1,0,20,0
TX-104350,2026-06-17 11:10:44.945403,CUST-10529,6.99,Spain,Carrier Billing,Android,11,7,0,11,0
TX-104351,2026-07-03 07:41:44.945403,CUST-10296,4.99,United Kingdom,Credit Card,Web,0,3,0,7,0
TX-104352,2026-08-30 15:47:44.945403,CUST-10752,6.99,Germany,Carrier Billing,iOS,15,2,0,15,0
TX-104353,2026-06-26 05:54:44.945403,CUST-10010,4.99,France,Carrier Billing,iOS,5,4,1,5,0
TX-104354,2026-06-15 10:30:44.945403,CUST-10833,9.99,Germany,Credit Card,Android,9,3,0,10,0
TX-104355,2026-08-08 14:34:44.945403,CUST-10956,19.99,United Kingdom,Mobile Wallet,iOS,20,7,1,14,1
TX-104356,2026-07-09 09:06:44.945403,CUST-10053,14.99,Germany,Credit Card,Android,2,1,1,9,0
TX-104357,2026-06-28 02:25:44.945403,CUST-10812,6.99,Pakistan,Carrier Billing,Android,26,4,0,2,0
TX-104358,2026-07-15 13:37:44.945403,CUST-10874,2.99,Pakistan,Mobile Wallet,Web,26,8,0,13,0
TX-104359,2026-07-23 21:40:44.945403,CUST-10823,4.99,France,Credit Card,Android,13,6,1,21,0
TX-104360,2026-07-21 14:53:44.945403,CUST-10762,19.99,United Kingdom,Mobile Wallet,Web,6,3,1,14,0
TX-104361,2026-07-21 09:29:44.945403,CUST-10770,19.99,Spain,Mobile Wallet,Web,10,3,0,9,0
TX-104362,2026-06-21 06:24:44.945403,CUST-10824,14.99,Spain,Mobile Wallet,Web,6,7,0,6,0
TX-104363,2026-08-07 21:16:44.945403,CUST-10170,9.99,United Kingdom,Mobile Wallet,iOS,16,1,1,21,0
TX-104364,2026-08-17 23:49:44.945403,CUST-10940,2.99,France,Carrier Billing,Web,28,4,1,23,0
TX-104365,2026-07-23 10:00:44.945403,CUST-10791,19.99,Spain,Carrier Billing,Web,19,6,0,10,0
TX-104366,2026-06-19 04:42:44.945403,CUST-10742,9.99,United Kingdom,Mobile Wallet,Android,21,2,0,4,0
TX-104367,2026-07-10 07:06:44.945403,CUST-10724,9.99,Pakistan,Credit Card,Android,26,8,0,7,0
TX-104368,2026-07-15 23:38:44.945403,CUST-10006,19.99,United Kingdom,Mobile Wallet,iOS,18,5,1,23,0
TX-104369,2026-07-13 09:28:44.945403,CUST-10467,9.99,United Kingdom,Credit Card,Web,30,7,0,9,0
TX-104370,2026-07-03 11:45:44.945403,CUST-10559,2.99,France,Mobile Wallet,iOS,2,5,1,11,0
TX-104371,2026-07-07 03:37:44.945403,CUST-10766,4.99,Spain,Credit Card,Web,10,6,0,3,0
TX-104372,2026-08-27 20:53:44.945403,CUST-10844,4.99,Pakistan,Mobile Wallet,iOS,19,2,1,20,0
TX-104373,2026-08-03 19:34:44.945403,CUST-10423,4.99,France,Carrier Billing,Web,22,2,0,19,0
TX-104374,2026-07-27 04:10:44.945403,CUST-10316,6.99,Pakistan,Mobile Wallet,Android,27,7,0,4,0
TX-104375,2026-07-14 05:05:44.945403,CUST-10751,14.99,Pakistan,Credit Card,Web,0,5,0,5,0
TX-104376,2026-07-27 01:25:44.945403,CUST-10904,4.99,Spain,Carrier Billing,iOS,4,7,1,1,1
TX-104377,2026-08-22 11:25:44.945403,CUST-10829,9.99,Pakistan,Mobile Wallet,Android,28,3,0,11,0
TX-104378,2026-07-31 11:05:44.945403,CUST-10114,4.99,United Kingdom,Carrier Billing,iOS,2,4,1,11,0
TX-104379,2026-07-09 19:38:44.945403,CUST-10690,9.99,France,Carrier Billing,Android,2,3,1,19,0
TX-104380,2026-09-06 03:27:44.945403,CUST-10595,9.99,Spain,Credit Card,Android,2,2,1,3,0
TX-104381,2026-09-06 16:30:44.945403,CUST-10210,4.99,Pakistan,Carrier Billing,Web,16,7,0,16,0
TX-104382,2026-06-16 18:08:44.945403,CUST-10836,9.99,France,Mobile Wallet,iOS,21,1,0,18,0
TX-104383,2026-09-04 07:17:44.945403,CUST-10545,2.99,United Kingdom,Carrier Billing,Android,22,7,1,7,0
TX-104384,2026-07-15 17:40:44.945403,CUST-10732,2.99,Pakistan,Carrier Billing,Android,2,3,1,17,0
TX-104385,2026-07-04 20:50:44.945403,CUST-10024,14.99,Pakistan,Credit Card,Android,4,5,1,20,0
TX-104386,2026-08-08 14:25:44.945403,CUST-10563,9.99,United Kingdom,Credit Card,Web,25,4,0,14,0
TX-104387,2026-07-07 11:35:44.945403,CUST-10581,14.99,United Kingdom,Credit Card,Android,6,3,0,11,0
TX-104388,2026-08-09 11:52:44.945403,CUST-10318,19.99,Germany,Credit Card,Android,23,4,1,11,0
TX-104389,2026-06-21 08:45:44.945403,CUST-10044,9.99,France,Carrier Billing,Android,25,1,1,8,0
TX-104390,2026-06-12 00:46:44.945403,CUST-10067,2.99,France,Carrier Billing,Android,3,4,1,0,0
TX-104391,2026-09-07 05:46:44.945403,CUST-10763,9.99,United Kingdom,Credit Card,Android,1,8,0,5,1
TX-104392,2026-06-23 11:56:44.945403,CUST-10695,4.99,United Kingdom,Credit Card,iOS,24,8,0,11,0
TX-104393,2026-07-26 09:02:44.945403,CUST-10386,2.99,United Kingdom,Mobile Wallet,Web,30,8,1,9,1
TX-104394,2026-07-25 04:38:44.945403,CUST-10753,9.99,France,Carrier Billing,Android,16,8,1,4,1
TX-104395,2026-06-23 13:53:44.945403,CUST-10808,4.99,United Kingdom,Mobile Wallet,Android,17,4,1,13,0
TX-104396,2026-08-23 15:54:44.945403,CUST-10164,2.99,France,Mobile Wallet,iOS,7,1,1,15,0
TX-104397,2026-08-04 06:41:44.945403,CUST-10258,6.99,France,Mobile Wallet,Web,13,2,1,6,0
TX-104398,2026-07-02 04:26:44.945403,CUST-10287,2.99,United Kingdom,Mobile Wallet,Web,0,8,1,4,1
TX-104399,2026-08-17 02:41:44.945403,CUST-10693,2.99,Spain,Mobile Wallet,Web,25,2,1,2,0
TX-104400,2026-08-24 02:46:44.945403,CUST-10326,14.99,France,Mobile Wallet,Android,29,2,1,2,0
TX-104401,2026-07-17 11:20:44.945403,CUST-10737,4.99,Pakistan,Credit Card,iOS,26,5,0,11,0
TX-104402,2026-08-03 23:16:44.945403,CUST-10187,9.99,Pakistan,Mobile Wallet,Web,10,5,0,23,0
TX-104403,2026-07-02 14:23:44.945403,CUST-10528,6.99,Germany,Credit Card,Android,4,1,1,14,0
TX-104404,2026-06-18 15:43:44.945403,CUST-10786,6.99,Spain,Credit Card,Web,21,5,0,15,0
TX-104405,2026-09-01 08:24:44.945403,CUST-10354,6.99,France,Mobile Wallet,iOS,24,4,1,8,0
TX-104406,2026-09-05 03:22:44.945403,CUST-10777,2.99,Germany,Mobile Wallet,Web,18,7,1,3,1
TX-104407,2026-09-07 22:28:44.945403,CUST-10515,14.99,United Kingdom,Mobile Wallet,Android,20,3,0,22,0
TX-104408,2026-06-14 16:52:44.945403,CUST-10758,2.99,Germany,Carrier Billing,Web,21,1,1,16,0
TX-104409,2026-08-19 16:15:44.945403,CUST-10633,6.99,Germany,Carrier Billing,Android,25,3,1,16,0
TX-104410,2026-08-13 11:40:44.945403,CUST-10454,6.99,Germany,Mobile Wallet,Web,0,5,0,11,0
TX-104411,2026-06-13 22:44:44.945403,CUST-10975,19.99,France,Mobile Wallet,iOS,13,8,0,22,1
TX-104412,2026-07-05 06:12:44.945403,CUST-10973,6.99,Spain,Credit Card,Android,24,5,1,6,0
TX-104413,2026-09-07 08:16:44.945403,CUST-10509,2.99,France,Mobile Wallet,Web,13,8,0,8,0
TX-104414,2026-06-13 06:46:44.945403,CUST-10120,14.99,Germany,Credit Card,Android,7,4,0,6,0
TX-104415,2026-08-21 12:57:44.945403,CUST-10048,19.99,France,Mobile Wallet,iOS,7,1,1,12,0
TX-104416,2026-07-09 21:16:44.945403,CUST-10860,9.99,Germany,Mobile Wallet,Web,19,8,1,21,1
TX-104417,2026-08-24 15:54:44.945403,CUST-10695,2.99,Spain,Mobile Wallet,Android,8,4,0,15,0
TX-104418,2026-07-22 02:46:44.945403,CUST-10639,14.99,United Kingdom,Mobile Wallet,Web,4,5,1,2,0
TX-104419,2026-06-26 11:54:44.945403,CUST-10290,9.99,Pakistan,Credit Card,Web,3,2,0,11,0
TX-104420,2026-07-28 10:15:44.945403,CUST-10436,6.99,Spain,Carrier Billing,Android,2,5,1,10,0
TX-104421,2026-08-25 02:13:44.945403,CUST-10380,2.99,United Kingdom,Carrier Billing,Android,14,6,0,2,0
TX-104422,2026-07-25 01:22:44.945403,CUST-10058,2.99,Spain,Credit Card,Android,28,8,1,1,1
TX-104423,2026-08-27 13:49:44.945403,CUST-10158,6.99,Germany,Mobile Wallet,iOS,9,1,1,13,0
TX-104424,2026-06-24 10:09:44.945403,CUST-10322,2.99,Spain,Carrier Billing,Android,2,6,1,10,0
TX-104425,2026-06-17 21:43:44.945403,CUST-10116,14.99,Pakistan,Mobile Wallet,Android,0,7,0,21,0
TX-104426,2026-07-04 09:57:44.945403,CUST-10754,9.99,United Kingdom,Carrier Billing,Android,25,1,1,9,0
TX-104427,2026-06-27 22:10:44.945403,CUST-10077,19.99,France,Credit Card,Android,20,7,1,22,1
TX-104428,2026-09-05 23:36:44.945403,CUST-10250,19.99,France,Carrier Billing,Web,8,3,1,23,0
TX-104429,2026-06-22 18:30:44.945403,CUST-10126,9.99,Pakistan,Mobile Wallet,iOS,21,5,1,18,0
TX-104430,2026-07-19 10:56:44.945403,CUST-10811,19.99,Pakistan,Mobile Wallet,iOS,27,6,1,10,0
TX-104431,2026-08-20 07:44:44.945403,CUST-10792,6.99,United Kingdom,Carrier Billing,iOS,16,3,1,7,0
TX-104432,2026-06-21 13:06:44.945403,CUST-10276,14.99,United Kingdom,Mobile Wallet,iOS,30,1,0,13,0
TX-104433,2026-06-24 00:18:44.945403,CUST-10199,6.99,United Kingdom,Credit Card,Web,7,6,0,0,0
TX-104434,2026-09-06 05:40:44.945403,CUST-10685,19.99,France,Mobile Wallet,Android,16,1,1,5,0
TX-104435,2026-08-24 04:58:44.945403,CUST-10507,6.99,Pakistan,Credit Card,Web,21,2,1,4,0
TX-104436,2026-07-14 16:31:44.945403,CUST-10265,6.99,Spain,Credit Card,Android,8,8,1,16,1
TX-104437,2026-07-04 21:27:44.945403,CUST-10292,6.99,United Kingdom,Credit Card,iOS,25,4,0,21,0
TX-104438,2026-07-07 13:15:44.945403,CUST-10826,2.99,Pakistan,Credit Card,Android,12,3,1,13,0
TX-104439,2026-07-21 09:28:44.945403,CUST-10128,19.99,Germany,Credit Card,iOS,25,4,1,9,0
TX-104440,2026-07-02 14:19:44.945403,CUST-10804,14.99,France,Mobile Wallet,iOS,20,7,0,14,0
TX-104441,2026-06-24 13:44:44.945403,CUST-10124,2.99,France,Carrier Billing,iOS,5,6,1,13,0
TX-104442,2026-07-14 02:21:44.945403,CUST-10748,4.99,United Kingdom,Credit Card,Android,2,7,0,2,1
TX-104443,2026-08-06 18:55:44.945403,CUST-10874,4.99,Spain,Mobile Wallet,Web,8,8,0,18,0
TX-104444,2026-06-24 21:37:44.945403,CUST-10406,4.99,France,Mobile Wallet,Android,22,8,1,21,1
TX-104445,2026-08-13 06:19:44.945403,CUST-10403,2.99,Spain,Carrier Billing,iOS,1,4,1,6,0
TX-104446,2026-08-08 14:53:44.945403,CUST-10611,14.99,United Kingdom,Credit Card,iOS,30,3,1,14,0
TX-104447,2026-07-14 09:28:44.945403,CUST-10159,19.99,Spain,Credit Card,Android,25,8,1,9,1
TX-104448,2026-08-16 22:18:44.945403,CUST-10268,6.99,France,Mobile Wallet,Web,23,6,1,22,0
TX-104449,2026-08-17 13:53:44.945403,CUST-10519,2.99,Spain,Credit Card,Web,6,2,1,13,0
TX-104450,2026-07-08 01:27:44.945403,CUST-10697,19.99,Spain,Credit Card,Web,3,4,0,1,0
TX-104451,2026-09-04 16:01:44.945403,CUST-10699,6.99,Pakistan,Carrier Billing,Android,19,4,1,16,0
TX-104452,2026-09-03 01:41:44.945403,CUST-10132,9.99,Germany,Carrier Billing,iOS,13,5,0,1,0
TX-104453,2026-07-07 01:09:44.945403,CUST-10041,6.99,Germany,Credit Card,Web,11,2,0,1,0
TX-104454,2026-07-16 05:47:44.945403,CUST-10236,14.99,Pakistan,Carrier Billing,Android,11,1,0,5,0
TX-104455,2026-08-24 02:20:44.945403,CUST-10134,14.99,United Kingdom,Carrier Billing,Android,15,5,1,2,0
TX-104456,2026-06-27 07:15:44.945403,CUST-10812,14.99,Spain,Credit Card,iOS,15,8,1,7,1
TX-104457,2026-08-07 17:45:44.945403,CUST-10215,6.99,France,Carrier Billing,Android,26,8,0,17,0
TX-104458,2026-06-23 23:29:44.945403,CUST-10732,9.99,United Kingdom,Carrier Billing,Web,13,3,0,23,0
TX-104459,2026-07-13 05:34:44.945403,CUST-10122,2.99,Pakistan,Carrier Billing,iOS,0,8,1,5,1
TX-104460,2026-06-18 00:27:44.945403,CUST-10263,4.99,France,Mobile Wallet,Web,12,7,1,0,1
TX-104461,2026-07-27 01:37:44.945403,CUST-10069,6.99,France,Credit Card,Android,3,1,1,1,0
TX-104462,2026-08-01 20:33:44.945403,CUST-10581,14.99,Spain,Carrier Billing,Web,14,4,0,20,0
TX-104463,2026-08-02 14:06:44.945403,CUST-10370,2.99,Germany,Mobile Wallet,Android,26,4,1,14,0
TX-104464,2026-08-26 08:49:44.945403,CUST-10926,4.99,Pakistan,Carrier Billing,Web,15,4,1,8,0
TX-104465,2026-08-18 09:37:44.945403,CUST-10318,14.99,France,Carrier Billing,Android,21,8,1,9,1
TX-104466,2026-08-26 08:30:44.945403,CUST-10916,19.99,Pakistan,Mobile Wallet,Android,13,1,0,8,0
TX-104467,2026-07-24 19:47:44.945403,CUST-10154,4.99,Pakistan,Mobile Wallet,Web,20,8,0,19,0
TX-104468,2026-09-05 18:13:44.945403,CUST-10771,2.99,United Kingdom,Mobile Wallet,iOS,11,3,0,18,0
TX-104469,2026-08-09 09:34:44.945403,CUST-10716,6.99,United Kingdom,Credit Card,Android,4,4,0,9,0
TX-104470,2026-07-11 16:44:44.945403,CUST-10830,14.99,United Kingdom,Mobile Wallet,Web,14,6,0,16,0
TX-104471,2026-07-22 09:41:44.945403,CUST-10808,14.99,Pakistan,Carrier Billing,Android,6,1,0,9,0
TX-104472,2026-08-29 11:22:44.945403,CUST-10003,14.99,France,Carrier Billing,iOS,10,1,0,11,0
TX-104473,2026-08-17 16:30:44.945403,CUST-10286,2.99,Spain,Carrier Billing,Android,14,7,1,16,0
TX-104474,2026-07-28 19:02:44.945403,CUST-10717,9.99,France,Credit Card,Web,17,6,0,19,0
TX-104475,2026-08-03 04:43:44.945403,CUST-10771,2.99,France,Credit Card,Android,9,8,0,4,0
TX-104476,2026-07-17 10:18:44.945403,CUST-10422,14.99,France,Mobile Wallet,iOS,4,8,0,10,0
TX-104477,2026-09-06 19:42:44.945403,CUST-10347,2.99,United Kingdom,Carrier Billing,iOS,24,3,0,19,0
TX-104478,2026-09-07 22:23:44.945403,CUST-10940,4.99,United Kingdom,Credit Card,Web,10,1,1,22,0
TX-104479,2026-06-25 03:59:44.945403,CUST-10108,9.99,Germany,Credit Card,Web,6,5,0,3,0
TX-104480,2026-09-02 03:54:44.945403,CUST-10293,2.99,Germany,Mobile Wallet,iOS,14,5,0,3,0
TX-104481,2026-09-01 06:23:44.945403,CUST-10695,14.99,Germany,Mobile Wallet,Web,23,6,1,6,0
TX-104482,2026-08-07 08:14:44.945403,CUST-10077,2.99,Pakistan,Credit Card,Web,25,7,1,8,0
TX-104483,2026-09-08 21:44:44.945403,CUST-10439,6.99,Pakistan,Mobile Wallet,iOS,19,4,1,21,0
TX-104484,2026-09-01 02:48:44.945403,CUST-10324,4.99,Germany,Credit Card,Android,2,3,1,2,0
TX-104485,2026-08-30 20:19:44.945403,CUST-10863,2.99,Germany,Mobile Wallet,iOS,11,3,1,20,0
TX-104486,2026-09-09 15:43:44.945403,CUST-10958,9.99,United Kingdom,Carrier Billing,iOS,14,1,1,15,0
TX-104487,2026-08-08 01:00:44.945403,CUST-10603,4.99,Germany,Credit Card,Android,25,8,1,1,1
TX-104488,2026-08-03 15:21:44.945403,CUST-10182,9.99,United Kingdom,Carrier Billing,Android,26,4,0,15,0
TX-104489,2026-06-30 19:39:44.945403,CUST-10987,6.99,Germany,Carrier Billing,Android,11,7,1,19,0
TX-104490,2026-06-18 10:37:44.945403,CUST-10158,4.99,Pakistan,Carrier Billing,Web,24,6,1,10,0
TX-104491,2026-08-29 08:44:44.945403,CUST-10589,6.99,United Kingdom,Carrier Billing,iOS,7,3,1,8,0
TX-104492,2026-08-21 10:50:44.945403,CUST-10397,9.99,Pakistan,Carrier Billing,Web,17,1,1,10,0
TX-104493,2026-08-24 16:37:44.945403,CUST-10550,4.99,Germany,Mobile Wallet,Web,1,4,0,16,0
TX-104494,2026-09-02 16:32:44.945403,CUST-10275,2.99,Spain,Mobile Wallet,iOS,10,4,0,16,0
TX-104495,2026-07-11 06:31:44.945403,CUST-10444,19.99,United Kingdom,Credit Card,Web,28,8,1,6,1
TX-104496,2026-06-14 08:51:44.945403,CUST-10754,9.99,Pakistan,Credit Card,Android,0,8,1,8,1
TX-104497,2026-06-20 21:29:44.945403,CUST-10851,6.99,Spain,Carrier Billing,iOS,1,1,1,21,0
TX-104498,2026-06-19 01:51:44.945403,CUST-10747,19.99,Germany,Credit Card,iOS,6,7,1,1,1
TX-104499,2026-08-17 03:19:44.945403,CUST-10652,9.99,Spain,Mobile Wallet,Web,14,7,0,3,0
TX-104500,2026-09-02 08:54:44.945403,CUST-10366,9.99,Germany,Credit Card,Android,23,6,1,8,0
TX-104501,2026-08-26 16:59:44.945403,CUST-10513,9.99,Germany,Carrier Billing,Web,4,5,1,16,0
TX-104502,2026-07-06 19:12:44.945403,CUST-10174,9.99,United Kingdom,Credit Card,Android,20,2,1,19,0
TX-104503,2026-08-17 16:00:44.945403,CUST-10618,14.99,United Kingdom,Credit Card,Android,13,4,1,16,0
TX-104504,2026-06-27 12:19:44.945403,CUST-10084,19.99,Spain,Carrier Billing,Android,22,4,0,12,0
TX-104505,2026-08-02 02:50:44.945403,CUST-10804,2.99,Pakistan,Credit Card,Web,26,2,0,2,0
TX-104506,2026-06-24 11:20:44.945403,CUST-10677,19.99,Pakistan,Credit Card,Web,8,5,1,11,0
TX-104507,2026-09-03 22:18:44.945403,CUST-10814,9.99,Pakistan,Credit Card,Web,8,2,1,22,0
TX-104508,2026-07-16 10:22:44.945403,CUST-10399,2.99,France,Credit Card,iOS,17,4,0,10,0
TX-104509,2026-07-18 10:25:44.945403,CUST-10702,19.99,France,Credit Card,iOS,20,7,1,10,1
TX-104510,2026-08-25 10:11:44.945403,CUST-10683,9.99,Germany,Credit Card,iOS,23,7,1,10,0
TX-104511,2026-07-04 18:23:44.945403,CUST-10492,9.99,Pakistan,Mobile Wallet,iOS,4,1,1,18,0
TX-104512,2026-06-24 13:39:44.945403,CUST-10600,9.99,France,Credit Card,iOS,29,3,0,13,0
TX-104513,2026-06-17 12:01:44.945403,CUST-10294,14.99,United Kingdom,Mobile Wallet,Web,15,3,1,12,0
TX-104514,2026-07-24 10:56:44.945403,CUST-10369,6.99,France,Carrier Billing,Android,0,7,0,10,0
TX-104515,2026-08-01 06:47:44.945403,CUST-10370,19.99,Pakistan,Credit Card,Web,5,8,0,6,1
TX-104516,2026-07-21 03:48:44.945403,CUST-10803,19.99,France,Carrier Billing,Android,12,8,0,3,1
TX-104517,2026-08-29 05:04:44.945403,CUST-10983,9.99,Spain,Mobile Wallet,Android,7,3,0,5,0
TX-104518,2026-06-16 22:00:44.945403,CUST-10198,2.99,United Kingdom,Mobile Wallet,Android,18,4,0,22,0
TX-104519,2026-09-01 11:42:44.945403,CUST-10080,2.99,Pakistan,Mobile Wallet,iOS,21,1,1,11,0
TX-104520,2026-07-27 12:39:44.945403,CUST-10544,6.99,France,Mobile Wallet,iOS,10,6,0,12,0
TX-104521,2026-07-14 05:05:44.945403,CUST-10157,14.99,Germany,Carrier Billing,iOS,2,5,0,5,0
TX-104522,2026-07-23 11:52:44.945403,CUST-10958,6.99,France,Credit Card,Web,30,4,1,11,0
TX-104523,2026-07-23 02:16:44.945403,CUST-10980,14.99,United Kingdom,Carrier Billing,Web,16,8,0,2,1
TX-104524,2026-07-11 17:27:44.945403,CUST-10357,9.99,Germany,Mobile Wallet,iOS,28,4,0,17,0
TX-104525,2026-07-31 05:52:44.945403,CUST-10729,14.99,France,Mobile Wallet,Web,17,7,1,5,0
TX-104526,2026-08-10 07:44:44.945403,CUST-10546,4.99,France,Mobile Wallet,iOS,28,1,0,7,0
TX-104527,2026-08-19 02:52:44.945403,CUST-10597,2.99,Germany,Carrier Billing,iOS,27,7,1,2,1
TX-104528,2026-07-20 04:00:44.945403,CUST-10720,4.99,United Kingdom,Carrier Billing,iOS,25,5,0,4,0
TX-104529,2026-08-29 03:14:44.945403,CUST-10370,2.99,Germany,Mobile Wallet,iOS,6,7,1,3,1
TX-104530,2026-08-27 04:10:44.945403,CUST-10620,2.99,Pakistan,Carrier Billing,Android,20,8,0,4,0
TX-104531,2026-06-17 03:30:44.945403,CUST-10695,14.99,France,Mobile Wallet,Web,21,3,0,3,0
TX-104532,2026-09-06 18:59:44.945403,CUST-10676,9.99,Spain,Carrier Billing,Android,3,6,0,18,0
TX-104533,2026-08-08 13:20:44.945403,CUST-10280,6.99,Germany,Carrier Billing,iOS,26,5,1,13,0
TX-104534,2026-06-25 13:18:44.945403,CUST-10036,2.99,Germany,Credit Card,iOS,13,4,0,13,0
TX-104535,2026-09-09 13:11:44.945403,CUST-10694,6.99,Pakistan,Mobile Wallet,Android,9,4,0,13,0
TX-104536,2026-07-11 06:12:44.945403,CUST-10246,19.99,United Kingdom,Carrier Billing,iOS,0,4,0,6,0
TX-104537,2026-07-10 10:12:44.945403,CUST-10320,14.99,United Kingdom,Credit Card,Android,21,5,0,10,0
TX-104538,2026-08-31 07:58:44.945403,CUST-10289,14.99,France,Carrier Billing,iOS,1,8,1,7,1
TX-104539,2026-08-20 00:42:44.945403,CUST-10977,19.99,United Kingdom,Carrier Billing,Web,27,4,0,0,0
TX-104540,2026-08-28 16:14:44.945403,CUST-10598,19.99,United Kingdom,Mobile Wallet,iOS,0,3,1,16,0
TX-104541,2026-07-09 08:52:44.945403,CUST-10950,4.99,Pakistan,Carrier Billing,Web,0,8,1,8,1
TX-104542,2026-08-01 13:53:44.945403,CUST-10178,4.99,France,Mobile Wallet,Web,7,3,1,13,0
TX-104543,2026-08-09 09:20:44.945403,CUST-10225,9.99,Germany,Credit Card,iOS,8,8,1,9,1
TX-104544,2026-06-23 10:34:44.945403,CUST-10454,6.99,Germany,Carrier Billing,iOS,10,5,0,10,0
TX-104545,2026-09-05 04:46:44.945403,CUST-10099,4.99,Germany,Credit Card,iOS,3,6,0,4,0
TX-104546,2026-08-23 13:10:44.945403,CUST-10790,14.99,Spain,Mobile Wallet,iOS,5,8,0,13,0
TX-104547,2026-09-07 09:26:44.945403,CUST-10070,6.99,Pakistan,Mobile Wallet,Android,6,5,0,9,0
TX-104548,2026-08-02 16:23:44.945403,CUST-10051,9.99,Spain,Credit Card,Web,27,6,0,16,0
TX-104549,2026-08-24 19:09:44.945403,CUST-10457,9.99,Spain,Carrier Billing,Web,28,2,0,19,0
TX-104550,2026-08-05 19:16:44.945403,CUST-10885,2.99,Spain,Credit Card,Android,22,2,0,19,0
TX-104551,2026-07-13 09:46:44.945403,CUST-10613,4.99,United Kingdom,Mobile Wallet,iOS,10,8,0,9,0
TX-104552,2026-08-23 20:37:44.945403,CUST-10185,2.99,Pakistan,Credit Card,Web,5,3,0,20,0
TX-104553,2026-08-15 03:14:44.945403,CUST-10400,19.99,France,Mobile Wallet,Android,1,1,1,3,0
TX-104554,2026-06-29 02:41:44.945403,CUST-10403,6.99,Spain,Credit Card,iOS,9,5,0,2,0
TX-104555,2026-08-19 00:11:44.945403,CUST-10796,14.99,Germany,Mobile Wallet,Android,8,3,0,0,0
TX-104556,2026-09-09 02:38:44.945403,CUST-10945,19.99,Pakistan,Mobile Wallet,Android,14,3,0,2,0
TX-104557,2026-09-07 00:31:44.945403,CUST-10452,9.99,United Kingdom,Carrier Billing,iOS,5,8,0,0,1
TX-104558,2026-07-28 00:41:44.945403,CUST-10924,9.99,United Kingdom,Credit Card,Web,15,2,0,0,0
TX-104559,2026-07-01 17:24:44.945403,CUST-10192,14.99,France,Carrier Billing,Android,0,1,0,17,0
TX-104560,2026-08-11 10:33:44.945403,CUST-10433,4.99,Spain,Credit Card,Web,23,7,1,10,0
TX-104561,2026-08-31 09:12:44.945403,CUST-10338,6.99,Germany,Credit Card,Web,13,2,1,9,0
TX-104562,2026-08-10 18:06:44.945403,CUST-10316,9.99,Pakistan,Carrier Billing,iOS,8,7,0,18,0
TX-104563,2026-08-15 15:20:44.945403,CUST-10293,9.99,France,Mobile Wallet,Web,13,5,0,15,0
TX-104564,2026-08-18 23:47:44.945403,CUST-10420,19.99,Spain,Credit Card,Android,14,6,1,23,0
TX-104565,2026-09-08 09:47:44.945403,CUST-10774,2.99,United Kingdom,Credit Card,Android,25,8,1,9,1
TX-104566,2026-07-17 01:05:44.945403,CUST-10367,19.99,United Kingdom,Credit Card,Web,13,6,1,1,0
TX-104567,2026-08-22 08:47:44.945403,CUST-10950,19.99,Spain,Mobile Wallet,Android,14,6,0,8,0
TX-104568,2026-08-27 14:06:44.945403,CUST-10404,19.99,France,Mobile Wallet,iOS,20,3,0,14,1
TX-104569,2026-06-26 09:31:44.945403,CUST-10188,4.99,France,Carrier Billing,Web,8,6,1,9,0
TX-104570,2026-08-04 08:45:44.945403,CUST-10649,6.99,Spain,Credit Card,Web,4,4,1,8,0
TX-104571,2026-06-15 22:59:44.945403,CUST-10279,2.99,France,Carrier Billing,iOS,9,4,0,22,0
TX-104572,2026-08-27 21:12:44.945403,CUST-10483,2.99,United Kingdom,Carrier Billing,Android,25,8,0,21,0
TX-104573,2026-08-01 18:55:44.945403,CUST-10146,2.99,Pakistan,Mobile Wallet,Android,11,3,1,18,0
TX-104574,2026-08-11 22:44:44.945403,CUST-10194,14.99,Spain,Carrier Billing,Web,20,6,0,22,0
TX-104575,2026-08-12 04:16:44.945403,CUST-10683,6.99,United Kingdom,Credit Card,Android,17,5,0,4,0
TX-104576,2026-07-21 05:22:44.945403,CUST-10693,19.99,United Kingdom,Credit Card,Android,19,1,1,5,0
TX-104577,2026-07-01 04:34:44.945403,CUST-10675,19.99,France,Credit Card,iOS,14,1,0,4,0
TX-104578,2026-07-21 18:01:44.945403,CUST-10517,4.99,France,Credit Card,iOS,13,7,1,18,0
TX-104579,2026-08-13 11:07:44.945403,CUST-10575,4.99,Germany,Mobile Wallet,Android,21,5,0,11,0
TX-104580,2026-07-27 20:56:44.945403,CUST-10162,19.99,France,Mobile Wallet,Android,16,6,1,20,0
TX-104581,2026-07-12 06:35:44.945403,CUST-10806,19.99,Germany,Carrier Billing,Web,15,3,1,6,0
TX-104582,2026-08-19 04:38:44.945403,CUST-10870,4.99,Spain,Carrier Billing,iOS,14,3,1,4,0
TX-104583,2026-09-05 21:57:44.945403,CUST-10311,19.99,Germany,Mobile Wallet,Web,19,3,1,21,0
TX-104584,2026-08-17 02:07:44.945403,CUST-10698,6.99,Germany,Carrier Billing,Android,24,4,1,2,0
TX-104585,2026-08-30 12:31:44.945403,CUST-10898,9.99,Germany,Credit Card,Android,1,6,0,12,0
TX-104586,2026-07-09 00:05:44.945403,CUST-10613,19.99,Germany,Carrier Billing,Web,1,7,1,0,1
TX-104587,2026-08-24 22:12:44.945403,CUST-10562,9.99,United Kingdom,Mobile Wallet,Web,30,8,0,22,0
TX-104588,2026-07-04 15:56:44.945403,CUST-10618,6.99,Pakistan,Carrier Billing,Web,29,6,0,15,0
TX-104589,2026-07-20 17:51:44.945403,CUST-10636,19.99,France,Credit Card,Android,7,5,1,17,0
TX-104590,2026-08-01 23:01:44.945403,CUST-10998,14.99,Spain,Mobile Wallet,Web,7,2,0,23,0
TX-104591,2026-06-22 21:31:44.945403,CUST-10404,14.99,Spain,Credit Card,iOS,13,2,0,21,0
TX-104592,2026-08-22 18:17:44.945403,CUST-10940,4.99,Germany,Credit Card,Web,25,4,0,18,0
TX-104593,2026-08-12 03:42:44.945403,CUST-10897,4.99,Spain,Carrier Billing,Android,12,4,0,3,0
TX-104594,2026-07-15 06:23:44.945403,CUST-10184,2.99,Pakistan,Mobile Wallet,Android,7,2,1,6,0
TX-104595,2026-06-18 12:25:44.945403,CUST-10950,4.99,Spain,Credit Card,Web,24,4,0,12,0
TX-104596,2026-06-12 07:10:44.945403,CUST-10607,14.99,Spain,Carrier Billing,Android,15,1,0,7,0
TX-104597,2026-07-31 20:25:44.945403,CUST-10609,9.99,Germany,Carrier Billing,Android,26,2,0,20,0
TX-104598,2026-08-05 20:51:44.945403,CUST-10018,4.99,Pakistan,Mobile Wallet,iOS,15,6,1,20,0
TX-104599,2026-08-14 08:13:44.945403,CUST-10705,2.99,Pakistan,Mobile Wallet,Android,22,2,0,8,0
TX-104600,2026-07-16 02:23:44.945403,CUST-10889,6.99,Spain,Carrier Billing,iOS,27,5,0,2,0
TX-104601,2026-07-01 18:19:44.945403,CUST-10802,14.99,Germany,Carrier Billing,iOS,29,2,1,18,0
TX-104602,2026-07-26 17:05:44.945403,CUST-10311,9.99,United Kingdom,Carrier Billing,Android,14,1,1,17,0
TX-104603,2026-07-25 18:51:44.945403,CUST-10144,14.99,Spain,Carrier Billing,iOS,1,1,0,18,0
TX-104604,2026-08-17 13:18:44.945403,CUST-10736,14.99,Pakistan,Mobile Wallet,Web,6,5,0,13,0
TX-104605,2026-06-30 12:08:44.945403,CUST-10171,2.99,Germany,Mobile Wallet,Web,0,1,1,12,0
TX-104606,2026-08-30 02:01:44.945403,CUST-10727,4.99,Spain,Credit Card,Web,2,4,0,2,0
TX-104607,2026-08-19 11:57:44.945403,CUST-10358,4.99,Germany,Credit Card,Android,11,3,0,11,0
TX-104608,2026-06-19 21:20:44.945403,CUST-10225,2.99,Pakistan,Credit Card,iOS,18,6,1,21,0
TX-104609,2026-09-06 17:49:44.945403,CUST-10927,19.99,Spain,Carrier Billing,iOS,15,1,0,17,0
TX-104610,2026-06-19 10:48:44.945403,CUST-10410,9.99,United Kingdom,Carrier Billing,Android,25,7,1,10,0
TX-104611,2026-08-18 09:23:44.945403,CUST-10549,9.99,Spain,Mobile Wallet,Android,5,6,0,9,0
TX-104612,2026-07-28 00:31:44.945403,CUST-10406,6.99,Spain,Credit Card,iOS,7,1,0,0,0
TX-104613,2026-08-06 19:33:44.945403,CUST-10587,6.99,Pakistan,Credit Card,Web,25,6,0,19,0
TX-104614,2026-06-13 23:07:44.945403,CUST-10289,19.99,Pakistan,Credit Card,Android,2,5,0,23,0
TX-104615,2026-07-13 01:12:44.945403,CUST-10028,9.99,France,Credit Card,Android,16,5,1,1,0
TX-104616,2026-07-08 08:41:44.945403,CUST-10422,9.99,Germany,Carrier Billing,Android,25,8,1,8,1
TX-104617,2026-08-06 09:02:44.945403,CUST-10503,2.99,Pakistan,Mobile Wallet,Web,23,4,0,9,0
TX-104618,2026-07-17 14:24:44.945403,CUST-10279,19.99,France,Carrier Billing,iOS,29,4,1,14,0
TX-104619,2026-09-01 09:26:44.945403,CUST-10007,2.99,Germany,Carrier Billing,iOS,5,8,1,9,1
TX-104620,2026-08-16 20:30:44.945403,CUST-10140,14.99,Spain,Mobile Wallet,Android,3,4,0,20,0
TX-104621,2026-06-21 16:19:44.945403,CUST-10092,4.99,Pakistan,Carrier Billing,iOS,0,7,0,16,0
TX-104622,2026-07-30 11:25:44.945403,CUST-10031,2.99,United Kingdom,Mobile Wallet,Android,11,1,0,11,0
TX-104623,2026-07-18 09:01:44.945403,CUST-10322,2.99,Pakistan,Mobile Wallet,iOS,20,5,1,9,0
TX-104624,2026-08-16 07:14:44.945403,CUST-10090,9.99,Pakistan,Mobile Wallet,iOS,8,6,1,7,0
TX-104625,2026-09-02 21:36:44.945403,CUST-10522,14.99,Germany,Carrier Billing,Web,21,2,0,21,0
TX-104626,2026-08-22 08:19:44.945403,CUST-10812,6.99,Pakistan,Credit Card,Web,21,1,1,8,0
TX-104627,2026-07-31 06:47:44.945403,CUST-10701,2.99,Spain,Mobile Wallet,Web,16,2,0,6,0
TX-104628,2026-06-20 22:32:44.945403,CUST-10771,6.99,France,Mobile Wallet,iOS,15,7,1,22,0
TX-104629,2026-09-01 23:14:44.945403,CUST-10072,14.99,France,Carrier Billing,iOS,18,7,0,23,0
TX-104630,2026-06-15 09:45:44.945403,CUST-10581,4.99,Pakistan,Credit Card,iOS,9,6,0,9,0
TX-104631,2026-07-25 20:02:44.945403,CUST-10890,9.99,Pakistan,Carrier Billing,Android,21,4,0,20,0
TX-104632,2026-09-09 12:40:44.945403,CUST-10358,4.99,France,Credit Card,Web,27,3,1,12,0
TX-104633,2026-06-24 05:35:44.945403,CUST-10330,4.99,Spain,Carrier Billing,Web,29,6,0,5,0
TX-104634,2026-07-29 13:31:44.945403,CUST-10577,14.99,Germany,Carrier Billing,iOS,22,8,0,13,0
TX-104635,2026-09-06 23:49:44.945403,CUST-10175,14.99,United Kingdom,Carrier Billing,Android,20,6,1,23,0
TX-104636,2026-08-07 22:16:44.945403,CUST-10016,4.99,France,Carrier Billing,Web,7,7,1,22,0
TX-104637,2026-08-06 01:17:44.945403,CUST-10819,14.99,France,Credit Card,iOS,17,5,1,1,0
TX-104638,2026-07-23 06:18:44.945403,CUST-10254,14.99,United Kingdom,Carrier Billing,iOS,23,7,1,6,0
TX-104639,2026-07-03 16:16:44.945403,CUST-10617,2.99,United Kingdom,Mobile Wallet,Web,13,8,1,16,1
TX-104640,2026-09-08 06:11:44.945403,CUST-10159,9.99,Spain,Credit Card,Android,26,4,1,6,0
TX-104641,2026-09-05 07:58:44.945403,CUST-10399,19.99,Spain,Carrier Billing,Android,13,7,0,7,0
TX-104642,2026-08-21 19:28:44.945403,CUST-10060,2.99,France,Mobile Wallet,Android,2,6,1,19,0
TX-104643,2026-07-05 02:31:44.945403,CUST-10903,19.99,France,Carrier Billing,iOS,6,7,0,2,1
TX-104644,2026-07-29 22:21:44.945403,CUST-10569,9.99,Spain,Carrier Billing,Android,11,8,0,22,0
TX-104645,2026-07-06 02:22:44.945403,CUST-10372,6.99,Pakistan,Mobile Wallet,Web,30,5,0,2,0
TX-104646,2026-07-08 07:07:44.945403,CUST-10956,4.99,Pakistan,Carrier Billing,Android,14,6,1,7,0
TX-104647,2026-07-05 23:23:44.945403,CUST-10300,14.99,France,Credit Card,Web,9,3,0,23,0
TX-104648,2026-07-30 05:33:44.945403,CUST-10735,6.99,Spain,Mobile Wallet,iOS,12,4,0,5,0
TX-104649,2026-06-18 15:29:44.945403,CUST-10165,14.99,Pakistan,Carrier Billing,iOS,8,8,0,15,0
TX-104650,2026-08-10 23:41:44.945403,CUST-10396,6.99,Spain,Mobile Wallet,Web,28,8,0,23,0
TX-104651,2026-08-17 03:50:44.945403,CUST-10209,6.99,Spain,Mobile Wallet,Web,19,8,1,3,1
TX-104652,2026-08-02 17:32:44.945403,CUST-10831,2.99,France,Carrier Billing,Android,1,8,1,17,1
TX-104653,2026-07-05 14:53:44.945403,CUST-10377,19.99,Pakistan,Mobile Wallet,Android,27,5,1,14,0
TX-104654,2026-06-28 00:07:44.945403,CUST-10939,19.99,Spain,Carrier Billing,iOS,30,8,0,0,1
TX-104655,2026-08-18 05:24:44.945403,CUST-10201,2.99,Pakistan,Mobile Wallet,Web,2,3,1,5,0
TX-104656,2026-07-09 03:35:44.945403,CUST-10925,4.99,Germany,Mobile Wallet,Web,21,7,0,3,0
TX-104657,2026-08-18 15:31:44.945403,CUST-10048,19.99,Pakistan,Credit Card,Web,13,1,1,15,0
TX-104658,2026-08-18 12:36:44.945403,CUST-10604,9.99,Pakistan,Mobile Wallet,Android,12,7,0,12,0
TX-104659,2026-09-02 23:18:44.945403,CUST-10316,14.99,Pakistan,Carrier Billing,Android,16,8,0,23,0
TX-104660,2026-06-12 16:05:44.945403,CUST-10434,2.99,France,Credit Card,Android,11,1,0,16,0
TX-104661,2026-06-26 20:18:44.945403,CUST-10326,2.99,Spain,Mobile Wallet,Android,2,7,0,20,1
TX-104662,2026-07-05 00:06:44.945403,CUST-10779,2.99,Spain,Credit Card,Android,17,7,0,0,0
TX-104663,2026-06-22 02:59:44.945403,CUST-10947,4.99,Pakistan,Mobile Wallet,iOS,28,2,1,2,0
TX-104664,2026-08-07 00:36:44.945403,CUST-10561,6.99,Spain,Credit Card,Android,27,8,1,0,1
TX-104665,2026-08-07 02:19:44.945403,CUST-10619,19.99,Germany,Mobile Wallet,iOS,5,1,0,2,0
TX-104666,2026-07-07 21:07:44.945403,CUST-10086,6.99,France,Carrier Billing,iOS,12,1,1,21,0
TX-104667,2026-07-26 07:19:44.945403,CUST-10173,4.99,United Kingdom,Credit Card,Android,22,6,1,7,0
TX-104668,2026-08-14 23:49:44.945403,CUST-10948,6.99,United Kingdom,Mobile Wallet,Web,8,8,1,23,1
TX-104669,2026-08-14 08:18:44.945403,CUST-10447,4.99,Germany,Mobile Wallet,Web,16,3,0,8,0
TX-104670,2026-07-10 11:19:44.945403,CUST-10510,9.99,United Kingdom,Credit Card,Web,26,4,1,11,0
TX-104671,2026-06-13 07:11:44.945403,CUST-10480,6.99,Pakistan,Carrier Billing,iOS,18,4,1,7,0
TX-104672,2026-07-30 14:19:44.945403,CUST-10105,6.99,Pakistan,Credit Card,Android,18,1,0,14,0
TX-104673,2026-08-24 10:42:44.945403,CUST-10444,19.99,Pakistan,Carrier Billing,Web,11,7,1,10,1
TX-104674,2026-06-13 05:28:44.945403,CUST-10875,14.99,Germany,Carrier Billing,iOS,9,8,1,5,1
TX-104675,2026-07-26 02:35:44.945403,CUST-10334,2.99,Spain,Carrier Billing,Android,2,5,0,2,0
TX-104676,2026-08-11 05:30:44.945403,CUST-10140,9.99,France,Mobile Wallet,iOS,29,2,0,5,0
TX-104677,2026-06-23 17:57:44.945403,CUST-10875,6.99,France,Mobile Wallet,iOS,1,6,0,17,0
TX-104678,2026-07-15 20:27:44.945403,CUST-10246,6.99,Spain,Credit Card,Web,7,8,1,20,1
TX-104679,2026-09-05 21:23:44.945403,CUST-10604,6.99,Pakistan,Credit Card,Web,28,7,1,21,0
TX-104680,2026-07-11 05:34:44.945403,CUST-10469,4.99,Germany,Credit Card,Web,25,6,0,5,0
TX-104681,2026-06-27 08:54:44.945403,CUST-10174,6.99,United Kingdom,Credit Card,iOS,14,1,0,8,0
TX-104682,2026-08-24 04:01:44.945403,CUST-10332,4.99,Spain,Credit Card,Web,24,3,1,4,0
TX-104683,2026-08-20 02:29:44.945403,CUST-10867,9.99,France,Carrier Billing,Android,25,7,1,2,1
TX-104684,2026-08-30 08:33:44.945403,CUST-10598,14.99,United Kingdom,Carrier Billing,Android,1,4,1,8,0
TX-104685,2026-07-21 16:36:44.945403,CUST-10000,2.99,United Kingdom,Credit Card,Android,10,2,0,16,0
TX-104686,2026-07-19 14:47:44.945403,CUST-10577,19.99,France,Credit Card,iOS,7,6,0,14,0
TX-104687,2026-06-30 05:11:44.945403,CUST-10691,14.99,Germany,Credit Card,Web,7,6,0,5,0
TX-104688,2026-07-19 19:59:44.945403,CUST-10072,6.99,Spain,Mobile Wallet,iOS,23,3,0,19,0
TX-104689,2026-07-28 09:05:44.945403,CUST-10362,4.99,Pakistan,Credit Card,Android,6,5,1,9,0
TX-104690,2026-07-29 20:14:44.945403,CUST-10613,9.99,United Kingdom,Credit Card,Android,14,3,0,20,0
TX-104691,2026-09-01 22:50:44.945403,CUST-10357,14.99,Spain,Mobile Wallet,Android,22,1,1,22,0
TX-104692,2026-09-06 17:33:44.945403,CUST-10627,2.99,Germany,Carrier Billing,iOS,1,4,0,17,0
TX-104693,2026-08-18 00:41:44.945403,CUST-10822,19.99,Spain,Carrier Billing,Web,26,6,1,0,0
TX-104694,2026-07-30 00:27:44.945403,CUST-10665,6.99,Spain,Credit Card,Web,25,7,0,0,0
TX-104695,2026-08-12 11:25:44.945403,CUST-10016,19.99,United Kingdom,Carrier Billing,Android,7,8,0,11,1
TX-104696,2026-08-13 03:05:44.945403,CUST-10930,2.99,Pakistan,Mobile Wallet,Android,29,7,1,3,1
TX-104697,2026-08-16 16:23:44.945403,CUST-10954,9.99,Germany,Credit Card,iOS,14,4,1,16,0
TX-104698,2026-09-06 16:52:44.945403,CUST-10467,9.99,France,Credit Card,iOS,9,6,0,16,0
TX-104699,2026-09-01 17:33:44.945403,CUST-10985,14.99,Pakistan,Mobile Wallet,iOS,25,5,0,17,0
TX-104700,2026-08-18 03:04:44.945403,CUST-10739,2.99,Pakistan,Carrier Billing,Android,12,4,1,3,0
TX-104701,2026-07-03 05:59:44.945403,CUST-10842,2.99,United Kingdom,Mobile Wallet,Web,24,3,0,5,0
TX-104702,2026-06-29 00:31:44.945403,CUST-10668,2.99,Spain,Credit Card,Web,23,2,1,0,0
TX-104703,2026-07-29 04:32:44.945403,CUST-10322,6.99,Pakistan,Credit Card,Android,4,7,1,4,0
TX-104704,2026-06-24 11:20:44.945403,CUST-10819,9.99,Pakistan,Credit Card,iOS,9,2,1,11,0
TX-104705,2026-06-23 01:52:44.945403,CUST-10764,6.99,France,Mobile Wallet,iOS,13,3,0,1,0
TX-104706,2026-09-02 04:22:44.945403,CUST-10430,6.99,United Kingdom,Carrier Billing,Web,8,3,1,4,0
TX-104707,2026-08-26 21:13:44.945403,CUST-10912,14.99,Germany,Carrier Billing,Android,5,5,0,21,0
TX-104708,2026-07-11 15:17:44.945403,CUST-10844,9.99,Spain,Credit Card,Android,21,1,0,15,0
TX-104709,2026-08-23 10:55:44.945403,CUST-10793,6.99,United Kingdom,Mobile Wallet,Android,14,8,0,10,0
TX-104710,2026-07-31 13:43:44.945403,CUST-10185,14.99,France,Mobile Wallet,Web,19,2,1,13,0
TX-104711,2026-07-14 11:06:44.945403,CUST-10974,2.99,Germany,Mobile Wallet,Web,10,2,1,11,0
TX-104712,2026-08-25 04:12:44.945403,CUST-10403,19.99,France,Credit Card,iOS,8,6,0,4,0
TX-104713,2026-08-04 00:41:44.945403,CUST-10006,2.99,France,Carrier Billing,iOS,5,5,0,0,0
TX-104714,2026-08-30 20:25:44.945403,CUST-10874,19.99,United Kingdom,Credit Card,iOS,17,6,1,20,0
TX-104715,2026-08-31 22:02:44.945403,CUST-10009,2.99,United Kingdom,Mobile Wallet,iOS,24,8,1,22,1
TX-104716,2026-06-23 05:27:44.945403,CUST-10914,19.99,France,Credit Card,iOS,30,1,0,5,0
TX-104717,2026-06-24 21:28:44.945403,CUST-10776,19.99,France,Carrier Billing,Web,4,1,0,21,0
TX-104718,2026-07-10 00:50:44.945403,CUST-10682,2.99,Germany,Credit Card,Web,1,8,0,0,1
TX-104719,2026-08-28 06:43:44.945403,CUST-10433,2.99,Spain,Carrier Billing,iOS,3,4,1,6,0
TX-104720,2026-07-26 05:06:44.945403,CUST-10601,14.99,Spain,Mobile Wallet,Web,2,7,1,5,1
TX-104721,2026-07-11 07:28:44.945403,CUST-10863,4.99,Germany,Credit Card,iOS,20,3,0,7,0
TX-104722,2026-08-20 01:23:44.945403,CUST-10575,9.99,Germany,Mobile Wallet,Web,10,2,1,1,0
TX-104723,2026-07-20 08:22:44.945403,CUST-10929,9.99,United Kingdom,Mobile Wallet,Android,11,6,1,8,0
TX-104724,2026-07-11 10:43:44.945403,CUST-10373,9.99,Germany,Carrier Billing,iOS,13,5,0,10,0
TX-104725,2026-07-20 03:17:44.945403,CUST-10956,19.99,Spain,Credit Card,iOS,13,1,1,3,0
TX-104726,2026-07-15 13:53:44.945403,CUST-10321,2.99,Germany,Carrier Billing,Android,7,4,1,13,0
TX-104727,2026-06-28 22:57:44.945403,CUST-10191,4.99,France,Credit Card,Android,16,3,1,22,0
TX-104728,2026-07-18 15:16:44.945403,CUST-10068,14.99,Spain,Carrier Billing,Android,20,7,1,15,0
TX-104729,2026-09-01 01:05:44.945403,CUST-10319,14.99,Germany,Mobile Wallet,iOS,17,5,1,1,0
TX-104730,2026-08-26 03:44:44.945403,CUST-10519,19.99,United Kingdom,Credit Card,Web,6,2,1,3,0
TX-104731,2026-06-17 04:13:44.945403,CUST-10355,4.99,Germany,Mobile Wallet,Android,8,4,1,4,0
TX-104732,2026-08-26 11:23:44.945403,CUST-10187,4.99,France,Mobile Wallet,Web,2,7,1,11,1
TX-104733,2026-06-12 05:58:44.945403,CUST-10963,2.99,Spain,Credit Card,iOS,12,1,0,5,0
TX-104734,2026-06-30 09:44:44.945403,CUST-10996,2.99,United Kingdom,Carrier Billing,Web,26,7,0,9,0
TX-104735,2026-08-12 22:45:44.945403,CUST-10667,2.99,United Kingdom,Credit Card,Web,11,4,1,22,1
TX-104736,2026-08-22 14:12:44.945403,CUST-10153,4.99,Spain,Carrier Billing,iOS,6,6,1,14,0
TX-104737,2026-08-09 05:11:44.945403,CUST-10754,6.99,Germany,Credit Card,iOS,12,5,0,5,0
TX-104738,2026-07-29 06:19:44.945403,CUST-10316,2.99,Pakistan,Credit Card,Android,26,1,0,6,0
TX-104739,2026-06-26 08:37:44.945403,CUST-10480,4.99,Pakistan,Carrier Billing,Android,9,3,1,8,0
TX-104740,2026-08-14 02:16:44.945403,CUST-10390,4.99,France,Carrier Billing,Web,23,4,1,2,0
TX-104741,2026-06-19 05:10:44.945403,CUST-10118,14.99,United Kingdom,Mobile Wallet,Android,0,4,0,5,0
TX-104742,2026-07-20 22:16:44.945403,CUST-10877,19.99,United Kingdom,Credit Card,Web,21,7,0,22,0
TX-104743,2026-08-02 00:38:44.945403,CUST-10342,4.99,Pakistan,Mobile Wallet,Android,3,3,0,0,0
TX-104744,2026-08-23 05:36:44.945403,CUST-10617,2.99,Spain,Mobile Wallet,iOS,13,7,1,5,0
TX-104745,2026-08-10 02:30:44.945403,CUST-10737,14.99,France,Credit Card,Android,16,2,0,2,0
TX-104746,2026-09-06 11:27:44.945403,CUST-10869,6.99,United Kingdom,Mobile Wallet,iOS,10,1,0,11,0
TX-104747,2026-08-13 02:28:44.945403,CUST-10503,14.99,Pakistan,Mobile Wallet,Android,21,5,0,2,0
TX-104748,2026-07-26 12:11:44.945403,CUST-10369,4.99,France,Mobile Wallet,Web,6,2,0,12,0
TX-104749,2026-07-04 16:42:44.945403,CUST-10757,6.99,Spain,Mobile Wallet,iOS,30,6,1,16,0
TX-104750,2026-06-20 18:55:44.945403,CUST-10596,19.99,France,Carrier Billing,Web,7,1,1,18,0
TX-104751,2026-07-23 06:00:44.945403,CUST-10568,2.99,Germany,Carrier Billing,Android,22,7,1,6,0
TX-104752,2026-08-28 03:40:44.945403,CUST-10874,14.99,France,Mobile Wallet,Web,2,6,0,3,0
TX-104753,2026-08-05 09:55:44.945403,CUST-10979,14.99,Spain,Mobile Wallet,Web,28,3,0,9,0
TX-104754,2026-06-18 13:49:44.945403,CUST-10335,2.99,France,Mobile Wallet,iOS,14,8,1,13,1
TX-104755,2026-06-19 23:30:44.945403,CUST-10251,9.99,Pakistan,Credit Card,iOS,14,7,1,23,0
TX-104756,2026-09-01 23:28:44.945403,CUST-10170,4.99,Germany,Carrier Billing,Web,20,6,1,23,0
TX-104757,2026-08-02 03:38:44.945403,CUST-10682,2.99,Spain,Mobile Wallet,iOS,17,5,1,3,0
TX-104758,2026-08-28 10:45:44.945403,CUST-10762,6.99,France,Credit Card,iOS,26,7,1,10,0
TX-104759,2026-08-31 02:00:44.945403,CUST-10243,14.99,United Kingdom,Credit Card,iOS,20,6,0,2,0
TX-104760,2026-09-06 22:17:44.945403,CUST-10902,2.99,United Kingdom,Carrier Billing,Web,11,6,1,22,0
TX-104761,2026-07-28 18:48:44.945403,CUST-10192,4.99,Spain,Mobile Wallet,Web,20,6,0,18,0
TX-104762,2026-06-13 05:52:44.945403,CUST-10945,2.99,United Kingdom,Credit Card,Android,4,8,0,5,0
TX-104763,2026-06-21 12:15:44.945403,CUST-10575,6.99,Spain,Credit Card,Android,22,8,0,12,0
TX-104764,2026-07-21 18:06:44.945403,CUST-10139,2.99,Spain,Carrier Billing,Android,29,4,0,18,0
TX-104765,2026-06-26 05:33:44.945403,CUST-10011,14.99,United Kingdom,Credit Card,iOS,27,8,1,5,1
TX-104766,2026-07-22 04:00:44.945403,CUST-10167,2.99,Spain,Mobile Wallet,iOS,7,5,1,4,0
TX-104767,2026-09-09 16:30:44.945403,CUST-10917,9.99,France,Credit Card,iOS,0,8,0,16,1
TX-104768,2026-08-14 06:06:44.945403,CUST-10002,6.99,Germany,Mobile Wallet,iOS,15,5,0,6,0
TX-104769,2026-07-26 09:01:44.945403,CUST-10489,2.99,France,Credit Card,iOS,26,8,0,9,0
TX-104770,2026-06-18 18:19:44.945403,CUST-10401,6.99,United Kingdom,Carrier Billing,Web,30,6,1,18,0
TX-104771,2026-09-01 06:05:44.945403,CUST-10562,19.99,United Kingdom,Credit Card,Web,30,4,0,6,0
TX-104772,2026-07-28 22:59:44.945403,CUST-10991,14.99,Germany,Mobile Wallet,Android,1,3,1,22,0
TX-104773,2026-06-20 11:00:44.945403,CUST-10139,14.99,Spain,Credit Card,iOS,4,6,1,11,0
TX-104774,2026-08-21 14:41:44.945403,CUST-10520,2.99,Pakistan,Mobile Wallet,iOS,16,1,1,14,0
TX-104775,2026-06-20 02:30:44.945403,CUST-10798,6.99,Germany,Carrier Billing,iOS,19,8,0,2,1
TX-104776,2026-06-18 06:11:44.945403,CUST-10938,14.99,Pakistan,Carrier Billing,iOS,6,6,1,6,0
TX-104777,2026-09-03 09:13:44.945403,CUST-10776,19.99,Spain,Mobile Wallet,iOS,23,8,1,9,1
TX-104778,2026-07-18 10:27:44.945403,CUST-10771,14.99,Spain,Mobile Wallet,Web,1,5,0,10,0
TX-104779,2026-08-03 03:16:44.945403,CUST-10543,6.99,United Kingdom,Credit Card,iOS,2,4,0,3,0
TX-104780,2026-09-07 03:37:44.945403,CUST-10013,6.99,France,Carrier Billing,Web,17,5,0,3,0
TX-104781,2026-06-18 00:33:44.945403,CUST-10106,2.99,United Kingdom,Mobile Wallet,Android,6,6,1,0,0
TX-104782,2026-06-13 03:59:44.945403,CUST-10591,6.99,Spain,Mobile Wallet,Web,9,2,0,3,0
TX-104783,2026-07-22 16:15:44.945403,CUST-10636,14.99,United Kingdom,Carrier Billing,Web,21,4,0,16,0
TX-104784,2026-07-31 05:04:44.945403,CUST-10726,9.99,Germany,Credit Card,iOS,27,7,0,5,0
TX-104785,2026-07-17 02:28:44.945403,CUST-10851,4.99,United Kingdom,Mobile Wallet,iOS,28,2,0,2,0
TX-104786,2026-08-26 12:51:44.945403,CUST-10317,2.99,Spain,Mobile Wallet,Web,26,8,0,12,0
TX-104787,2026-07-07 22:59:44.945403,CUST-10297,19.99,Spain,Carrier Billing,Web,3,4,1,22,0
TX-104788,2026-08-13 17:07:44.945403,CUST-10774,14.99,Spain,Mobile Wallet,Web,27,8,0,17,0
TX-104789,2026-08-19 07:32:44.945403,CUST-10391,4.99,United Kingdom,Carrier Billing,Android,15,2,1,7,0
TX-104790,2026-08-01 18:12:44.945403,CUST-10081,14.99,France,Carrier Billing,Android,7,2,0,18,0
TX-104791,2026-07-28 05:14:44.945403,CUST-10424,2.99,France,Credit Card,iOS,12,8,1,5,1
TX-104792,2026-06-24 06:55:44.945403,CUST-10721,19.99,United Kingdom,Mobile Wallet,Web,4,1,0,6,0
TX-104793,2026-06-26 01:30:44.945403,CUST-10543,9.99,France,Credit Card,iOS,1,6,0,1,0
TX-104794,2026-08-26 22:43:44.945403,CUST-10013,4.99,Germany,Carrier Billing,iOS,14,8,1,22,1
TX-104795,2026-08-30 05:15:44.945403,CUST-10658,4.99,France,Mobile Wallet,iOS,21,3,1,5,0
TX-104796,2026-08-19 04:21:44.945403,CUST-10901,9.99,Pakistan,Carrier Billing,iOS,9,7,1,4,0
TX-104797,2026-08-14 09:22:44.945403,CUST-10372,2.99,France,Credit Card,Android,14,6,0,9,0
TX-104798,2026-08-16 07:35:44.945403,CUST-10307,6.99,United Kingdom,Mobile Wallet,Android,27,6,0,7,0
TX-104799,2026-08-10 10:44:44.945403,CUST-10863,14.99,United Kingdom,Carrier Billing,Web,3,6,0,10,0
TX-104800,2026-06-21 05:35:44.945403,CUST-10838,2.99,France,Mobile Wallet,iOS,15,4,0,5,0
TX-104801,2026-07-13 04:42:44.945403,CUST-10076,6.99,Germany,Credit Card,iOS,23,7,1,4,0
TX-104802,2026-08-09 22:18:44.945403,CUST-10377,2.99,Germany,Mobile Wallet,Android,19,4,0,22,0
TX-104803,2026-08-29 02:05:44.945403,CUST-10596,4.99,France,Credit Card,iOS,22,1,0,2,0
TX-104804,2026-07-10 23:40:44.945403,CUST-10521,9.99,Pakistan,Carrier Billing,Web,9,6,1,23,0
TX-104805,2026-07-03 19:06:44.945403,CUST-10874,4.99,United Kingdom,Mobile Wallet,Android,7,5,1,19,0
TX-104806,2026-08-20 21:06:44.945403,CUST-10328,9.99,Pakistan,Credit Card,Android,10,6,1,21,0
TX-104807,2026-09-05 06:51:44.945403,CUST-10975,19.99,Spain,Credit Card,Android,17,1,0,6,0
TX-104808,2026-09-07 08:59:44.945403,CUST-10275,19.99,Spain,Credit Card,Android,12,2,1,8,0
TX-104809,2026-08-15 23:02:44.945403,CUST-10951,19.99,United Kingdom,Mobile Wallet,iOS,18,8,1,23,1
TX-104810,2026-08-16 16:41:44.945403,CUST-10824,4.99,Spain,Mobile Wallet,iOS,0,4,1,16,0
TX-104811,2026-07-07 06:15:44.945403,CUST-10480,14.99,Germany,Mobile Wallet,Android,13,2,0,6,0
TX-104812,2026-08-23 08:34:44.945403,CUST-10625,4.99,Spain,Mobile Wallet,Web,30,5,0,8,0
TX-104813,2026-08-15 17:30:44.945403,CUST-10986,4.99,Spain,Carrier Billing,Web,24,1,1,17,0
TX-104814,2026-07-03 18:14:44.945403,CUST-10701,14.99,France,Mobile Wallet,Android,29,6,1,18,0
TX-104815,2026-07-07 04:16:44.945403,CUST-10065,14.99,United Kingdom,Carrier Billing,iOS,17,4,0,4,0
TX-104816,2026-06-12 04:23:44.945403,CUST-10052,4.99,France,Credit Card,Android,0,4,0,4,0
TX-104817,2026-07-21 02:16:44.945403,CUST-10486,4.99,France,Mobile Wallet,iOS,27,1,1,2,0
TX-104818,2026-08-03 14:37:44.945403,CUST-10832,14.99,Germany,Credit Card,iOS,3,7,1,14,0
TX-104819,2026-06-20 06:20:44.945403,CUST-10199,4.99,France,Carrier Billing,Web,13,3,1,6,0
TX-104820,2026-07-10 09:53:44.945403,CUST-10395,6.99,Spain,Credit Card,iOS,12,1,0,9,0
TX-104821,2026-08-03 08:10:44.945403,CUST-10174,6.99,United Kingdom,Credit Card,Android,16,5,1,8,0
TX-104822,2026-08-30 12:15:44.945403,CUST-10680,4.99,Germany,Carrier Billing,Android,12,4,0,12,0
TX-104823,2026-08-01 07:00:44.945403,CUST-10300,9.99,Pakistan,Carrier Billing,iOS,5,7,0,7,0
TX-104824,2026-06-13 03:43:44.945403,CUST-10241,4.99,Germany,Credit Card,Web,1,5,1,3,0
TX-104825,2026-06-19 04:54:44.945403,CUST-10646,2.99,Germany,Carrier Billing,iOS,27,4,0,4,0
TX-104826,2026-06-20 12:06:44.945403,CUST-10062,19.99,Pakistan,Credit Card,iOS,7,7,1,12,1
TX-104827,2026-08-19 06:43:44.945403,CUST-10994,4.99,United Kingdom,Credit Card,iOS,26,6,1,6,0
TX-104828,2026-08-19 03:13:44.945403,CUST-10002,14.99,France,Credit Card,Web,29,7,0,3,0
TX-104829,2026-08-03 04:30:44.945403,CUST-10360,2.99,Pakistan,Mobile Wallet,Android,16,5,1,4,0
TX-104830,2026-07-16 16:26:44.945403,CUST-10748,9.99,Pakistan,Mobile Wallet,Web,25,1,0,16,0
TX-104831,2026-08-31 22:58:44.945403,CUST-10006,6.99,Germany,Mobile Wallet,Android,20,2,1,22,0
TX-104832,2026-08-10 22:35:44.945403,CUST-10343,4.99,United Kingdom,Mobile Wallet,Web,3,7,0,22,0
TX-104833,2026-07-07 02:38:44.945403,CUST-10074,2.99,Germany,Credit Card,Web,15,5,1,2,0
TX-104834,2026-08-30 09:01:44.945403,CUST-10952,4.99,Spain,Carrier Billing,iOS,11,1,0,9,0
TX-104835,2026-07-06 18:40:44.945403,CUST-10156,4.99,United Kingdom,Mobile Wallet,Android,11,5,1,18,0
TX-104836,2026-06-13 03:05:44.945403,CUST-10471,2.99,Pakistan,Mobile Wallet,Android,21,8,0,3,1
TX-104837,2026-07-15 23:25:44.945403,CUST-10024,4.99,Spain,Mobile Wallet,Web,0,6,0,23,0
TX-104838,2026-07-21 08:00:44.945403,CUST-10455,2.99,France,Mobile Wallet,iOS,7,4,0,8,0
TX-104839,2026-07-27 07:57:44.945403,CUST-10782,2.99,France,Credit Card,Web,24,6,1,7,0
TX-104840,2026-08-24 14:49:44.945403,CUST-10067,4.99,United Kingdom,Mobile Wallet,Web,5,5,0,14,0
TX-104841,2026-08-25 13:21:44.945403,CUST-10801,4.99,United Kingdom,Mobile Wallet,Web,2,6,0,13,0
TX-104842,2026-08-04 05:47:44.945403,CUST-10880,19.99,France,Carrier Billing,Android,27,8,1,5,1
TX-104843,2026-06-22 19:06:44.945403,CUST-10995,4.99,Germany,Mobile Wallet,iOS,5,6,0,19,0
TX-104844,2026-08-19 23:07:44.945403,CUST-10058,9.99,Spain,Mobile Wallet,Android,8,2,0,23,0
TX-104845,2026-07-08 17:43:44.945403,CUST-10244,2.99,Spain,Mobile Wallet,Android,11,1,0,17,0
TX-104846,2026-08-05 12:01:44.945403,CUST-10406,4.99,Spain,Mobile Wallet,Android,16,5,1,12,0
TX-104847,2026-09-02 22:07:44.945403,CUST-10953,19.99,Spain,Credit Card,Web,12,6,1,22,0
TX-104848,2026-08-04 00:22:44.945403,CUST-10606,6.99,Spain,Mobile Wallet,Web,24,6,0,0,0
TX-104849,2026-09-09 13:02:44.945403,CUST-10026,14.99,Germany,Mobile Wallet,iOS,26,2,1,13,0
TX-104850,2026-08-10 12:11:44.945403,CUST-10251,4.99,United Kingdom,Mobile Wallet,Android,16,6,0,12,0
TX-104851,2026-06-17 01:32:44.945403,CUST-10772,6.99,United Kingdom,Credit Card,Web,3,6,0,1,0
TX-104852,2026-06-22 14:07:44.945403,CUST-10570,4.99,Spain,Credit Card,iOS,5,2,0,14,0
TX-104853,2026-07-25 20:19:44.945403,CUST-10259,6.99,France,Credit Card,Web,22,4,0,20,0
TX-104854,2026-07-24 18:54:44.945403,CUST-10127,9.99,France,Mobile Wallet,Android,0,4,1,18,0
TX-104855,2026-07-29 21:41:44.945403,CUST-10695,14.99,France,Mobile Wallet,iOS,10,8,0,21,0
TX-104856,2026-08-21 22:04:44.945403,CUST-10284,14.99,Germany,Credit Card,iOS,30,1,1,22,0
TX-104857,2026-07-17 16:42:44.945403,CUST-10387,19.99,Pakistan,Credit Card,iOS,8,2,0,16,1
TX-104858,2026-06-21 11:16:44.945403,CUST-10556,2.99,Spain,Credit Card,Web,19,4,0,11,0
TX-104859,2026-08-28 21:57:44.945403,CUST-10135,14.99,United Kingdom,Mobile Wallet,iOS,0,5,0,21,0
TX-104860,2026-08-21 06:44:44.945403,CUST-10373,2.99,Germany,Carrier Billing,Android,12,6,1,6,0
TX-104861,2026-07-15 20:23:44.945403,CUST-10135,19.99,Germany,Credit Card,Web,9,1,0,20,0
TX-104862,2026-06-20 20:01:44.945403,CUST-10437,4.99,Germany,Credit Card,Web,2,8,1,20,1
TX-104863,2026-08-26 18:55:44.945403,CUST-10663,14.99,Pakistan,Carrier Billing,iOS,7,8,1,18,1
TX-104864,2026-06-26 02:55:44.945403,CUST-10624,14.99,Spain,Mobile Wallet,Android,0,4,1,2,0
TX-104865,2026-07-15 05:35:44.945403,CUST-10138,19.99,Germany,Carrier Billing,Web,20,6,0,5,0
TX-104866,2026-08-24 04:49:44.945403,CUST-10572,9.99,Spain,Credit Card,Web,27,1,0,4,0
TX-104867,2026-08-07 05:38:44.945403,CUST-10829,14.99,Germany,Mobile Wallet,iOS,14,6,1,5,0
TX-104868,2026-06-30 05:09:44.945403,CUST-10688,19.99,Germany,Credit Card,Android,8,1,1,5,0
TX-104869,2026-06-18 00:45:44.945403,CUST-10617,6.99,France,Credit Card,iOS,18,8,1,0,1
TX-104870,2026-07-16 21:27:44.945403,CUST-10096,2.99,Spain,Mobile Wallet,iOS,0,6,1,21,0
TX-104871,2026-09-01 12:05:44.945403,CUST-10411,14.99,United Kingdom,Carrier Billing,Android,16,1,1,12,0
TX-104872,2026-08-15 02:17:44.945403,CUST-10690,9.99,France,Credit Card,Web,20,5,0,2,0
TX-104873,2026-08-28 17:22:44.945403,CUST-10730,4.99,Pakistan,Mobile Wallet,Web,21,8,1,17,1
TX-104874,2026-08-12 12:24:44.945403,CUST-10736,9.99,United Kingdom,Mobile Wallet,Android,12,6,1,12,0
TX-104875,2026-07-19 04:35:44.945403,CUST-10253,6.99,Pakistan,Carrier Billing,Android,8,6,1,4,0
TX-104876,2026-09-03 08:11:44.945403,CUST-10731,9.99,Germany,Carrier Billing,Android,12,6,1,8,0
TX-104877,2026-07-31 20:18:44.945403,CUST-10851,2.99,United Kingdom,Carrier Billing,Web,26,2,0,20,0
TX-104878,2026-08-19 20:42:44.945403,CUST-10575,14.99,United Kingdom,Mobile Wallet,iOS,29,3,1,20,0
TX-104879,2026-08-12 04:24:44.945403,CUST-10596,2.99,United Kingdom,Credit Card,Android,20,5,0,4,0
TX-104880,2026-07-13 12:02:44.945403,CUST-10693,14.99,France,Credit Card,Android,14,4,0,12,0
TX-104881,2026-07-07 04:03:44.945403,CUST-10219,9.99,Germany,Carrier Billing,Android,16,6,1,4,0
TX-104882,2026-09-08 05:35:44.945403,CUST-10505,2.99,Germany,Carrier Billing,iOS,24,5,1,5,0
TX-104883,2026-09-03 18:35:44.945403,CUST-10867,2.99,France,Mobile Wallet,iOS,0,1,0,18,0
TX-104884,2026-07-06 14:08:44.945403,CUST-10037,9.99,France,Credit Card,Android,4,4,0,14,0
TX-104885,2026-07-20 08:10:44.945403,CUST-10319,2.99,Germany,Mobile Wallet,iOS,5,7,0,8,0
TX-104886,2026-08-01 23:50:44.945403,CUST-10515,19.99,France,Mobile Wallet,iOS,4,8,0,23,1
TX-104887,2026-07-05 09:30:44.945403,CUST-10602,19.99,Germany,Mobile Wallet,Web,19,3,1,9,0
TX-104888,2026-08-28 11:16:44.945403,CUST-10657,14.99,Germany,Mobile Wallet,Android,25,7,1,11,0
TX-104889,2026-08-30 16:27:44.945403,CUST-10329,6.99,Germany,Mobile Wallet,iOS,16,8,0,16,0
TX-104890,2026-07-25 22:32:44.945403,CUST-10931,2.99,Pakistan,Mobile Wallet,iOS,6,3,1,22,0
TX-104891,2026-08-04 13:36:44.945403,CUST-10056,9.99,Germany,Credit Card,Android,17,6,0,13,0
TX-104892,2026-06-12 00:57:44.945403,CUST-10786,19.99,Pakistan,Credit Card,iOS,29,4,0,0,0
TX-104893,2026-09-07 12:16:44.945403,CUST-10946,4.99,France,Credit Card,Android,1,5,0,12,0
TX-104894,2026-06-20 22:07:44.945403,CUST-10418,19.99,Germany,Credit Card,iOS,11,3,1,22,0
TX-104895,2026-06-11 21:50:44.945403,CUST-10448,2.99,Spain,Credit Card,Web,22,8,0,21,0
TX-104896,2026-07-01 05:49:44.945403,CUST-10759,6.99,Pakistan,Credit Card,iOS,5,8,0,5,0
TX-104897,2026-08-06 03:36:44.945403,CUST-10938,2.99,France,Carrier Billing,Web,17,2,1,3,0
TX-104898,2026-07-18 22:04:44.945403,CUST-10472,9.99,Spain,Carrier Billing,iOS,1,3,1,22,0
TX-104899,2026-09-06 09:29:44.945403,CUST-10073,9.99,Spain,Mobile Wallet,Android,10,5,1,9,0
TX-104900,2026-07-25 18:33:44.945403,CUST-10129,6.99,Germany,Carrier Billing,iOS,12,8,0,18,0
TX-104901,2026-06-15 22:24:44.945403,CUST-10698,4.99,Germany,Mobile Wallet,Android,12,2,1,22,0
TX-104902,2026-08-14 20:07:44.945403,CUST-10359,2.99,Spain,Credit Card,Android,7,5,0,20,0
TX-104903,2026-08-30 02:55:44.945403,CUST-10482,4.99,Pakistan,Carrier Billing,Android,25,1,1,2,0
TX-104904,2026-07-21 11:44:44.945403,CUST-10415,6.99,France,Mobile Wallet,Android,10,4,0,11,0
TX-104905,2026-08-07 22:41:44.945403,CUST-10994,19.99,Pakistan,Mobile Wallet,iOS,18,5,0,22,0
TX-104906,2026-08-14 16:29:44.945403,CUST-10170,14.99,Germany,Carrier Billing,iOS,17,1,1,16,0
TX-104907,2026-06-18 00:36:44.945403,CUST-10245,14.99,Pakistan,Credit Card,iOS,7,3,0,0,0
TX-104908,2026-08-21 11:13:44.945403,CUST-10825,9.99,United Kingdom,Mobile Wallet,Web,12,5,1,11,0
TX-104909,2026-07-15 17:48:44.945403,CUST-10136,9.99,Pakistan,Credit Card,Android,0,8,0,17,1
TX-104910,2026-07-13 12:16:44.945403,CUST-10681,6.99,Germany,Carrier Billing,iOS,30,3,1,12,0
TX-104911,2026-07-18 03:01:44.945403,CUST-10544,9.99,France,Credit Card,Android,4,4,1,3,0
TX-104912,2026-08-04 06:09:44.945403,CUST-10596,19.99,United Kingdom,Mobile Wallet,iOS,20,3,1,6,0
TX-104913,2026-08-05 04:02:44.945403,CUST-10154,9.99,Spain,Credit Card,iOS,0,1,1,4,0
TX-104914,2026-07-12 07:45:44.945403,CUST-10681,6.99,Pakistan,Credit Card,Android,15,8,1,7,1
TX-104915,2026-08-04 02:33:44.945403,CUST-10205,9.99,United Kingdom,Credit Card,Web,10,4,0,2,0
TX-104916,2026-06-27 13:42:44.945403,CUST-10465,4.99,France,Credit Card,iOS,16,1,0,13,0
TX-104917,2026-07-26 16:26:44.945403,CUST-10433,19.99,Spain,Carrier Billing,Android,30,5,1,16,0
TX-104918,2026-07-17 23:09:44.945403,CUST-10283,19.99,Germany,Carrier Billing,iOS,4,7,1,23,1
TX-104919,2026-08-24 19:15:44.945403,CUST-10144,4.99,France,Credit Card,Android,23,2,0,19,0
TX-104920,2026-07-29 22:01:44.945403,CUST-10707,2.99,Spain,Mobile Wallet,Web,14,2,1,22,0
TX-104921,2026-08-27 07:41:44.945403,CUST-10568,14.99,France,Carrier Billing,iOS,24,5,0,7,0
TX-104922,2026-09-01 06:02:44.945403,CUST-10411,14.99,Pakistan,Credit Card,Web,7,1,0,6,0
TX-104923,2026-06-13 12:06:44.945403,CUST-10331,14.99,United Kingdom,Mobile Wallet,Web,27,1,1,12,0
TX-104924,2026-09-02 14:26:44.945403,CUST-10520,2.99,United Kingdom,Carrier Billing,iOS,0,4,0,14,0
TX-104925,2026-08-27 06:07:44.945403,CUST-10025,6.99,Pakistan,Mobile Wallet,Web,3,1,1,6,0
TX-104926,2026-09-06 05:22:44.945403,CUST-10727,4.99,France,Mobile Wallet,Web,23,7,0,5,0
TX-104927,2026-09-07 08:48:44.945403,CUST-10108,4.99,Pakistan,Carrier Billing,iOS,22,7,1,8,0
TX-104928,2026-08-31 20:07:44.945403,CUST-10140,19.99,Pakistan,Carrier Billing,iOS,28,7,1,20,1
TX-104929,2026-08-21 11:14:44.945403,CUST-10264,4.99,United Kingdom,Carrier Billing,Android,22,6,0,11,0
TX-104930,2026-06-26 07:12:44.945403,CUST-10052,9.99,France,Mobile Wallet,Web,26,5,1,7,0
TX-104931,2026-08-27 23:20:44.945403,CUST-10176,9.99,Pakistan,Mobile Wallet,Android,0,4,0,23,0
TX-104932,2026-08-27 15:01:44.945403,CUST-10265,19.99,Germany,Credit Card,iOS,30,6,1,15,0
TX-104933,2026-08-30 04:47:44.945403,CUST-10122,9.99,Germany,Credit Card,iOS,27,2,0,4,0
TX-104934,2026-09-09 01:19:44.945403,CUST-10588,14.99,France,Carrier Billing,iOS,7,7,1,1,1
TX-104935,2026-07-18 01:50:44.945403,CUST-10277,6.99,Pakistan,Mobile Wallet,iOS,4,6,0,1,0
TX-104936,2026-06-23 16:55:44.945403,CUST-10787,4.99,Spain,Carrier Billing,iOS,4,5,1,16,0
TX-104937,2026-06-20 09:56:44.945403,CUST-10938,4.99,Germany,Carrier Billing,Android,21,6,1,9,0
TX-104938,2026-07-11 00:53:44.945403,CUST-10557,9.99,Pakistan,Mobile Wallet,Web,0,6,0,0,0
TX-104939,2026-07-10 06:44:44.945403,CUST-10905,2.99,United Kingdom,Carrier Billing,iOS,8,5,0,6,0
TX-104940,2026-07-24 23:37:44.945403,CUST-10527,14.99,France,Mobile Wallet,Web,29,2,0,23,0
TX-104941,2026-08-06 13:16:44.945403,CUST-10392,6.99,Germany,Mobile Wallet,Android,5,6,1,13,0
TX-104942,2026-09-06 11:55:44.945403,CUST-10469,9.99,Spain,Carrier Billing,Android,13,4,0,11,0
TX-104943,2026-07-24 15:17:44.945403,CUST-10348,4.99,France,Carrier Billing,Web,6,6,1,15,0
TX-104944,2026-07-24 15:55:44.945403,CUST-10855,14.99,Pakistan,Carrier Billing,Android,28,1,0,15,0
TX-104945,2026-07-27 02:32:44.945403,CUST-10082,19.99,Pakistan,Credit Card,Android,18,5,1,2,0
TX-104946,2026-06-13 11:15:44.945403,CUST-10136,19.99,Germany,Mobile Wallet,Web,9,5,1,11,0
TX-104947,2026-07-15 01:21:44.945403,CUST-10682,4.99,France,Carrier Billing,Web,9,4,0,1,0
TX-104948,2026-07-01 14:29:44.945403,CUST-10190,4.99,Pakistan,Mobile Wallet,iOS,26,7,1,14,0
TX-104949,2026-08-08 20:24:44.945403,CUST-10051,9.99,Germany,Mobile Wallet,iOS,30,5,1,20,0
TX-104950,2026-08-08 15:09:44.945403,CUST-10139,2.99,Pakistan,Carrier Billing,Web,27,1,1,15,1
TX-104951,2026-07-02 19:59:44.945403,CUST-10521,6.99,Spain,Mobile Wallet,iOS,27,3,1,19,0
TX-104952,2026-06-19 14:04:44.945403,CUST-10657,14.99,Germany,Credit Card,Web,15,6,0,14,0
TX-104953,2026-09-04 19:07:44.945403,CUST-10764,6.99,Spain,Carrier Billing,iOS,6,4,0,19,0
TX-104954,2026-06-23 12:28:44.945403,CUST-10368,9.99,Germany,Credit Card,Android,14,8,1,12,1
TX-104955,2026-08-12 05:53:44.945403,CUST-10347,2.99,Spain,Carrier Billing,Web,25,6,0,5,0
TX-104956,2026-09-05 00:34:44.945403,CUST-10947,6.99,United Kingdom,Credit Card,iOS,1,4,1,0,0
TX-104957,2026-07-02 19:36:44.945403,CUST-10596,9.99,United Kingdom,Credit Card,Web,26,5,0,19,0
TX-104958,2026-06-13 07:04:44.945403,CUST-10776,19.99,France,Credit Card,iOS,28,4,1,7,0
TX-104959,2026-08-22 21:48:44.945403,CUST-10608,6.99,Germany,Credit Card,Android,28,7,0,21,0
TX-104960,2026-06-28 00:38:44.945403,CUST-10538,6.99,Spain,Carrier Billing,Web,20,1,0,0,0
TX-104961,2026-09-04 20:15:44.945403,CUST-10324,6.99,Germany,Carrier Billing,iOS,22,8,1,20,1
TX-104962,2026-09-09 17:00:44.945403,CUST-10455,19.99,Germany,Mobile Wallet,Web,25,2,1,17,0
TX-104963,2026-07-19 13:30:44.945403,CUST-10764,2.99,Spain,Mobile Wallet,iOS,19,5,1,13,0
TX-104964,2026-08-04 04:10:44.945403,CUST-10138,19.99,Pakistan,Carrier Billing,Web,17,6,1,4,0
TX-104965,2026-09-06 14:04:44.945403,CUST-10647,6.99,Pakistan,Carrier Billing,Web,8,8,0,14,0
TX-104966,2026-08-02 19:47:44.945403,CUST-10432,4.99,Germany,Mobile Wallet,Android,16,7,1,19,0
TX-104967,2026-09-07 05:32:44.945403,CUST-10576,14.99,Germany,Mobile Wallet,iOS,18,2,1,5,0
TX-104968,2026-08-08 08:25:44.945403,CUST-10157,4.99,Pakistan,Carrier Billing,Web,22,2,0,8,0
TX-104969,2026-06-20 17:20:44.945403,CUST-10760,6.99,Spain,Mobile Wallet,iOS,21,7,0,17,0
TX-104970,2026-07-10 23:00:44.945403,CUST-10087,6.99,Germany,Credit Card,Web,10,2,1,23,0
TX-104971,2026-08-20 16:32:44.945403,CUST-10772,2.99,United Kingdom,Mobile Wallet,iOS,14,2,0,16,0
TX-104972,2026-06-12 13:50:44.945403,CUST-10001,19.99,France,Mobile Wallet,iOS,16,8,0,13,1
TX-104973,2026-08-10 20:02:44.945403,CUST-10178,9.99,France,Mobile Wallet,Web,18,7,1,20,0
TX-104974,2026-08-10 20:38:44.945403,CUST-10131,14.99,France,Mobile Wallet,Android,27,1,1,20,0
TX-104975,2026-06-23 04:03:44.945403,CUST-10600,9.99,Spain,Mobile Wallet,iOS,2,3,0,4,0
TX-104976,2026-07-05 03:48:44.945403,CUST-10210,4.99,France,Carrier Billing,iOS,14,6,1,3,0
TX-104977,2026-07-27 03:47:44.945403,CUST-10454,4.99,France,Mobile Wallet,Android,12,6,1,3,0
TX-104978,2026-06-30 16:19:44.945403,CUST-10681,2.99,Pakistan,Credit Card,Web,20,8,0,16,0
TX-104979,2026-07-24 15:56:44.945403,CUST-10934,9.99,Pakistan,Mobile Wallet,Web,20,3,0,15,0
TX-104980,2026-07-19 10:36:44.945403,CUST-10087,19.99,United Kingdom,Mobile Wallet,Android,15,5,1,10,0
TX-104981,2026-08-15 07:08:44.945403,CUST-10422,14.99,Germany,Mobile Wallet,iOS,15,3,0,7,0
TX-104982,2026-08-19 04:27:44.945403,CUST-10958,4.99,France,Carrier Billing,iOS,12,7,0,4,0
TX-104983,2026-08-17 18:55:44.945403,CUST-10051,4.99,Spain,Credit Card,Android,12,6,0,18,0
TX-104984,2026-07-11 12:31:44.945403,CUST-10544,9.99,Germany,Credit Card,Android,10,1,1,12,0
TX-104985,2026-08-19 23:11:44.945403,CUST-10095,19.99,Pakistan,Mobile Wallet,iOS,5,4,1,23,0
TX-104986,2026-08-27 10:01:44.945403,CUST-10395,6.99,Germany,Mobile Wallet,Web,30,2,0,10,0
TX-104987,2026-06-19 21:08:44.945403,CUST-10266,14.99,United Kingdom,Carrier Billing,Web,12,4,0,21,0
TX-104988,2026-07-17 19:07:44.945403,CUST-10180,9.99,France,Credit Card,Web,9,5,0,19,0
TX-104989,2026-08-20 05:15:44.945403,CUST-10039,14.99,France,Carrier Billing,Web,19,6,1,5,0
TX-104990,2026-07-18 08:18:44.945403,CUST-10222,2.99,Pakistan,Mobile Wallet,iOS,6,7,0,8,0
TX-104991,2026-06-22 14:34:44.945403,CUST-10811,2.99,France,Mobile Wallet,Android,12,5,0,14,0
TX-104992,2026-07-23 22:29:44.945403,CUST-10891,19.99,Pakistan,Credit Card,Web,3,2,0,22,0
TX-104993,2026-07-14 23:35:44.945403,CUST-10783,4.99,Germany,Mobile Wallet,Web,21,4,1,23,0
TX-104994,2026-06-26 10:15:44.945403,CUST-10494,19.99,Spain,Mobile Wallet,iOS,18,7,1,10,1
TX-104995,2026-08-14 07:05:44.945403,CUST-10062,6.99,France,Credit Card,Web,18,1,1,7,0
TX-104996,2026-06-28 10:26:44.945403,CUST-10710,14.99,United Kingdom,Credit Card,Web,24,2,1,10,0
TX-104997,2026-07-31 20:02:44.945403,CUST-10187,9.99,Pakistan,Carrier Billing,Web,4,4,0,20,0
TX-104998,2026-08-25 23:35:44.945403,CUST-10107,4.99,Spain,Credit Card,Web,18,4,1,23,0
TX-104999,2026-07-20 03:33:44.945403,CUST-10020,4.99,Pakistan,Carrier Billing,iOS,24,5,0,3,0
